[5.747s] DEBUG:colcon:Command line arguments: ['/usr/bin/colcon', 'build', '--symlink-install']
[5.747s] DEBUG:colcon:Parsed command line arguments: Namespace(log_base=None, log_level=None, verb_name='build', build_base='build', install_base='install', merge_install=False, symlink_install=True, test_result_base=None, continue_on_error=False, executor='parallel', parallel_workers=4, event_handlers=None, ignore_user_meta=False, metas=['./colcon.meta'], base_paths=['.'], packages_ignore=None, packages_ignore_regex=None, paths=None, packages_up_to=None, packages_up_to_regex=None, packages_above=None, packages_above_and_dependencies=None, packages_above_depth=None, packages_select_by_dep=None, packages_skip_by_dep=None, packages_skip_up_to=None, packages_select_build_failed=False, packages_skip_build_finished=False, packages_select_test_failures=False, packages_skip_test_passed=False, packages_select=None, packages_skip=None, packages_select_regex=None, packages_skip_regex=None, packages_start=None, packages_end=None, allow_overriding=[], cmake_args=None, cmake_target=None, cmake_target_skip_unavailable=False, cmake_clean_cache=False, cmake_clean_first=False, cmake_force_configure=False, ament_cmake_args=None, catkin_cmake_args=None, catkin_skip_building_tests=False, verb_parser=<colcon_defaults.argument_parser.defaults.DefaultArgumentsDecorator object at 0x75191ff55ff0>, verb_extension=<colcon_core.verb.build.BuildVerb object at 0x75191ff54f40>, main=<bound method BuildVerb.main of <colcon_core.verb.build.BuildVerb object at 0x75191ff54f40>>)
[11.467s] Level 1:colcon.colcon_core.package_discovery:discover_packages(colcon_meta) check parameters
[11.467s] Level 1:colcon.colcon_core.package_discovery:discover_packages(recursive) check parameters
[11.468s] Level 1:colcon.colcon_core.package_discovery:discover_packages(ignore) check parameters
[11.468s] Level 1:colcon.colcon_core.package_discovery:discover_packages(path) check parameters
[11.468s] Level 1:colcon.colcon_core.package_discovery:discover_packages(colcon_meta) discover
[11.468s] Level 1:colcon.colcon_core.package_discovery:discover_packages(recursive) discover
[11.468s] INFO:colcon.colcon_core.package_discovery:Crawling recursively for packages in '/home/nathan/ros2_ws'
[11.469s] Level 1:colcon.colcon_core.package_identification:_identify(.) by extensions ['ignore', 'ignore_ament_install']
[11.469s] Level 1:colcon.colcon_core.package_identification:_identify(.) by extension 'ignore'
[11.469s] Level 1:colcon.colcon_core.package_identification:_identify(.) by extension 'ignore_ament_install'
[11.469s] Level 1:colcon.colcon_core.package_identification:_identify(.) by extensions ['colcon_pkg']
[11.469s] Level 1:colcon.colcon_core.package_identification:_identify(.) by extension 'colcon_pkg'
[11.469s] Level 1:colcon.colcon_core.package_identification:_identify(.) by extensions ['colcon_meta']
[11.469s] Level 1:colcon.colcon_core.package_identification:_identify(.) by extension 'colcon_meta'
[11.469s] Level 1:colcon.colcon_core.package_identification:_identify(.) by extensions ['ros']
[11.469s] Level 1:colcon.colcon_core.package_identification:_identify(.) by extension 'ros'
[11.530s] Level 1:colcon.colcon_core.package_identification:_identify(.) by extensions ['cmake', 'python']
[11.530s] Level 1:colcon.colcon_core.package_identification:_identify(.) by extension 'cmake'
[11.530s] Level 1:colcon.colcon_core.package_identification:_identify(.) by extension 'python'
[11.530s] Level 1:colcon.colcon_core.package_identification:_identify(.) by extensions ['python_setup_py']
[11.530s] Level 1:colcon.colcon_core.package_identification:_identify(.) by extension 'python_setup_py'
[11.531s] Level 1:colcon.colcon_core.package_identification:_identify(build) by extensions ['ignore', 'ignore_ament_install']
[11.531s] Level 1:colcon.colcon_core.package_identification:_identify(build) by extension 'ignore'
[11.531s] Level 1:colcon.colcon_core.package_identification:_identify(build) ignored
[11.531s] Level 1:colcon.colcon_core.package_identification:_identify(install) by extensions ['ignore', 'ignore_ament_install']
[11.531s] Level 1:colcon.colcon_core.package_identification:_identify(install) by extension 'ignore'
[11.531s] Level 1:colcon.colcon_core.package_identification:_identify(install) ignored
[11.531s] Level 1:colcon.colcon_core.package_identification:_identify(log) by extensions ['ignore', 'ignore_ament_install']
[11.531s] Level 1:colcon.colcon_core.package_identification:_identify(log) by extension 'ignore'
[11.531s] Level 1:colcon.colcon_core.package_identification:_identify(log) ignored
[11.531s] Level 1:colcon.colcon_core.package_identification:_identify(src) by extensions ['ignore', 'ignore_ament_install']
[11.532s] Level 1:colcon.colcon_core.package_identification:_identify(src) by extension 'ignore'
[11.532s] Level 1:colcon.colcon_core.package_identification:_identify(src) by extension 'ignore_ament_install'
[11.532s] Level 1:colcon.colcon_core.package_identification:_identify(src) by extensions ['colcon_pkg']
[11.532s] Level 1:colcon.colcon_core.package_identification:_identify(src) by extension 'colcon_pkg'
[11.532s] Level 1:colcon.colcon_core.package_identification:_identify(src) by extensions ['colcon_meta']
[11.532s] Level 1:colcon.colcon_core.package_identification:_identify(src) by extension 'colcon_meta'
[11.532s] Level 1:colcon.colcon_core.package_identification:_identify(src) by extensions ['ros']
[11.532s] Level 1:colcon.colcon_core.package_identification:_identify(src) by extension 'ros'
[11.532s] Level 1:colcon.colcon_core.package_identification:_identify(src) by extensions ['cmake', 'python']
[11.532s] Level 1:colcon.colcon_core.package_identification:_identify(src) by extension 'cmake'
[11.532s] Level 1:colcon.colcon_core.package_identification:_identify(src) by extension 'python'
[11.532s] Level 1:colcon.colcon_core.package_identification:_identify(src) by extensions ['python_setup_py']
[11.532s] Level 1:colcon.colcon_core.package_identification:_identify(src) by extension 'python_setup_py'
[11.532s] Level 1:colcon.colcon_core.package_identification:_identify(src/articubot_one) by extensions ['ignore', 'ignore_ament_install']
[11.532s] Level 1:colcon.colcon_core.package_identification:_identify(src/articubot_one) by extension 'ignore'
[11.533s] Level 1:colcon.colcon_core.package_identification:_identify(src/articubot_one) by extension 'ignore_ament_install'
[11.533s] Level 1:colcon.colcon_core.package_identification:_identify(src/articubot_one) by extensions ['colcon_pkg']
[11.533s] Level 1:colcon.colcon_core.package_identification:_identify(src/articubot_one) by extension 'colcon_pkg'
[11.533s] Level 1:colcon.colcon_core.package_identification:_identify(src/articubot_one) by extensions ['colcon_meta']
[11.533s] Level 1:colcon.colcon_core.package_identification:_identify(src/articubot_one) by extension 'colcon_meta'
[11.533s] Level 1:colcon.colcon_core.package_identification:_identify(src/articubot_one) by extensions ['ros']
[11.533s] Level 1:colcon.colcon_core.package_identification:_identify(src/articubot_one) by extension 'ros'
[11.567s] DEBUG:colcon.colcon_core.package_identification:Package 'src/articubot_one' with type 'ros.ament_cmake' and name 'articubot_one'
[11.567s] Level 1:colcon.colcon_core.package_identification:_identify(src/diffdrive_arduino) by extensions ['ignore', 'ignore_ament_install']
[11.568s] Level 1:colcon.colcon_core.package_identification:_identify(src/diffdrive_arduino) by extension 'ignore'
[11.568s] Level 1:colcon.colcon_core.package_identification:_identify(src/diffdrive_arduino) by extension 'ignore_ament_install'
[11.568s] Level 1:colcon.colcon_core.package_identification:_identify(src/diffdrive_arduino) by extensions ['colcon_pkg']
[11.568s] Level 1:colcon.colcon_core.package_identification:_identify(src/diffdrive_arduino) by extension 'colcon_pkg'
[11.568s] Level 1:colcon.colcon_core.package_identification:_identify(src/diffdrive_arduino) by extensions ['colcon_meta']
[11.568s] Level 1:colcon.colcon_core.package_identification:_identify(src/diffdrive_arduino) by extension 'colcon_meta'
[11.568s] Level 1:colcon.colcon_core.package_identification:_identify(src/diffdrive_arduino) by extensions ['ros']
[11.568s] Level 1:colcon.colcon_core.package_identification:_identify(src/diffdrive_arduino) by extension 'ros'
[11.591s] DEBUG:colcon.colcon_core.package_identification:Package 'src/diffdrive_arduino' with type 'ros.ament_cmake' and name 'diffdrive_arduino'
[11.592s] Level 1:colcon.colcon_core.package_identification:_identify(src/dojo) by extensions ['ignore', 'ignore_ament_install']
[11.592s] Level 1:colcon.colcon_core.package_identification:_identify(src/dojo) by extension 'ignore'
[11.592s] Level 1:colcon.colcon_core.package_identification:_identify(src/dojo) by extension 'ignore_ament_install'
[11.593s] Level 1:colcon.colcon_core.package_identification:_identify(src/dojo) by extensions ['colcon_pkg']
[11.593s] Level 1:colcon.colcon_core.package_identification:_identify(src/dojo) by extension 'colcon_pkg'
[11.593s] Level 1:colcon.colcon_core.package_identification:_identify(src/dojo) by extensions ['colcon_meta']
[11.593s] Level 1:colcon.colcon_core.package_identification:_identify(src/dojo) by extension 'colcon_meta'
[11.593s] Level 1:colcon.colcon_core.package_identification:_identify(src/dojo) by extensions ['ros']
[11.593s] Level 1:colcon.colcon_core.package_identification:_identify(src/dojo) by extension 'ros'
[11.595s] DEBUG:colcon.colcon_core.package_identification:Package 'src/dojo' with type 'ros.ament_cmake' and name 'dojo'
[11.595s] Level 1:colcon.colcon_core.package_identification:_identify(src/gazebo_ignition_fortress) by extensions ['ignore', 'ignore_ament_install']
[11.596s] Level 1:colcon.colcon_core.package_identification:_identify(src/gazebo_ignition_fortress) by extension 'ignore'
[11.596s] Level 1:colcon.colcon_core.package_identification:_identify(src/gazebo_ignition_fortress) by extension 'ignore_ament_install'
[11.596s] Level 1:colcon.colcon_core.package_identification:_identify(src/gazebo_ignition_fortress) by extensions ['colcon_pkg']
[11.596s] Level 1:colcon.colcon_core.package_identification:_identify(src/gazebo_ignition_fortress) by extension 'colcon_pkg'
[11.597s] Level 1:colcon.colcon_core.package_identification:_identify(src/gazebo_ignition_fortress) by extensions ['colcon_meta']
[11.597s] Level 1:colcon.colcon_core.package_identification:_identify(src/gazebo_ignition_fortress) by extension 'colcon_meta'
[11.597s] Level 1:colcon.colcon_core.package_identification:_identify(src/gazebo_ignition_fortress) by extensions ['ros']
[11.597s] Level 1:colcon.colcon_core.package_identification:_identify(src/gazebo_ignition_fortress) by extension 'ros'
[11.598s] Level 1:colcon.colcon_core.package_identification:_identify(src/gazebo_ignition_fortress) by extensions ['cmake', 'python']
[11.598s] Level 1:colcon.colcon_core.package_identification:_identify(src/gazebo_ignition_fortress) by extension 'cmake'
[11.598s] Level 1:colcon.colcon_core.package_identification:_identify(src/gazebo_ignition_fortress) by extension 'python'
[11.598s] Level 1:colcon.colcon_core.package_identification:_identify(src/gazebo_ignition_fortress) by extensions ['python_setup_py']
[11.598s] Level 1:colcon.colcon_core.package_identification:_identify(src/gazebo_ignition_fortress) by extension 'python_setup_py'
[11.598s] Level 1:colcon.colcon_core.package_identification:_identify(src/gazebo_ignition_fortress/images) by extensions ['ignore', 'ignore_ament_install']
[11.599s] Level 1:colcon.colcon_core.package_identification:_identify(src/gazebo_ignition_fortress/images) by extension 'ignore'
[11.599s] Level 1:colcon.colcon_core.package_identification:_identify(src/gazebo_ignition_fortress/images) by extension 'ignore_ament_install'
[11.599s] Level 1:colcon.colcon_core.package_identification:_identify(src/gazebo_ignition_fortress/images) by extensions ['colcon_pkg']
[11.599s] Level 1:colcon.colcon_core.package_identification:_identify(src/gazebo_ignition_fortress/images) by extension 'colcon_pkg'
[11.599s] Level 1:colcon.colcon_core.package_identification:_identify(src/gazebo_ignition_fortress/images) by extensions ['colcon_meta']
[11.599s] Level 1:colcon.colcon_core.package_identification:_identify(src/gazebo_ignition_fortress/images) by extension 'colcon_meta'
[11.599s] Level 1:colcon.colcon_core.package_identification:_identify(src/gazebo_ignition_fortress/images) by extensions ['ros']
[11.599s] Level 1:colcon.colcon_core.package_identification:_identify(src/gazebo_ignition_fortress/images) by extension 'ros'
[11.599s] Level 1:colcon.colcon_core.package_identification:_identify(src/gazebo_ignition_fortress/images) by extensions ['cmake', 'python']
[11.599s] Level 1:colcon.colcon_core.package_identification:_identify(src/gazebo_ignition_fortress/images) by extension 'cmake'
[11.599s] Level 1:colcon.colcon_core.package_identification:_identify(src/gazebo_ignition_fortress/images) by extension 'python'
[11.599s] Level 1:colcon.colcon_core.package_identification:_identify(src/gazebo_ignition_fortress/images) by extensions ['python_setup_py']
[11.599s] Level 1:colcon.colcon_core.package_identification:_identify(src/gazebo_ignition_fortress/images) by extension 'python_setup_py'
[11.600s] Level 1:colcon.colcon_core.package_identification:_identify(src/gazebo_ignition_fortress/sample_map) by extensions ['ignore', 'ignore_ament_install']
[11.600s] Level 1:colcon.colcon_core.package_identification:_identify(src/gazebo_ignition_fortress/sample_map) by extension 'ignore'
[11.600s] Level 1:colcon.colcon_core.package_identification:_identify(src/gazebo_ignition_fortress/sample_map) by extension 'ignore_ament_install'
[11.600s] Level 1:colcon.colcon_core.package_identification:_identify(src/gazebo_ignition_fortress/sample_map) by extensions ['colcon_pkg']
[11.600s] Level 1:colcon.colcon_core.package_identification:_identify(src/gazebo_ignition_fortress/sample_map) by extension 'colcon_pkg'
[11.600s] Level 1:colcon.colcon_core.package_identification:_identify(src/gazebo_ignition_fortress/sample_map) by extensions ['colcon_meta']
[11.600s] Level 1:colcon.colcon_core.package_identification:_identify(src/gazebo_ignition_fortress/sample_map) by extension 'colcon_meta'
[11.600s] Level 1:colcon.colcon_core.package_identification:_identify(src/gazebo_ignition_fortress/sample_map) by extensions ['ros']
[11.600s] Level 1:colcon.colcon_core.package_identification:_identify(src/gazebo_ignition_fortress/sample_map) by extension 'ros'
[11.600s] Level 1:colcon.colcon_core.package_identification:_identify(src/gazebo_ignition_fortress/sample_map) by extensions ['cmake', 'python']
[11.600s] Level 1:colcon.colcon_core.package_identification:_identify(src/gazebo_ignition_fortress/sample_map) by extension 'cmake'
[11.600s] Level 1:colcon.colcon_core.package_identification:_identify(src/gazebo_ignition_fortress/sample_map) by extension 'python'
[11.600s] Level 1:colcon.colcon_core.package_identification:_identify(src/gazebo_ignition_fortress/sample_map) by extensions ['python_setup_py']
[11.600s] Level 1:colcon.colcon_core.package_identification:_identify(src/gazebo_ignition_fortress/sample_map) by extension 'python_setup_py'
[11.601s] Level 1:colcon.colcon_core.package_identification:_identify(src/gazebo_ignition_fortress/src) by extensions ['ignore', 'ignore_ament_install']
[11.601s] Level 1:colcon.colcon_core.package_identification:_identify(src/gazebo_ignition_fortress/src) by extension 'ignore'
[11.601s] Level 1:colcon.colcon_core.package_identification:_identify(src/gazebo_ignition_fortress/src) by extension 'ignore_ament_install'
[11.601s] Level 1:colcon.colcon_core.package_identification:_identify(src/gazebo_ignition_fortress/src) by extensions ['colcon_pkg']
[11.601s] Level 1:colcon.colcon_core.package_identification:_identify(src/gazebo_ignition_fortress/src) by extension 'colcon_pkg'
[11.601s] Level 1:colcon.colcon_core.package_identification:_identify(src/gazebo_ignition_fortress/src) by extensions ['colcon_meta']
[11.601s] Level 1:colcon.colcon_core.package_identification:_identify(src/gazebo_ignition_fortress/src) by extension 'colcon_meta'
[11.601s] Level 1:colcon.colcon_core.package_identification:_identify(src/gazebo_ignition_fortress/src) by extensions ['ros']
[11.601s] Level 1:colcon.colcon_core.package_identification:_identify(src/gazebo_ignition_fortress/src) by extension 'ros'
[11.601s] Level 1:colcon.colcon_core.package_identification:_identify(src/gazebo_ignition_fortress/src) by extensions ['cmake', 'python']
[11.601s] Level 1:colcon.colcon_core.package_identification:_identify(src/gazebo_ignition_fortress/src) by extension 'cmake'
[11.601s] Level 1:colcon.colcon_core.package_identification:_identify(src/gazebo_ignition_fortress/src) by extension 'python'
[11.601s] Level 1:colcon.colcon_core.package_identification:_identify(src/gazebo_ignition_fortress/src) by extensions ['python_setup_py']
[11.601s] Level 1:colcon.colcon_core.package_identification:_identify(src/gazebo_ignition_fortress/src) by extension 'python_setup_py'
[11.602s] Level 1:colcon.colcon_core.package_identification:_identify(src/gazebo_ignition_fortress/src/ppp_bot) by extensions ['ignore', 'ignore_ament_install']
[11.602s] Level 1:colcon.colcon_core.package_identification:_identify(src/gazebo_ignition_fortress/src/ppp_bot) by extension 'ignore'
[11.602s] Level 1:colcon.colcon_core.package_identification:_identify(src/gazebo_ignition_fortress/src/ppp_bot) by extension 'ignore_ament_install'
[11.602s] Level 1:colcon.colcon_core.package_identification:_identify(src/gazebo_ignition_fortress/src/ppp_bot) by extensions ['colcon_pkg']
[11.602s] Level 1:colcon.colcon_core.package_identification:_identify(src/gazebo_ignition_fortress/src/ppp_bot) by extension 'colcon_pkg'
[11.602s] Level 1:colcon.colcon_core.package_identification:_identify(src/gazebo_ignition_fortress/src/ppp_bot) by extensions ['colcon_meta']
[11.602s] Level 1:colcon.colcon_core.package_identification:_identify(src/gazebo_ignition_fortress/src/ppp_bot) by extension 'colcon_meta'
[11.602s] Level 1:colcon.colcon_core.package_identification:_identify(src/gazebo_ignition_fortress/src/ppp_bot) by extensions ['ros']
[11.602s] Level 1:colcon.colcon_core.package_identification:_identify(src/gazebo_ignition_fortress/src/ppp_bot) by extension 'ros'
[11.614s] DEBUG:colcon.colcon_core.package_identification:Package 'src/gazebo_ignition_fortress/src/ppp_bot' with type 'ros.ament_cmake' and name 'ppp_bot'
[11.614s] Level 1:colcon.colcon_core.package_identification:_identify(src/gazebo_ignition_fortress/test_folder) by extensions ['ignore', 'ignore_ament_install']
[11.614s] Level 1:colcon.colcon_core.package_identification:_identify(src/gazebo_ignition_fortress/test_folder) by extension 'ignore'
[11.614s] Level 1:colcon.colcon_core.package_identification:_identify(src/gazebo_ignition_fortress/test_folder) by extension 'ignore_ament_install'
[11.614s] Level 1:colcon.colcon_core.package_identification:_identify(src/gazebo_ignition_fortress/test_folder) by extensions ['colcon_pkg']
[11.614s] Level 1:colcon.colcon_core.package_identification:_identify(src/gazebo_ignition_fortress/test_folder) by extension 'colcon_pkg'
[11.615s] Level 1:colcon.colcon_core.package_identification:_identify(src/gazebo_ignition_fortress/test_folder) by extensions ['colcon_meta']
[11.615s] Level 1:colcon.colcon_core.package_identification:_identify(src/gazebo_ignition_fortress/test_folder) by extension 'colcon_meta'
[11.615s] Level 1:colcon.colcon_core.package_identification:_identify(src/gazebo_ignition_fortress/test_folder) by extensions ['ros']
[11.615s] Level 1:colcon.colcon_core.package_identification:_identify(src/gazebo_ignition_fortress/test_folder) by extension 'ros'
[11.615s] Level 1:colcon.colcon_core.package_identification:_identify(src/gazebo_ignition_fortress/test_folder) by extensions ['cmake', 'python']
[11.615s] Level 1:colcon.colcon_core.package_identification:_identify(src/gazebo_ignition_fortress/test_folder) by extension 'cmake'
[11.615s] Level 1:colcon.colcon_core.package_identification:_identify(src/gazebo_ignition_fortress/test_folder) by extension 'python'
[11.615s] Level 1:colcon.colcon_core.package_identification:_identify(src/gazebo_ignition_fortress/test_folder) by extensions ['python_setup_py']
[11.615s] Level 1:colcon.colcon_core.package_identification:_identify(src/gazebo_ignition_fortress/test_folder) by extension 'python_setup_py'
[11.615s] Level 1:colcon.colcon_core.package_identification:_identify(src/image_processor) by extensions ['ignore', 'ignore_ament_install']
[11.615s] Level 1:colcon.colcon_core.package_identification:_identify(src/image_processor) by extension 'ignore'
[11.615s] Level 1:colcon.colcon_core.package_identification:_identify(src/image_processor) by extension 'ignore_ament_install'
[11.615s] Level 1:colcon.colcon_core.package_identification:_identify(src/image_processor) by extensions ['colcon_pkg']
[11.615s] Level 1:colcon.colcon_core.package_identification:_identify(src/image_processor) by extension 'colcon_pkg'
[11.615s] Level 1:colcon.colcon_core.package_identification:_identify(src/image_processor) by extensions ['colcon_meta']
[11.615s] Level 1:colcon.colcon_core.package_identification:_identify(src/image_processor) by extension 'colcon_meta'
[11.616s] Level 1:colcon.colcon_core.package_identification:_identify(src/image_processor) by extensions ['ros']
[11.616s] Level 1:colcon.colcon_core.package_identification:_identify(src/image_processor) by extension 'ros'
[11.626s] DEBUG:colcon.colcon_core.package_identification:Package 'src/image_processor' with type 'ros.ament_python' and name 'image_processor'
[11.626s] Level 1:colcon.colcon_core.package_identification:_identify(src/joy_tester) by extensions ['ignore', 'ignore_ament_install']
[11.627s] Level 1:colcon.colcon_core.package_identification:_identify(src/joy_tester) by extension 'ignore'
[11.627s] Level 1:colcon.colcon_core.package_identification:_identify(src/joy_tester) by extension 'ignore_ament_install'
[11.627s] Level 1:colcon.colcon_core.package_identification:_identify(src/joy_tester) by extensions ['colcon_pkg']
[11.627s] Level 1:colcon.colcon_core.package_identification:_identify(src/joy_tester) by extension 'colcon_pkg'
[11.627s] Level 1:colcon.colcon_core.package_identification:_identify(src/joy_tester) by extensions ['colcon_meta']
[11.627s] Level 1:colcon.colcon_core.package_identification:_identify(src/joy_tester) by extension 'colcon_meta'
[11.628s] Level 1:colcon.colcon_core.package_identification:_identify(src/joy_tester) by extensions ['ros']
[11.628s] Level 1:colcon.colcon_core.package_identification:_identify(src/joy_tester) by extension 'ros'
[11.629s] DEBUG:colcon.colcon_core.package_identification:Package 'src/joy_tester' with type 'ros.ament_python' and name 'joy_tester'
[11.629s] Level 1:colcon.colcon_core.package_identification:_identify(src/opennav_coverage) by extensions ['ignore', 'ignore_ament_install']
[11.629s] Level 1:colcon.colcon_core.package_identification:_identify(src/opennav_coverage) by extension 'ignore'
[11.629s] Level 1:colcon.colcon_core.package_identification:_identify(src/opennav_coverage) by extension 'ignore_ament_install'
[11.629s] Level 1:colcon.colcon_core.package_identification:_identify(src/opennav_coverage) by extensions ['colcon_pkg']
[11.629s] Level 1:colcon.colcon_core.package_identification:_identify(src/opennav_coverage) by extension 'colcon_pkg'
[11.629s] Level 1:colcon.colcon_core.package_identification:_identify(src/opennav_coverage) by extensions ['colcon_meta']
[11.629s] Level 1:colcon.colcon_core.package_identification:_identify(src/opennav_coverage) by extension 'colcon_meta'
[11.629s] Level 1:colcon.colcon_core.package_identification:_identify(src/opennav_coverage) by extensions ['ros']
[11.629s] Level 1:colcon.colcon_core.package_identification:_identify(src/opennav_coverage) by extension 'ros'
[11.629s] Level 1:colcon.colcon_core.package_identification:_identify(src/opennav_coverage) by extensions ['cmake', 'python']
[11.629s] Level 1:colcon.colcon_core.package_identification:_identify(src/opennav_coverage) by extension 'cmake'
[11.630s] Level 1:colcon.colcon_core.package_identification:_identify(src/opennav_coverage) by extension 'python'
[11.630s] Level 1:colcon.colcon_core.package_identification:_identify(src/opennav_coverage) by extensions ['python_setup_py']
[11.630s] Level 1:colcon.colcon_core.package_identification:_identify(src/opennav_coverage) by extension 'python_setup_py'
[11.630s] Level 1:colcon.colcon_core.package_identification:_identify(src/opennav_coverage/opennav_coverage) by extensions ['ignore', 'ignore_ament_install']
[11.630s] Level 1:colcon.colcon_core.package_identification:_identify(src/opennav_coverage/opennav_coverage) by extension 'ignore'
[11.630s] Level 1:colcon.colcon_core.package_identification:_identify(src/opennav_coverage/opennav_coverage) by extension 'ignore_ament_install'
[11.630s] Level 1:colcon.colcon_core.package_identification:_identify(src/opennav_coverage/opennav_coverage) by extensions ['colcon_pkg']
[11.630s] Level 1:colcon.colcon_core.package_identification:_identify(src/opennav_coverage/opennav_coverage) by extension 'colcon_pkg'
[11.630s] Level 1:colcon.colcon_core.package_identification:_identify(src/opennav_coverage/opennav_coverage) by extensions ['colcon_meta']
[11.630s] Level 1:colcon.colcon_core.package_identification:_identify(src/opennav_coverage/opennav_coverage) by extension 'colcon_meta'
[11.630s] Level 1:colcon.colcon_core.package_identification:_identify(src/opennav_coverage/opennav_coverage) by extensions ['ros']
[11.630s] Level 1:colcon.colcon_core.package_identification:_identify(src/opennav_coverage/opennav_coverage) by extension 'ros'
[11.632s] DEBUG:colcon.colcon_core.package_identification:Package 'src/opennav_coverage/opennav_coverage' with type 'ros.ament_cmake' and name 'opennav_coverage'
[11.632s] Level 1:colcon.colcon_core.package_identification:_identify(src/opennav_coverage/opennav_coverage_bt) by extensions ['ignore', 'ignore_ament_install']
[11.632s] Level 1:colcon.colcon_core.package_identification:_identify(src/opennav_coverage/opennav_coverage_bt) by extension 'ignore'
[11.633s] Level 1:colcon.colcon_core.package_identification:_identify(src/opennav_coverage/opennav_coverage_bt) by extension 'ignore_ament_install'
[11.633s] Level 1:colcon.colcon_core.package_identification:_identify(src/opennav_coverage/opennav_coverage_bt) by extensions ['colcon_pkg']
[11.633s] Level 1:colcon.colcon_core.package_identification:_identify(src/opennav_coverage/opennav_coverage_bt) by extension 'colcon_pkg'
[11.633s] Level 1:colcon.colcon_core.package_identification:_identify(src/opennav_coverage/opennav_coverage_bt) by extensions ['colcon_meta']
[11.633s] Level 1:colcon.colcon_core.package_identification:_identify(src/opennav_coverage/opennav_coverage_bt) by extension 'colcon_meta'
[11.633s] Level 1:colcon.colcon_core.package_identification:_identify(src/opennav_coverage/opennav_coverage_bt) by extensions ['ros']
[11.633s] Level 1:colcon.colcon_core.package_identification:_identify(src/opennav_coverage/opennav_coverage_bt) by extension 'ros'
[11.636s] DEBUG:colcon.colcon_core.package_identification:Package 'src/opennav_coverage/opennav_coverage_bt' with type 'ros.ament_cmake' and name 'opennav_coverage_bt'
[11.637s] Level 1:colcon.colcon_core.package_identification:_identify(src/opennav_coverage/opennav_coverage_demo) by extensions ['ignore', 'ignore_ament_install']
[11.637s] Level 1:colcon.colcon_core.package_identification:_identify(src/opennav_coverage/opennav_coverage_demo) by extension 'ignore'
[11.637s] Level 1:colcon.colcon_core.package_identification:_identify(src/opennav_coverage/opennav_coverage_demo) by extension 'ignore_ament_install'
[11.637s] Level 1:colcon.colcon_core.package_identification:_identify(src/opennav_coverage/opennav_coverage_demo) by extensions ['colcon_pkg']
[11.637s] Level 1:colcon.colcon_core.package_identification:_identify(src/opennav_coverage/opennav_coverage_demo) by extension 'colcon_pkg'
[11.637s] Level 1:colcon.colcon_core.package_identification:_identify(src/opennav_coverage/opennav_coverage_demo) by extensions ['colcon_meta']
[11.637s] Level 1:colcon.colcon_core.package_identification:_identify(src/opennav_coverage/opennav_coverage_demo) by extension 'colcon_meta'
[11.637s] Level 1:colcon.colcon_core.package_identification:_identify(src/opennav_coverage/opennav_coverage_demo) by extensions ['ros']
[11.637s] Level 1:colcon.colcon_core.package_identification:_identify(src/opennav_coverage/opennav_coverage_demo) by extension 'ros'
[11.639s] DEBUG:colcon.colcon_core.package_identification:Package 'src/opennav_coverage/opennav_coverage_demo' with type 'ros.ament_python' and name 'opennav_coverage_demo'
[11.640s] Level 1:colcon.colcon_core.package_identification:_identify(src/opennav_coverage/opennav_coverage_msgs) by extensions ['ignore', 'ignore_ament_install']
[11.640s] Level 1:colcon.colcon_core.package_identification:_identify(src/opennav_coverage/opennav_coverage_msgs) by extension 'ignore'
[11.640s] Level 1:colcon.colcon_core.package_identification:_identify(src/opennav_coverage/opennav_coverage_msgs) by extension 'ignore_ament_install'
[11.640s] Level 1:colcon.colcon_core.package_identification:_identify(src/opennav_coverage/opennav_coverage_msgs) by extensions ['colcon_pkg']
[11.640s] Level 1:colcon.colcon_core.package_identification:_identify(src/opennav_coverage/opennav_coverage_msgs) by extension 'colcon_pkg'
[11.640s] Level 1:colcon.colcon_core.package_identification:_identify(src/opennav_coverage/opennav_coverage_msgs) by extensions ['colcon_meta']
[11.640s] Level 1:colcon.colcon_core.package_identification:_identify(src/opennav_coverage/opennav_coverage_msgs) by extension 'colcon_meta'
[11.641s] Level 1:colcon.colcon_core.package_identification:_identify(src/opennav_coverage/opennav_coverage_msgs) by extensions ['ros']
[11.641s] Level 1:colcon.colcon_core.package_identification:_identify(src/opennav_coverage/opennav_coverage_msgs) by extension 'ros'
[11.643s] DEBUG:colcon.colcon_core.package_identification:Package 'src/opennav_coverage/opennav_coverage_msgs' with type 'ros.ament_cmake' and name 'opennav_coverage_msgs'
[11.643s] Level 1:colcon.colcon_core.package_identification:_identify(src/opennav_coverage/opennav_coverage_navigator) by extensions ['ignore', 'ignore_ament_install']
[11.644s] Level 1:colcon.colcon_core.package_identification:_identify(src/opennav_coverage/opennav_coverage_navigator) by extension 'ignore'
[11.644s] Level 1:colcon.colcon_core.package_identification:_identify(src/opennav_coverage/opennav_coverage_navigator) by extension 'ignore_ament_install'
[11.644s] Level 1:colcon.colcon_core.package_identification:_identify(src/opennav_coverage/opennav_coverage_navigator) by extensions ['colcon_pkg']
[11.644s] Level 1:colcon.colcon_core.package_identification:_identify(src/opennav_coverage/opennav_coverage_navigator) by extension 'colcon_pkg'
[11.644s] Level 1:colcon.colcon_core.package_identification:_identify(src/opennav_coverage/opennav_coverage_navigator) by extensions ['colcon_meta']
[11.644s] Level 1:colcon.colcon_core.package_identification:_identify(src/opennav_coverage/opennav_coverage_navigator) by extension 'colcon_meta'
[11.644s] Level 1:colcon.colcon_core.package_identification:_identify(src/opennav_coverage/opennav_coverage_navigator) by extensions ['ros']
[11.644s] Level 1:colcon.colcon_core.package_identification:_identify(src/opennav_coverage/opennav_coverage_navigator) by extension 'ros'
[11.647s] DEBUG:colcon.colcon_core.package_identification:Package 'src/opennav_coverage/opennav_coverage_navigator' with type 'ros.ament_cmake' and name 'opennav_coverage_navigator'
[11.647s] Level 1:colcon.colcon_core.package_identification:_identify(src/opennav_coverage/opennav_row_coverage) by extensions ['ignore', 'ignore_ament_install']
[11.647s] Level 1:colcon.colcon_core.package_identification:_identify(src/opennav_coverage/opennav_row_coverage) by extension 'ignore'
[11.647s] Level 1:colcon.colcon_core.package_identification:_identify(src/opennav_coverage/opennav_row_coverage) by extension 'ignore_ament_install'
[11.648s] Level 1:colcon.colcon_core.package_identification:_identify(src/opennav_coverage/opennav_row_coverage) by extensions ['colcon_pkg']
[11.648s] Level 1:colcon.colcon_core.package_identification:_identify(src/opennav_coverage/opennav_row_coverage) by extension 'colcon_pkg'
[11.648s] Level 1:colcon.colcon_core.package_identification:_identify(src/opennav_coverage/opennav_row_coverage) by extensions ['colcon_meta']
[11.648s] Level 1:colcon.colcon_core.package_identification:_identify(src/opennav_coverage/opennav_row_coverage) by extension 'colcon_meta'
[11.648s] Level 1:colcon.colcon_core.package_identification:_identify(src/opennav_coverage/opennav_row_coverage) by extensions ['ros']
[11.648s] Level 1:colcon.colcon_core.package_identification:_identify(src/opennav_coverage/opennav_row_coverage) by extension 'ros'
[11.650s] DEBUG:colcon.colcon_core.package_identification:Package 'src/opennav_coverage/opennav_row_coverage' with type 'ros.ament_cmake' and name 'opennav_row_coverage'
[11.650s] Level 1:colcon.colcon_core.package_identification:_identify(src/sllidar_ros2) by extensions ['ignore', 'ignore_ament_install']
[11.650s] Level 1:colcon.colcon_core.package_identification:_identify(src/sllidar_ros2) by extension 'ignore'
[11.650s] Level 1:colcon.colcon_core.package_identification:_identify(src/sllidar_ros2) by extension 'ignore_ament_install'
[11.650s] Level 1:colcon.colcon_core.package_identification:_identify(src/sllidar_ros2) by extensions ['colcon_pkg']
[11.650s] Level 1:colcon.colcon_core.package_identification:_identify(src/sllidar_ros2) by extension 'colcon_pkg'
[11.650s] Level 1:colcon.colcon_core.package_identification:_identify(src/sllidar_ros2) by extensions ['colcon_meta']
[11.650s] Level 1:colcon.colcon_core.package_identification:_identify(src/sllidar_ros2) by extension 'colcon_meta'
[11.650s] Level 1:colcon.colcon_core.package_identification:_identify(src/sllidar_ros2) by extensions ['ros']
[11.650s] Level 1:colcon.colcon_core.package_identification:_identify(src/sllidar_ros2) by extension 'ros'
[11.651s] DEBUG:colcon.colcon_core.package_identification:Package 'src/sllidar_ros2' with type 'ros.ament_cmake' and name 'sllidar_ros2'
[11.651s] Level 1:colcon.colcon_core.package_discovery:discover_packages(recursive) using defaults
[11.651s] Level 1:colcon.colcon_core.package_discovery:discover_packages(ignore) discover
[11.652s] Level 1:colcon.colcon_core.package_discovery:discover_packages(ignore) using defaults
[11.652s] Level 1:colcon.colcon_core.package_discovery:discover_packages(path) discover
[11.652s] Level 1:colcon.colcon_core.package_discovery:discover_packages(path) using defaults
[12.092s] Level 1:colcon.colcon_core.package_discovery:discover_packages(prefix_path) check parameters
[12.092s] Level 1:colcon.colcon_core.package_discovery:discover_packages(prefix_path) discover
[12.122s] DEBUG:colcon.colcon_installed_package_information.package_discovery:Found 7 installed packages in /home/nathan/ros2_ws/install
[12.129s] DEBUG:colcon.colcon_installed_package_information.package_discovery:Found 371 installed packages in /opt/ros/humble
[12.134s] Level 1:colcon.colcon_core.package_discovery:discover_packages(prefix_path) using defaults
[12.372s] Level 5:colcon.colcon_core.verb:set package 'articubot_one' build argument 'cmake_args' from command line to 'None'
[12.372s] Level 5:colcon.colcon_core.verb:set package 'articubot_one' build argument 'cmake_target' from command line to 'None'
[12.372s] Level 5:colcon.colcon_core.verb:set package 'articubot_one' build argument 'cmake_target_skip_unavailable' from command line to 'False'
[12.372s] Level 5:colcon.colcon_core.verb:set package 'articubot_one' build argument 'cmake_clean_cache' from command line to 'False'
[12.372s] Level 5:colcon.colcon_core.verb:set package 'articubot_one' build argument 'cmake_clean_first' from command line to 'False'
[12.372s] Level 5:colcon.colcon_core.verb:set package 'articubot_one' build argument 'cmake_force_configure' from command line to 'False'
[12.372s] Level 5:colcon.colcon_core.verb:set package 'articubot_one' build argument 'ament_cmake_args' from command line to 'None'
[12.372s] Level 5:colcon.colcon_core.verb:set package 'articubot_one' build argument 'catkin_cmake_args' from command line to 'None'
[12.372s] Level 5:colcon.colcon_core.verb:set package 'articubot_one' build argument 'catkin_skip_building_tests' from command line to 'False'
[12.372s] DEBUG:colcon.colcon_core.verb:Building package 'articubot_one' with the following arguments: {'ament_cmake_args': None, 'build_base': '/home/nathan/ros2_ws/build/articubot_one', 'catkin_cmake_args': None, 'catkin_skip_building_tests': False, 'cmake_args': None, 'cmake_clean_cache': False, 'cmake_clean_first': False, 'cmake_force_configure': False, 'cmake_target': None, 'cmake_target_skip_unavailable': False, 'install_base': '/home/nathan/ros2_ws/install/articubot_one', 'merge_install': False, 'path': '/home/nathan/ros2_ws/src/articubot_one', 'symlink_install': True, 'test_result_base': None}
[12.373s] Level 5:colcon.colcon_core.verb:set package 'diffdrive_arduino' build argument 'cmake_args' from command line to 'None'
[12.373s] Level 5:colcon.colcon_core.verb:set package 'diffdrive_arduino' build argument 'cmake_target' from command line to 'None'
[12.373s] Level 5:colcon.colcon_core.verb:set package 'diffdrive_arduino' build argument 'cmake_target_skip_unavailable' from command line to 'False'
[12.373s] Level 5:colcon.colcon_core.verb:set package 'diffdrive_arduino' build argument 'cmake_clean_cache' from command line to 'False'
[12.373s] Level 5:colcon.colcon_core.verb:set package 'diffdrive_arduino' build argument 'cmake_clean_first' from command line to 'False'
[12.373s] Level 5:colcon.colcon_core.verb:set package 'diffdrive_arduino' build argument 'cmake_force_configure' from command line to 'False'
[12.373s] Level 5:colcon.colcon_core.verb:set package 'diffdrive_arduino' build argument 'ament_cmake_args' from command line to 'None'
[12.373s] Level 5:colcon.colcon_core.verb:set package 'diffdrive_arduino' build argument 'catkin_cmake_args' from command line to 'None'
[12.373s] Level 5:colcon.colcon_core.verb:set package 'diffdrive_arduino' build argument 'catkin_skip_building_tests' from command line to 'False'
[12.373s] DEBUG:colcon.colcon_core.verb:Building package 'diffdrive_arduino' with the following arguments: {'ament_cmake_args': None, 'build_base': '/home/nathan/ros2_ws/build/diffdrive_arduino', 'catkin_cmake_args': None, 'catkin_skip_building_tests': False, 'cmake_args': None, 'cmake_clean_cache': False, 'cmake_clean_first': False, 'cmake_force_configure': False, 'cmake_target': None, 'cmake_target_skip_unavailable': False, 'install_base': '/home/nathan/ros2_ws/install/diffdrive_arduino', 'merge_install': False, 'path': '/home/nathan/ros2_ws/src/diffdrive_arduino', 'symlink_install': True, 'test_result_base': None}
[12.374s] Level 5:colcon.colcon_core.verb:set package 'dojo' build argument 'cmake_args' from command line to 'None'
[12.374s] Level 5:colcon.colcon_core.verb:set package 'dojo' build argument 'cmake_target' from command line to 'None'
[12.374s] Level 5:colcon.colcon_core.verb:set package 'dojo' build argument 'cmake_target_skip_unavailable' from command line to 'False'
[12.374s] Level 5:colcon.colcon_core.verb:set package 'dojo' build argument 'cmake_clean_cache' from command line to 'False'
[12.374s] Level 5:colcon.colcon_core.verb:set package 'dojo' build argument 'cmake_clean_first' from command line to 'False'
[12.374s] Level 5:colcon.colcon_core.verb:set package 'dojo' build argument 'cmake_force_configure' from command line to 'False'
[12.374s] Level 5:colcon.colcon_core.verb:set package 'dojo' build argument 'ament_cmake_args' from command line to 'None'
[12.374s] Level 5:colcon.colcon_core.verb:set package 'dojo' build argument 'catkin_cmake_args' from command line to 'None'
[12.374s] Level 5:colcon.colcon_core.verb:set package 'dojo' build argument 'catkin_skip_building_tests' from command line to 'False'
[12.374s] DEBUG:colcon.colcon_core.verb:Building package 'dojo' with the following arguments: {'ament_cmake_args': None, 'build_base': '/home/nathan/ros2_ws/build/dojo', 'catkin_cmake_args': None, 'catkin_skip_building_tests': False, 'cmake_args': None, 'cmake_clean_cache': False, 'cmake_clean_first': False, 'cmake_force_configure': False, 'cmake_target': None, 'cmake_target_skip_unavailable': False, 'install_base': '/home/nathan/ros2_ws/install/dojo', 'merge_install': False, 'path': '/home/nathan/ros2_ws/src/dojo', 'symlink_install': True, 'test_result_base': None}
[12.374s] Level 5:colcon.colcon_core.verb:set package 'image_processor' build argument 'cmake_args' from command line to 'None'
[12.374s] Level 5:colcon.colcon_core.verb:set package 'image_processor' build argument 'cmake_target' from command line to 'None'
[12.375s] Level 5:colcon.colcon_core.verb:set package 'image_processor' build argument 'cmake_target_skip_unavailable' from command line to 'False'
[12.375s] Level 5:colcon.colcon_core.verb:set package 'image_processor' build argument 'cmake_clean_cache' from command line to 'False'
[12.375s] Level 5:colcon.colcon_core.verb:set package 'image_processor' build argument 'cmake_clean_first' from command line to 'False'
[12.375s] Level 5:colcon.colcon_core.verb:set package 'image_processor' build argument 'cmake_force_configure' from command line to 'False'
[12.375s] Level 5:colcon.colcon_core.verb:set package 'image_processor' build argument 'ament_cmake_args' from command line to 'None'
[12.375s] Level 5:colcon.colcon_core.verb:set package 'image_processor' build argument 'catkin_cmake_args' from command line to 'None'
[12.375s] Level 5:colcon.colcon_core.verb:set package 'image_processor' build argument 'catkin_skip_building_tests' from command line to 'False'
[12.375s] DEBUG:colcon.colcon_core.verb:Building package 'image_processor' with the following arguments: {'ament_cmake_args': None, 'build_base': '/home/nathan/ros2_ws/build/image_processor', 'catkin_cmake_args': None, 'catkin_skip_building_tests': False, 'cmake_args': None, 'cmake_clean_cache': False, 'cmake_clean_first': False, 'cmake_force_configure': False, 'cmake_target': None, 'cmake_target_skip_unavailable': False, 'install_base': '/home/nathan/ros2_ws/install/image_processor', 'merge_install': False, 'path': '/home/nathan/ros2_ws/src/image_processor', 'symlink_install': True, 'test_result_base': None}
[12.375s] Level 5:colcon.colcon_core.verb:set package 'joy_tester' build argument 'cmake_args' from command line to 'None'
[12.375s] Level 5:colcon.colcon_core.verb:set package 'joy_tester' build argument 'cmake_target' from command line to 'None'
[12.375s] Level 5:colcon.colcon_core.verb:set package 'joy_tester' build argument 'cmake_target_skip_unavailable' from command line to 'False'
[12.375s] Level 5:colcon.colcon_core.verb:set package 'joy_tester' build argument 'cmake_clean_cache' from command line to 'False'
[12.375s] Level 5:colcon.colcon_core.verb:set package 'joy_tester' build argument 'cmake_clean_first' from command line to 'False'
[12.375s] Level 5:colcon.colcon_core.verb:set package 'joy_tester' build argument 'cmake_force_configure' from command line to 'False'
[12.375s] Level 5:colcon.colcon_core.verb:set package 'joy_tester' build argument 'ament_cmake_args' from command line to 'None'
[12.375s] Level 5:colcon.colcon_core.verb:set package 'joy_tester' build argument 'catkin_cmake_args' from command line to 'None'
[12.375s] Level 5:colcon.colcon_core.verb:set package 'joy_tester' build argument 'catkin_skip_building_tests' from command line to 'False'
[12.376s] DEBUG:colcon.colcon_core.verb:Building package 'joy_tester' with the following arguments: {'ament_cmake_args': None, 'build_base': '/home/nathan/ros2_ws/build/joy_tester', 'catkin_cmake_args': None, 'catkin_skip_building_tests': False, 'cmake_args': None, 'cmake_clean_cache': False, 'cmake_clean_first': False, 'cmake_force_configure': False, 'cmake_target': None, 'cmake_target_skip_unavailable': False, 'install_base': '/home/nathan/ros2_ws/install/joy_tester', 'merge_install': False, 'path': '/home/nathan/ros2_ws/src/joy_tester', 'symlink_install': True, 'test_result_base': None}
[12.376s] Level 5:colcon.colcon_core.verb:set package 'opennav_coverage_msgs' build argument 'cmake_args' from command line to 'None'
[12.376s] Level 5:colcon.colcon_core.verb:set package 'opennav_coverage_msgs' build argument 'cmake_target' from command line to 'None'
[12.376s] Level 5:colcon.colcon_core.verb:set package 'opennav_coverage_msgs' build argument 'cmake_target_skip_unavailable' from command line to 'False'
[12.376s] Level 5:colcon.colcon_core.verb:set package 'opennav_coverage_msgs' build argument 'cmake_clean_cache' from command line to 'False'
[12.376s] Level 5:colcon.colcon_core.verb:set package 'opennav_coverage_msgs' build argument 'cmake_clean_first' from command line to 'False'
[12.376s] Level 5:colcon.colcon_core.verb:set package 'opennav_coverage_msgs' build argument 'cmake_force_configure' from command line to 'False'
[12.376s] Level 5:colcon.colcon_core.verb:set package 'opennav_coverage_msgs' build argument 'ament_cmake_args' from command line to 'None'
[12.376s] Level 5:colcon.colcon_core.verb:set package 'opennav_coverage_msgs' build argument 'catkin_cmake_args' from command line to 'None'
[12.376s] Level 5:colcon.colcon_core.verb:set package 'opennav_coverage_msgs' build argument 'catkin_skip_building_tests' from command line to 'False'
[12.376s] DEBUG:colcon.colcon_core.verb:Building package 'opennav_coverage_msgs' with the following arguments: {'ament_cmake_args': None, 'build_base': '/home/nathan/ros2_ws/build/opennav_coverage_msgs', 'catkin_cmake_args': None, 'catkin_skip_building_tests': False, 'cmake_args': None, 'cmake_clean_cache': False, 'cmake_clean_first': False, 'cmake_force_configure': False, 'cmake_target': None, 'cmake_target_skip_unavailable': False, 'install_base': '/home/nathan/ros2_ws/install/opennav_coverage_msgs', 'merge_install': False, 'path': '/home/nathan/ros2_ws/src/opennav_coverage/opennav_coverage_msgs', 'symlink_install': True, 'test_result_base': None}
[12.377s] Level 5:colcon.colcon_core.verb:set package 'ppp_bot' build argument 'cmake_args' from command line to 'None'
[12.377s] Level 5:colcon.colcon_core.verb:set package 'ppp_bot' build argument 'cmake_target' from command line to 'None'
[12.377s] Level 5:colcon.colcon_core.verb:set package 'ppp_bot' build argument 'cmake_target_skip_unavailable' from command line to 'False'
[12.377s] Level 5:colcon.colcon_core.verb:set package 'ppp_bot' build argument 'cmake_clean_cache' from command line to 'False'
[12.377s] Level 5:colcon.colcon_core.verb:set package 'ppp_bot' build argument 'cmake_clean_first' from command line to 'False'
[12.377s] Level 5:colcon.colcon_core.verb:set package 'ppp_bot' build argument 'cmake_force_configure' from command line to 'False'
[12.377s] Level 5:colcon.colcon_core.verb:set package 'ppp_bot' build argument 'ament_cmake_args' from command line to 'None'
[12.377s] Level 5:colcon.colcon_core.verb:set package 'ppp_bot' build argument 'catkin_cmake_args' from command line to 'None'
[12.377s] Level 5:colcon.colcon_core.verb:set package 'ppp_bot' build argument 'catkin_skip_building_tests' from command line to 'False'
[12.377s] DEBUG:colcon.colcon_core.verb:Building package 'ppp_bot' with the following arguments: {'ament_cmake_args': None, 'build_base': '/home/nathan/ros2_ws/build/ppp_bot', 'catkin_cmake_args': None, 'catkin_skip_building_tests': False, 'cmake_args': None, 'cmake_clean_cache': False, 'cmake_clean_first': False, 'cmake_force_configure': False, 'cmake_target': None, 'cmake_target_skip_unavailable': False, 'install_base': '/home/nathan/ros2_ws/install/ppp_bot', 'merge_install': False, 'path': '/home/nathan/ros2_ws/src/gazebo_ignition_fortress/src/ppp_bot', 'symlink_install': True, 'test_result_base': None}
[12.378s] Level 5:colcon.colcon_core.verb:set package 'sllidar_ros2' build argument 'cmake_args' from command line to 'None'
[12.378s] Level 5:colcon.colcon_core.verb:set package 'sllidar_ros2' build argument 'cmake_target' from command line to 'None'
[12.378s] Level 5:colcon.colcon_core.verb:set package 'sllidar_ros2' build argument 'cmake_target_skip_unavailable' from command line to 'False'
[12.378s] Level 5:colcon.colcon_core.verb:set package 'sllidar_ros2' build argument 'cmake_clean_cache' from command line to 'False'
[12.378s] Level 5:colcon.colcon_core.verb:set package 'sllidar_ros2' build argument 'cmake_clean_first' from command line to 'False'
[12.378s] Level 5:colcon.colcon_core.verb:set package 'sllidar_ros2' build argument 'cmake_force_configure' from command line to 'False'
[12.378s] Level 5:colcon.colcon_core.verb:set package 'sllidar_ros2' build argument 'ament_cmake_args' from command line to 'None'
[12.378s] Level 5:colcon.colcon_core.verb:set package 'sllidar_ros2' build argument 'catkin_cmake_args' from command line to 'None'
[12.378s] Level 5:colcon.colcon_core.verb:set package 'sllidar_ros2' build argument 'catkin_skip_building_tests' from command line to 'False'
[12.378s] DEBUG:colcon.colcon_core.verb:Building package 'sllidar_ros2' with the following arguments: {'ament_cmake_args': None, 'build_base': '/home/nathan/ros2_ws/build/sllidar_ros2', 'catkin_cmake_args': None, 'catkin_skip_building_tests': False, 'cmake_args': None, 'cmake_clean_cache': False, 'cmake_clean_first': False, 'cmake_force_configure': False, 'cmake_target': None, 'cmake_target_skip_unavailable': False, 'install_base': '/home/nathan/ros2_ws/install/sllidar_ros2', 'merge_install': False, 'path': '/home/nathan/ros2_ws/src/sllidar_ros2', 'symlink_install': True, 'test_result_base': None}
[12.378s] Level 5:colcon.colcon_core.verb:set package 'opennav_coverage' build argument 'cmake_args' from command line to 'None'
[12.378s] Level 5:colcon.colcon_core.verb:set package 'opennav_coverage' build argument 'cmake_target' from command line to 'None'
[12.378s] Level 5:colcon.colcon_core.verb:set package 'opennav_coverage' build argument 'cmake_target_skip_unavailable' from command line to 'False'
[12.378s] Level 5:colcon.colcon_core.verb:set package 'opennav_coverage' build argument 'cmake_clean_cache' from command line to 'False'
[12.378s] Level 5:colcon.colcon_core.verb:set package 'opennav_coverage' build argument 'cmake_clean_first' from command line to 'False'
[12.378s] Level 5:colcon.colcon_core.verb:set package 'opennav_coverage' build argument 'cmake_force_configure' from command line to 'False'
[12.379s] Level 5:colcon.colcon_core.verb:set package 'opennav_coverage' build argument 'ament_cmake_args' from command line to 'None'
[12.379s] Level 5:colcon.colcon_core.verb:set package 'opennav_coverage' build argument 'catkin_cmake_args' from command line to 'None'
[12.379s] Level 5:colcon.colcon_core.verb:set package 'opennav_coverage' build argument 'catkin_skip_building_tests' from command line to 'False'
[12.379s] DEBUG:colcon.colcon_core.verb:Building package 'opennav_coverage' with the following arguments: {'ament_cmake_args': None, 'build_base': '/home/nathan/ros2_ws/build/opennav_coverage', 'catkin_cmake_args': None, 'catkin_skip_building_tests': False, 'cmake_args': None, 'cmake_clean_cache': False, 'cmake_clean_first': False, 'cmake_force_configure': False, 'cmake_target': None, 'cmake_target_skip_unavailable': False, 'install_base': '/home/nathan/ros2_ws/install/opennav_coverage', 'merge_install': False, 'path': '/home/nathan/ros2_ws/src/opennav_coverage/opennav_coverage', 'symlink_install': True, 'test_result_base': None}
[12.379s] Level 5:colcon.colcon_core.verb:set package 'opennav_coverage_bt' build argument 'cmake_args' from command line to 'None'
[12.379s] Level 5:colcon.colcon_core.verb:set package 'opennav_coverage_bt' build argument 'cmake_target' from command line to 'None'
[12.379s] Level 5:colcon.colcon_core.verb:set package 'opennav_coverage_bt' build argument 'cmake_target_skip_unavailable' from command line to 'False'
[12.379s] Level 5:colcon.colcon_core.verb:set package 'opennav_coverage_bt' build argument 'cmake_clean_cache' from command line to 'False'
[12.379s] Level 5:colcon.colcon_core.verb:set package 'opennav_coverage_bt' build argument 'cmake_clean_first' from command line to 'False'
[12.379s] Level 5:colcon.colcon_core.verb:set package 'opennav_coverage_bt' build argument 'cmake_force_configure' from command line to 'False'
[12.379s] Level 5:colcon.colcon_core.verb:set package 'opennav_coverage_bt' build argument 'ament_cmake_args' from command line to 'None'
[12.379s] Level 5:colcon.colcon_core.verb:set package 'opennav_coverage_bt' build argument 'catkin_cmake_args' from command line to 'None'
[12.379s] Level 5:colcon.colcon_core.verb:set package 'opennav_coverage_bt' build argument 'catkin_skip_building_tests' from command line to 'False'
[12.379s] DEBUG:colcon.colcon_core.verb:Building package 'opennav_coverage_bt' with the following arguments: {'ament_cmake_args': None, 'build_base': '/home/nathan/ros2_ws/build/opennav_coverage_bt', 'catkin_cmake_args': None, 'catkin_skip_building_tests': False, 'cmake_args': None, 'cmake_clean_cache': False, 'cmake_clean_first': False, 'cmake_force_configure': False, 'cmake_target': None, 'cmake_target_skip_unavailable': False, 'install_base': '/home/nathan/ros2_ws/install/opennav_coverage_bt', 'merge_install': False, 'path': '/home/nathan/ros2_ws/src/opennav_coverage/opennav_coverage_bt', 'symlink_install': True, 'test_result_base': None}
[12.380s] Level 5:colcon.colcon_core.verb:set package 'opennav_coverage_navigator' build argument 'cmake_args' from command line to 'None'
[12.380s] Level 5:colcon.colcon_core.verb:set package 'opennav_coverage_navigator' build argument 'cmake_target' from command line to 'None'
[12.380s] Level 5:colcon.colcon_core.verb:set package 'opennav_coverage_navigator' build argument 'cmake_target_skip_unavailable' from command line to 'False'
[12.380s] Level 5:colcon.colcon_core.verb:set package 'opennav_coverage_navigator' build argument 'cmake_clean_cache' from command line to 'False'
[12.380s] Level 5:colcon.colcon_core.verb:set package 'opennav_coverage_navigator' build argument 'cmake_clean_first' from command line to 'False'
[12.380s] Level 5:colcon.colcon_core.verb:set package 'opennav_coverage_navigator' build argument 'cmake_force_configure' from command line to 'False'
[12.380s] Level 5:colcon.colcon_core.verb:set package 'opennav_coverage_navigator' build argument 'ament_cmake_args' from command line to 'None'
[12.380s] Level 5:colcon.colcon_core.verb:set package 'opennav_coverage_navigator' build argument 'catkin_cmake_args' from command line to 'None'
[12.380s] Level 5:colcon.colcon_core.verb:set package 'opennav_coverage_navigator' build argument 'catkin_skip_building_tests' from command line to 'False'
[12.380s] DEBUG:colcon.colcon_core.verb:Building package 'opennav_coverage_navigator' with the following arguments: {'ament_cmake_args': None, 'build_base': '/home/nathan/ros2_ws/build/opennav_coverage_navigator', 'catkin_cmake_args': None, 'catkin_skip_building_tests': False, 'cmake_args': None, 'cmake_clean_cache': False, 'cmake_clean_first': False, 'cmake_force_configure': False, 'cmake_target': None, 'cmake_target_skip_unavailable': False, 'install_base': '/home/nathan/ros2_ws/install/opennav_coverage_navigator', 'merge_install': False, 'path': '/home/nathan/ros2_ws/src/opennav_coverage/opennav_coverage_navigator', 'symlink_install': True, 'test_result_base': None}
[12.380s] Level 5:colcon.colcon_core.verb:set package 'opennav_row_coverage' build argument 'cmake_args' from command line to 'None'
[12.380s] Level 5:colcon.colcon_core.verb:set package 'opennav_row_coverage' build argument 'cmake_target' from command line to 'None'
[12.380s] Level 5:colcon.colcon_core.verb:set package 'opennav_row_coverage' build argument 'cmake_target_skip_unavailable' from command line to 'False'
[12.381s] Level 5:colcon.colcon_core.verb:set package 'opennav_row_coverage' build argument 'cmake_clean_cache' from command line to 'False'
[12.381s] Level 5:colcon.colcon_core.verb:set package 'opennav_row_coverage' build argument 'cmake_clean_first' from command line to 'False'
[12.381s] Level 5:colcon.colcon_core.verb:set package 'opennav_row_coverage' build argument 'cmake_force_configure' from command line to 'False'
[12.381s] Level 5:colcon.colcon_core.verb:set package 'opennav_row_coverage' build argument 'ament_cmake_args' from command line to 'None'
[12.381s] Level 5:colcon.colcon_core.verb:set package 'opennav_row_coverage' build argument 'catkin_cmake_args' from command line to 'None'
[12.381s] Level 5:colcon.colcon_core.verb:set package 'opennav_row_coverage' build argument 'catkin_skip_building_tests' from command line to 'False'
[12.381s] DEBUG:colcon.colcon_core.verb:Building package 'opennav_row_coverage' with the following arguments: {'ament_cmake_args': None, 'build_base': '/home/nathan/ros2_ws/build/opennav_row_coverage', 'catkin_cmake_args': None, 'catkin_skip_building_tests': False, 'cmake_args': None, 'cmake_clean_cache': False, 'cmake_clean_first': False, 'cmake_force_configure': False, 'cmake_target': None, 'cmake_target_skip_unavailable': False, 'install_base': '/home/nathan/ros2_ws/install/opennav_row_coverage', 'merge_install': False, 'path': '/home/nathan/ros2_ws/src/opennav_coverage/opennav_row_coverage', 'symlink_install': True, 'test_result_base': None}
[12.381s] Level 5:colcon.colcon_core.verb:set package 'opennav_coverage_demo' build argument 'cmake_args' from command line to 'None'
[12.381s] Level 5:colcon.colcon_core.verb:set package 'opennav_coverage_demo' build argument 'cmake_target' from command line to 'None'
[12.381s] Level 5:colcon.colcon_core.verb:set package 'opennav_coverage_demo' build argument 'cmake_target_skip_unavailable' from command line to 'False'
[12.381s] Level 5:colcon.colcon_core.verb:set package 'opennav_coverage_demo' build argument 'cmake_clean_cache' from command line to 'False'
[12.381s] Level 5:colcon.colcon_core.verb:set package 'opennav_coverage_demo' build argument 'cmake_clean_first' from command line to 'False'
[12.381s] Level 5:colcon.colcon_core.verb:set package 'opennav_coverage_demo' build argument 'cmake_force_configure' from command line to 'False'
[12.381s] Level 5:colcon.colcon_core.verb:set package 'opennav_coverage_demo' build argument 'ament_cmake_args' from command line to 'None'
[12.381s] Level 5:colcon.colcon_core.verb:set package 'opennav_coverage_demo' build argument 'catkin_cmake_args' from command line to 'None'
[12.381s] Level 5:colcon.colcon_core.verb:set package 'opennav_coverage_demo' build argument 'catkin_skip_building_tests' from command line to 'False'
[12.381s] DEBUG:colcon.colcon_core.verb:Building package 'opennav_coverage_demo' with the following arguments: {'ament_cmake_args': None, 'build_base': '/home/nathan/ros2_ws/build/opennav_coverage_demo', 'catkin_cmake_args': None, 'catkin_skip_building_tests': False, 'cmake_args': None, 'cmake_clean_cache': False, 'cmake_clean_first': False, 'cmake_force_configure': False, 'cmake_target': None, 'cmake_target_skip_unavailable': False, 'install_base': '/home/nathan/ros2_ws/install/opennav_coverage_demo', 'merge_install': False, 'path': '/home/nathan/ros2_ws/src/opennav_coverage/opennav_coverage_demo', 'symlink_install': True, 'test_result_base': None}
[12.382s] INFO:colcon.colcon_core.executor:Executing jobs using 'parallel' executor
[12.383s] DEBUG:colcon.colcon_parallel_executor.executor.parallel:run_until_complete
[12.383s] INFO:colcon.colcon_ros.task.ament_cmake.build:Building ROS package in '/home/nathan/ros2_ws/src/opennav_coverage/opennav_coverage_msgs' with build type 'ament_cmake'
[12.383s] INFO:colcon.colcon_cmake.task.cmake.build:Building CMake package in '/home/nathan/ros2_ws/src/opennav_coverage/opennav_coverage_msgs'
[12.447s] INFO:colcon.colcon_core.plugin_system:Skipping extension 'colcon_core.shell.bat': Not used on non-Windows systems
[12.447s] INFO:colcon.colcon_core.shell:Skip shell extension 'powershell' for command environment: Not usable outside of PowerShell
[12.447s] DEBUG:colcon.colcon_core.shell:Skip shell extension 'dsv' for command environment
[12.453s] INFO:colcon.colcon_ros.task.ament_cmake.build:Building ROS package in '/home/nathan/ros2_ws/src/articubot_one' with build type 'ament_cmake'
[12.453s] INFO:colcon.colcon_cmake.task.cmake.build:Building CMake package in '/home/nathan/ros2_ws/src/articubot_one'
[12.454s] INFO:colcon.colcon_core.shell:Skip shell extension 'powershell' for command environment: Not usable outside of PowerShell
[12.455s] DEBUG:colcon.colcon_core.shell:Skip shell extension 'dsv' for command environment
[12.459s] INFO:colcon.colcon_ros.task.ament_cmake.build:Building ROS package in '/home/nathan/ros2_ws/src/diffdrive_arduino' with build type 'ament_cmake'
[12.459s] INFO:colcon.colcon_cmake.task.cmake.build:Building CMake package in '/home/nathan/ros2_ws/src/diffdrive_arduino'
[12.460s] INFO:colcon.colcon_core.shell:Skip shell extension 'powershell' for command environment: Not usable outside of PowerShell
[12.460s] DEBUG:colcon.colcon_core.shell:Skip shell extension 'dsv' for command environment
[12.464s] INFO:colcon.colcon_ros.task.ament_cmake.build:Building ROS package in '/home/nathan/ros2_ws/src/dojo' with build type 'ament_cmake'
[12.464s] INFO:colcon.colcon_cmake.task.cmake.build:Building CMake package in '/home/nathan/ros2_ws/src/dojo'
[12.465s] INFO:colcon.colcon_core.shell:Skip shell extension 'powershell' for command environment: Not usable outside of PowerShell
[12.465s] DEBUG:colcon.colcon_core.shell:Skip shell extension 'dsv' for command environment
[12.474s] DEBUG:colcon.colcon_core.event_handler.log_command:Invoking command in '/home/nathan/ros2_ws/build/opennav_coverage_msgs': CMAKE_PREFIX_PATH=${CMAKE_PREFIX_PATH}:/home/nathan/ros2_ws/install/rdj2025_potato_disease_detection:/home/nathan/ros2_ws/install/joy_tester:/opt/ros/humble /usr/bin/cmake /home/nathan/ros2_ws/src/opennav_coverage/opennav_coverage_msgs -DAMENT_CMAKE_SYMLINK_INSTALL=1 -DCMAKE_INSTALL_PREFIX=/home/nathan/ros2_ws/install/opennav_coverage_msgs
[12.604s] DEBUG:colcon.colcon_core.event_handler.log_command:Invoking command in '/home/nathan/ros2_ws/build/articubot_one': CMAKE_PREFIX_PATH=${CMAKE_PREFIX_PATH}:/home/nathan/ros2_ws/install/rdj2025_potato_disease_detection:/home/nathan/ros2_ws/install/joy_tester:/opt/ros/humble /usr/bin/cmake --build /home/nathan/ros2_ws/build/articubot_one -- -j4 -l4
[12.627s] DEBUG:colcon.colcon_core.event_handler.log_command:Invoking command in '/home/nathan/ros2_ws/build/diffdrive_arduino': CMAKE_PREFIX_PATH=${CMAKE_PREFIX_PATH}:/home/nathan/ros2_ws/install/rdj2025_potato_disease_detection:/home/nathan/ros2_ws/install/joy_tester:/opt/ros/humble /usr/bin/cmake --build /home/nathan/ros2_ws/build/diffdrive_arduino -- -j4 -l4
[12.680s] DEBUG:colcon.colcon_core.event_handler.log_command:Invoking command in '/home/nathan/ros2_ws/build/dojo': CMAKE_PREFIX_PATH=${CMAKE_PREFIX_PATH}:/home/nathan/ros2_ws/install/rdj2025_potato_disease_detection:/home/nathan/ros2_ws/install/joy_tester:/opt/ros/humble /usr/bin/cmake --build /home/nathan/ros2_ws/build/dojo -- -j4 -l4
[13.641s] DEBUG:colcon.colcon_core.event_handler.log_command:Invoked command in '/home/nathan/ros2_ws/build/dojo' returned '0': CMAKE_PREFIX_PATH=${CMAKE_PREFIX_PATH}:/home/nathan/ros2_ws/install/rdj2025_potato_disease_detection:/home/nathan/ros2_ws/install/joy_tester:/opt/ros/humble /usr/bin/cmake --build /home/nathan/ros2_ws/build/dojo -- -j4 -l4
[13.698s] DEBUG:colcon.colcon_core.event_handler.log_command:Invoking command in '/home/nathan/ros2_ws/build/dojo': CMAKE_PREFIX_PATH=${CMAKE_PREFIX_PATH}:/home/nathan/ros2_ws/install/rdj2025_potato_disease_detection:/home/nathan/ros2_ws/install/joy_tester:/opt/ros/humble /usr/bin/cmake --install /home/nathan/ros2_ws/build/dojo
[13.700s] DEBUG:colcon.colcon_core.event_handler.log_command:Invoked command in '/home/nathan/ros2_ws/build/articubot_one' returned '0': CMAKE_PREFIX_PATH=${CMAKE_PREFIX_PATH}:/home/nathan/ros2_ws/install/rdj2025_potato_disease_detection:/home/nathan/ros2_ws/install/joy_tester:/opt/ros/humble /usr/bin/cmake --build /home/nathan/ros2_ws/build/articubot_one -- -j4 -l4
[13.743s] DEBUG:colcon.colcon_core.event_handler.log_command:Invoking command in '/home/nathan/ros2_ws/build/articubot_one': CMAKE_PREFIX_PATH=${CMAKE_PREFIX_PATH}:/home/nathan/ros2_ws/install/rdj2025_potato_disease_detection:/home/nathan/ros2_ws/install/joy_tester:/opt/ros/humble /usr/bin/cmake --install /home/nathan/ros2_ws/build/articubot_one
[14.243s] Level 1:colcon.colcon_core.environment:create_environment_scripts_only(dojo)
[14.244s] DEBUG:colcon.colcon_core.event_handler.log_command:Invoked command in '/home/nathan/ros2_ws/build/dojo' returned '0': CMAKE_PREFIX_PATH=${CMAKE_PREFIX_PATH}:/home/nathan/ros2_ws/install/rdj2025_potato_disease_detection:/home/nathan/ros2_ws/install/joy_tester:/opt/ros/humble /usr/bin/cmake --install /home/nathan/ros2_ws/build/dojo
[14.579s] Level 1:colcon.colcon_core.environment:checking '/home/nathan/ros2_ws/install/dojo' for CMake module files
[14.580s] Level 1:colcon.colcon_core.environment:checking '/home/nathan/ros2_ws/install/dojo' for CMake config files
[14.580s] Level 1:colcon.colcon_core.shell:create_environment_hook('dojo', 'cmake_prefix_path')
[14.580s] INFO:colcon.colcon_core.shell:Creating environment hook '/home/nathan/ros2_ws/install/dojo/share/dojo/hook/cmake_prefix_path.ps1'
[14.634s] INFO:colcon.colcon_core.shell:Creating environment descriptor '/home/nathan/ros2_ws/install/dojo/share/dojo/hook/cmake_prefix_path.dsv'
[14.678s] INFO:colcon.colcon_core.shell:Creating environment hook '/home/nathan/ros2_ws/install/dojo/share/dojo/hook/cmake_prefix_path.sh'
[14.682s] Level 1:colcon.colcon_core.environment:checking '/home/nathan/ros2_ws/install/dojo/bin'
[14.682s] Level 1:colcon.colcon_core.environment:checking '/home/nathan/ros2_ws/install/dojo/lib/pkgconfig/dojo.pc'
[14.683s] Level 1:colcon.colcon_core.environment:checking '/home/nathan/ros2_ws/install/dojo/lib/python3.10/site-packages'
[14.683s] Level 1:colcon.colcon_core.environment:checking '/home/nathan/ros2_ws/install/dojo/bin'
[14.684s] INFO:colcon.colcon_core.shell:Creating package script '/home/nathan/ros2_ws/install/dojo/share/dojo/package.ps1'
[14.685s] INFO:colcon.colcon_core.shell:Creating package descriptor '/home/nathan/ros2_ws/install/dojo/share/dojo/package.dsv'
[14.723s] INFO:colcon.colcon_core.shell:Creating package script '/home/nathan/ros2_ws/install/dojo/share/dojo/package.sh'
[14.726s] INFO:colcon.colcon_core.shell:Creating package script '/home/nathan/ros2_ws/install/dojo/share/dojo/package.bash'
[14.894s] INFO:colcon.colcon_core.shell:Creating package script '/home/nathan/ros2_ws/install/dojo/share/dojo/package.zsh'
[15.014s] Level 1:colcon.colcon_core.environment:create_file_with_runtime_dependencies(/home/nathan/ros2_ws/install/dojo/share/colcon-core/packages/dojo)
[15.014s] Level 1:colcon.colcon_core.environment:create_environment_scripts_only(dojo)
[15.015s] Level 1:colcon.colcon_core.environment:checking '/home/nathan/ros2_ws/install/dojo' for CMake module files
[15.015s] Level 1:colcon.colcon_core.environment:checking '/home/nathan/ros2_ws/install/dojo' for CMake config files
[15.015s] Level 1:colcon.colcon_core.shell:create_environment_hook('dojo', 'cmake_prefix_path')
[15.016s] INFO:colcon.colcon_core.shell:Creating environment hook '/home/nathan/ros2_ws/install/dojo/share/dojo/hook/cmake_prefix_path.ps1'
[15.016s] INFO:colcon.colcon_core.shell:Creating environment descriptor '/home/nathan/ros2_ws/install/dojo/share/dojo/hook/cmake_prefix_path.dsv'
[15.016s] INFO:colcon.colcon_core.shell:Creating environment hook '/home/nathan/ros2_ws/install/dojo/share/dojo/hook/cmake_prefix_path.sh'
[15.017s] Level 1:colcon.colcon_core.environment:checking '/home/nathan/ros2_ws/install/dojo/bin'
[15.017s] Level 1:colcon.colcon_core.environment:checking '/home/nathan/ros2_ws/install/dojo/lib/pkgconfig/dojo.pc'
[15.017s] Level 1:colcon.colcon_core.environment:checking '/home/nathan/ros2_ws/install/dojo/lib/python3.10/site-packages'
[15.018s] Level 1:colcon.colcon_core.environment:checking '/home/nathan/ros2_ws/install/dojo/bin'
[15.018s] INFO:colcon.colcon_core.shell:Creating package script '/home/nathan/ros2_ws/install/dojo/share/dojo/package.ps1'
[15.019s] INFO:colcon.colcon_core.shell:Creating package descriptor '/home/nathan/ros2_ws/install/dojo/share/dojo/package.dsv'
[15.019s] INFO:colcon.colcon_core.shell:Creating package script '/home/nathan/ros2_ws/install/dojo/share/dojo/package.sh'
[15.020s] INFO:colcon.colcon_core.shell:Creating package script '/home/nathan/ros2_ws/install/dojo/share/dojo/package.bash'
[15.021s] INFO:colcon.colcon_core.shell:Creating package script '/home/nathan/ros2_ws/install/dojo/share/dojo/package.zsh'
[15.047s] Level 1:colcon.colcon_core.environment:create_file_with_runtime_dependencies(/home/nathan/ros2_ws/install/dojo/share/colcon-core/packages/dojo)
[15.049s] INFO:colcon.colcon_ros.task.ament_python.build:Building ROS package in '/home/nathan/ros2_ws/src/image_processor' with build type 'ament_python'
[15.049s] Level 1:colcon.colcon_core.shell:create_environment_hook('image_processor', 'ament_prefix_path')
[15.049s] INFO:colcon.colcon_core.shell:Creating environment hook '/home/nathan/ros2_ws/install/image_processor/share/image_processor/hook/ament_prefix_path.ps1'
[15.050s] INFO:colcon.colcon_core.shell:Creating environment descriptor '/home/nathan/ros2_ws/install/image_processor/share/image_processor/hook/ament_prefix_path.dsv'
[15.051s] INFO:colcon.colcon_core.shell:Creating environment hook '/home/nathan/ros2_ws/install/image_processor/share/image_processor/hook/ament_prefix_path.sh'
[15.052s] INFO:colcon.colcon_core.shell:Skip shell extension 'powershell' for command environment: Not usable outside of PowerShell
[15.052s] DEBUG:colcon.colcon_core.shell:Skip shell extension 'dsv' for command environment
[15.056s] Level 1:colcon.colcon_core.environment:create_environment_scripts_only(articubot_one)
[15.057s] Level 1:colcon.colcon_core.environment:checking '/home/nathan/ros2_ws/install/articubot_one' for CMake module files
[15.057s] DEBUG:colcon.colcon_core.event_handler.log_command:Invoked command in '/home/nathan/ros2_ws/build/articubot_one' returned '0': CMAKE_PREFIX_PATH=${CMAKE_PREFIX_PATH}:/home/nathan/ros2_ws/install/rdj2025_potato_disease_detection:/home/nathan/ros2_ws/install/joy_tester:/opt/ros/humble /usr/bin/cmake --install /home/nathan/ros2_ws/build/articubot_one
[15.058s] Level 1:colcon.colcon_core.environment:checking '/home/nathan/ros2_ws/install/articubot_one' for CMake config files
[15.058s] Level 1:colcon.colcon_core.shell:create_environment_hook('articubot_one', 'cmake_prefix_path')
[15.059s] INFO:colcon.colcon_core.shell:Creating environment hook '/home/nathan/ros2_ws/install/articubot_one/share/articubot_one/hook/cmake_prefix_path.ps1'
[15.059s] INFO:colcon.colcon_core.shell:Creating environment descriptor '/home/nathan/ros2_ws/install/articubot_one/share/articubot_one/hook/cmake_prefix_path.dsv'
[15.059s] INFO:colcon.colcon_core.shell:Creating environment hook '/home/nathan/ros2_ws/install/articubot_one/share/articubot_one/hook/cmake_prefix_path.sh'
[15.060s] Level 1:colcon.colcon_core.environment:checking '/home/nathan/ros2_ws/install/articubot_one/bin'
[15.060s] Level 1:colcon.colcon_core.environment:checking '/home/nathan/ros2_ws/install/articubot_one/lib/pkgconfig/articubot_one.pc'
[15.061s] Level 1:colcon.colcon_core.environment:checking '/home/nathan/ros2_ws/install/articubot_one/lib/python3.10/site-packages'
[15.061s] Level 1:colcon.colcon_core.environment:checking '/home/nathan/ros2_ws/install/articubot_one/bin'
[15.061s] INFO:colcon.colcon_core.shell:Creating package script '/home/nathan/ros2_ws/install/articubot_one/share/articubot_one/package.ps1'
[15.062s] INFO:colcon.colcon_core.shell:Creating package descriptor '/home/nathan/ros2_ws/install/articubot_one/share/articubot_one/package.dsv'
[15.063s] INFO:colcon.colcon_core.shell:Creating package script '/home/nathan/ros2_ws/install/articubot_one/share/articubot_one/package.sh'
[15.063s] INFO:colcon.colcon_core.shell:Creating package script '/home/nathan/ros2_ws/install/articubot_one/share/articubot_one/package.bash'
[15.064s] INFO:colcon.colcon_core.shell:Creating package script '/home/nathan/ros2_ws/install/articubot_one/share/articubot_one/package.zsh'
[15.064s] Level 1:colcon.colcon_core.environment:create_file_with_runtime_dependencies(/home/nathan/ros2_ws/install/articubot_one/share/colcon-core/packages/articubot_one)
[15.065s] Level 1:colcon.colcon_core.environment:create_environment_scripts_only(articubot_one)
[15.065s] Level 1:colcon.colcon_core.environment:checking '/home/nathan/ros2_ws/install/articubot_one' for CMake module files
[15.066s] Level 1:colcon.colcon_core.environment:checking '/home/nathan/ros2_ws/install/articubot_one' for CMake config files
[15.066s] Level 1:colcon.colcon_core.shell:create_environment_hook('articubot_one', 'cmake_prefix_path')
[15.066s] INFO:colcon.colcon_core.shell:Creating environment hook '/home/nathan/ros2_ws/install/articubot_one/share/articubot_one/hook/cmake_prefix_path.ps1'
[15.086s] INFO:colcon.colcon_core.shell:Creating environment descriptor '/home/nathan/ros2_ws/install/articubot_one/share/articubot_one/hook/cmake_prefix_path.dsv'
[15.087s] INFO:colcon.colcon_core.shell:Creating environment hook '/home/nathan/ros2_ws/install/articubot_one/share/articubot_one/hook/cmake_prefix_path.sh'
[15.088s] Level 1:colcon.colcon_core.environment:checking '/home/nathan/ros2_ws/install/articubot_one/bin'
[15.088s] Level 1:colcon.colcon_core.environment:checking '/home/nathan/ros2_ws/install/articubot_one/lib/pkgconfig/articubot_one.pc'
[15.089s] Level 1:colcon.colcon_core.environment:checking '/home/nathan/ros2_ws/install/articubot_one/lib/python3.10/site-packages'
[15.089s] Level 1:colcon.colcon_core.environment:checking '/home/nathan/ros2_ws/install/articubot_one/bin'
[15.090s] INFO:colcon.colcon_core.shell:Creating package script '/home/nathan/ros2_ws/install/articubot_one/share/articubot_one/package.ps1'
[15.090s] INFO:colcon.colcon_core.shell:Creating package descriptor '/home/nathan/ros2_ws/install/articubot_one/share/articubot_one/package.dsv'
[15.091s] INFO:colcon.colcon_core.shell:Creating package script '/home/nathan/ros2_ws/install/articubot_one/share/articubot_one/package.sh'
[15.092s] INFO:colcon.colcon_core.shell:Creating package script '/home/nathan/ros2_ws/install/articubot_one/share/articubot_one/package.bash'
[15.093s] INFO:colcon.colcon_core.shell:Creating package script '/home/nathan/ros2_ws/install/articubot_one/share/articubot_one/package.zsh'
[15.093s] Level 1:colcon.colcon_core.environment:create_file_with_runtime_dependencies(/home/nathan/ros2_ws/install/articubot_one/share/colcon-core/packages/articubot_one)
[15.094s] INFO:colcon.colcon_ros.task.ament_python.build:Building ROS package in '/home/nathan/ros2_ws/src/joy_tester' with build type 'ament_python'
[15.095s] Level 1:colcon.colcon_core.shell:create_environment_hook('joy_tester', 'ament_prefix_path')
[15.095s] INFO:colcon.colcon_core.shell:Creating environment hook '/home/nathan/ros2_ws/install/joy_tester/share/joy_tester/hook/ament_prefix_path.ps1'
[15.096s] INFO:colcon.colcon_core.shell:Creating environment descriptor '/home/nathan/ros2_ws/install/joy_tester/share/joy_tester/hook/ament_prefix_path.dsv'
[15.096s] INFO:colcon.colcon_core.shell:Creating environment hook '/home/nathan/ros2_ws/install/joy_tester/share/joy_tester/hook/ament_prefix_path.sh'
[15.097s] INFO:colcon.colcon_core.shell:Skip shell extension 'powershell' for command environment: Not usable outside of PowerShell
[15.097s] DEBUG:colcon.colcon_core.shell:Skip shell extension 'dsv' for command environment
[15.700s] INFO:colcon.colcon_core.task.python.build:Building Python package in '/home/nathan/ros2_ws/src/image_processor'
[15.700s] INFO:colcon.colcon_core.shell:Skip shell extension 'powershell' for command environment: Not usable outside of PowerShell
[15.700s] DEBUG:colcon.colcon_core.shell:Skip shell extension 'dsv' for command environment
[16.090s] INFO:colcon.colcon_core.task.python.build:Building Python package in '/home/nathan/ros2_ws/src/joy_tester'
[16.090s] INFO:colcon.colcon_core.shell:Skip shell extension 'powershell' for command environment: Not usable outside of PowerShell
[16.090s] DEBUG:colcon.colcon_core.shell:Skip shell extension 'dsv' for command environment
[19.052s] DEBUG:colcon.colcon_core.event_handler.log_command:Invoked command in '/home/nathan/ros2_ws/build/diffdrive_arduino' returned '0': CMAKE_PREFIX_PATH=${CMAKE_PREFIX_PATH}:/home/nathan/ros2_ws/install/rdj2025_potato_disease_detection:/home/nathan/ros2_ws/install/joy_tester:/opt/ros/humble /usr/bin/cmake --build /home/nathan/ros2_ws/build/diffdrive_arduino -- -j4 -l4
[19.123s] DEBUG:colcon.colcon_core.event_handler.log_command:Invoking command in '/home/nathan/ros2_ws/build/diffdrive_arduino': CMAKE_PREFIX_PATH=${CMAKE_PREFIX_PATH}:/home/nathan/ros2_ws/install/rdj2025_potato_disease_detection:/home/nathan/ros2_ws/install/joy_tester:/opt/ros/humble /usr/bin/cmake --install /home/nathan/ros2_ws/build/diffdrive_arduino
[19.663s] Level 1:colcon.colcon_core.environment:create_environment_scripts_only(diffdrive_arduino)
[19.664s] Level 1:colcon.colcon_core.environment:checking '/home/nathan/ros2_ws/install/diffdrive_arduino' for CMake module files
[19.667s] DEBUG:colcon.colcon_core.event_handler.log_command:Invoked command in '/home/nathan/ros2_ws/build/diffdrive_arduino' returned '0': CMAKE_PREFIX_PATH=${CMAKE_PREFIX_PATH}:/home/nathan/ros2_ws/install/rdj2025_potato_disease_detection:/home/nathan/ros2_ws/install/joy_tester:/opt/ros/humble /usr/bin/cmake --install /home/nathan/ros2_ws/build/diffdrive_arduino
[19.669s] Level 1:colcon.colcon_core.environment:checking '/home/nathan/ros2_ws/install/diffdrive_arduino' for CMake config files
[19.670s] Level 1:colcon.colcon_core.shell:create_environment_hook('diffdrive_arduino', 'cmake_prefix_path')
[19.671s] INFO:colcon.colcon_core.shell:Creating environment hook '/home/nathan/ros2_ws/install/diffdrive_arduino/share/diffdrive_arduino/hook/cmake_prefix_path.ps1'
[19.673s] INFO:colcon.colcon_core.shell:Creating environment descriptor '/home/nathan/ros2_ws/install/diffdrive_arduino/share/diffdrive_arduino/hook/cmake_prefix_path.dsv'
[19.674s] INFO:colcon.colcon_core.shell:Creating environment hook '/home/nathan/ros2_ws/install/diffdrive_arduino/share/diffdrive_arduino/hook/cmake_prefix_path.sh'
[19.676s] Level 1:colcon.colcon_core.environment:checking '/home/nathan/ros2_ws/install/diffdrive_arduino/lib'
[19.677s] Level 1:colcon.colcon_core.shell:create_environment_hook('diffdrive_arduino', 'ld_library_path_lib')
[19.677s] INFO:colcon.colcon_core.shell:Creating environment hook '/home/nathan/ros2_ws/install/diffdrive_arduino/share/diffdrive_arduino/hook/ld_library_path_lib.ps1'
[19.679s] INFO:colcon.colcon_core.shell:Creating environment descriptor '/home/nathan/ros2_ws/install/diffdrive_arduino/share/diffdrive_arduino/hook/ld_library_path_lib.dsv'
[19.680s] INFO:colcon.colcon_core.shell:Creating environment hook '/home/nathan/ros2_ws/install/diffdrive_arduino/share/diffdrive_arduino/hook/ld_library_path_lib.sh'
[19.682s] Level 1:colcon.colcon_core.environment:checking '/home/nathan/ros2_ws/install/diffdrive_arduino/bin'
[19.682s] Level 1:colcon.colcon_core.environment:checking '/home/nathan/ros2_ws/install/diffdrive_arduino/lib/pkgconfig/diffdrive_arduino.pc'
[19.684s] Level 1:colcon.colcon_core.environment:checking '/home/nathan/ros2_ws/install/diffdrive_arduino/lib/python3.10/site-packages'
[19.685s] Level 1:colcon.colcon_core.environment:checking '/home/nathan/ros2_ws/install/diffdrive_arduino/bin'
[19.686s] INFO:colcon.colcon_core.shell:Creating package script '/home/nathan/ros2_ws/install/diffdrive_arduino/share/diffdrive_arduino/package.ps1'
[19.688s] INFO:colcon.colcon_core.shell:Creating package descriptor '/home/nathan/ros2_ws/install/diffdrive_arduino/share/diffdrive_arduino/package.dsv'
[19.690s] INFO:colcon.colcon_core.shell:Creating package script '/home/nathan/ros2_ws/install/diffdrive_arduino/share/diffdrive_arduino/package.sh'
[19.692s] INFO:colcon.colcon_core.shell:Creating package script '/home/nathan/ros2_ws/install/diffdrive_arduino/share/diffdrive_arduino/package.bash'
[19.693s] INFO:colcon.colcon_core.shell:Creating package script '/home/nathan/ros2_ws/install/diffdrive_arduino/share/diffdrive_arduino/package.zsh'
[19.694s] Level 1:colcon.colcon_core.environment:create_file_with_runtime_dependencies(/home/nathan/ros2_ws/install/diffdrive_arduino/share/colcon-core/packages/diffdrive_arduino)
[19.696s] Level 1:colcon.colcon_core.environment:create_environment_scripts_only(diffdrive_arduino)
[19.697s] Level 1:colcon.colcon_core.environment:checking '/home/nathan/ros2_ws/install/diffdrive_arduino' for CMake module files
[19.698s] Level 1:colcon.colcon_core.environment:checking '/home/nathan/ros2_ws/install/diffdrive_arduino' for CMake config files
[19.699s] Level 1:colcon.colcon_core.shell:create_environment_hook('diffdrive_arduino', 'cmake_prefix_path')
[19.699s] INFO:colcon.colcon_core.shell:Creating environment hook '/home/nathan/ros2_ws/install/diffdrive_arduino/share/diffdrive_arduino/hook/cmake_prefix_path.ps1'
[19.701s] INFO:colcon.colcon_core.shell:Creating environment descriptor '/home/nathan/ros2_ws/install/diffdrive_arduino/share/diffdrive_arduino/hook/cmake_prefix_path.dsv'
[19.702s] INFO:colcon.colcon_core.shell:Creating environment hook '/home/nathan/ros2_ws/install/diffdrive_arduino/share/diffdrive_arduino/hook/cmake_prefix_path.sh'
[19.703s] Level 1:colcon.colcon_core.environment:checking '/home/nathan/ros2_ws/install/diffdrive_arduino/lib'
[19.703s] Level 1:colcon.colcon_core.shell:create_environment_hook('diffdrive_arduino', 'ld_library_path_lib')
[19.704s] INFO:colcon.colcon_core.shell:Creating environment hook '/home/nathan/ros2_ws/install/diffdrive_arduino/share/diffdrive_arduino/hook/ld_library_path_lib.ps1'
[19.705s] INFO:colcon.colcon_core.shell:Creating environment descriptor '/home/nathan/ros2_ws/install/diffdrive_arduino/share/diffdrive_arduino/hook/ld_library_path_lib.dsv'
[19.706s] INFO:colcon.colcon_core.shell:Creating environment hook '/home/nathan/ros2_ws/install/diffdrive_arduino/share/diffdrive_arduino/hook/ld_library_path_lib.sh'
[19.707s] Level 1:colcon.colcon_core.environment:checking '/home/nathan/ros2_ws/install/diffdrive_arduino/bin'
[19.707s] Level 1:colcon.colcon_core.environment:checking '/home/nathan/ros2_ws/install/diffdrive_arduino/lib/pkgconfig/diffdrive_arduino.pc'
[19.708s] Level 1:colcon.colcon_core.environment:checking '/home/nathan/ros2_ws/install/diffdrive_arduino/lib/python3.10/site-packages'
[19.709s] Level 1:colcon.colcon_core.environment:checking '/home/nathan/ros2_ws/install/diffdrive_arduino/bin'
[19.709s] INFO:colcon.colcon_core.shell:Creating package script '/home/nathan/ros2_ws/install/diffdrive_arduino/share/diffdrive_arduino/package.ps1'
[19.711s] INFO:colcon.colcon_core.shell:Creating package descriptor '/home/nathan/ros2_ws/install/diffdrive_arduino/share/diffdrive_arduino/package.dsv'
[19.713s] INFO:colcon.colcon_core.shell:Creating package script '/home/nathan/ros2_ws/install/diffdrive_arduino/share/diffdrive_arduino/package.sh'
[19.715s] INFO:colcon.colcon_core.shell:Creating package script '/home/nathan/ros2_ws/install/diffdrive_arduino/share/diffdrive_arduino/package.bash'
[19.716s] INFO:colcon.colcon_core.shell:Creating package script '/home/nathan/ros2_ws/install/diffdrive_arduino/share/diffdrive_arduino/package.zsh'
[19.718s] Level 1:colcon.colcon_core.environment:create_file_with_runtime_dependencies(/home/nathan/ros2_ws/install/diffdrive_arduino/share/colcon-core/packages/diffdrive_arduino)
[19.720s] INFO:colcon.colcon_ros.task.ament_cmake.build:Building ROS package in '/home/nathan/ros2_ws/src/gazebo_ignition_fortress/src/ppp_bot' with build type 'ament_cmake'
[19.720s] INFO:colcon.colcon_cmake.task.cmake.build:Building CMake package in '/home/nathan/ros2_ws/src/gazebo_ignition_fortress/src/ppp_bot'
[19.721s] INFO:colcon.colcon_core.shell:Skip shell extension 'powershell' for command environment: Not usable outside of PowerShell
[19.721s] DEBUG:colcon.colcon_core.shell:Skip shell extension 'dsv' for command environment
[19.846s] DEBUG:colcon.colcon_core.event_handler.log_command:Invoking command in '/home/nathan/ros2_ws/build/ppp_bot': CMAKE_PREFIX_PATH=${CMAKE_PREFIX_PATH}:/home/nathan/ros2_ws/install/rdj2025_potato_disease_detection:/home/nathan/ros2_ws/install/joy_tester:/opt/ros/humble /usr/bin/cmake --build /home/nathan/ros2_ws/build/ppp_bot -- -j4 -l4
[20.008s] DEBUG:colcon.colcon_core.event_handler.log_command:Invoked command in '/home/nathan/ros2_ws/build/ppp_bot' returned '0': CMAKE_PREFIX_PATH=${CMAKE_PREFIX_PATH}:/home/nathan/ros2_ws/install/rdj2025_potato_disease_detection:/home/nathan/ros2_ws/install/joy_tester:/opt/ros/humble /usr/bin/cmake --build /home/nathan/ros2_ws/build/ppp_bot -- -j4 -l4
[20.077s] DEBUG:colcon.colcon_core.event_handler.log_command:Invoking command in '/home/nathan/ros2_ws/build/ppp_bot': CMAKE_PREFIX_PATH=${CMAKE_PREFIX_PATH}:/home/nathan/ros2_ws/install/rdj2025_potato_disease_detection:/home/nathan/ros2_ws/install/joy_tester:/opt/ros/humble /usr/bin/cmake --install /home/nathan/ros2_ws/build/ppp_bot
[21.485s] Level 1:colcon.colcon_core.environment:create_environment_scripts_only(ppp_bot)
[21.486s] Level 1:colcon.colcon_core.environment:checking '/home/nathan/ros2_ws/install/ppp_bot' for CMake module files
[21.487s] DEBUG:colcon.colcon_core.event_handler.log_command:Invoked command in '/home/nathan/ros2_ws/build/ppp_bot' returned '0': CMAKE_PREFIX_PATH=${CMAKE_PREFIX_PATH}:/home/nathan/ros2_ws/install/rdj2025_potato_disease_detection:/home/nathan/ros2_ws/install/joy_tester:/opt/ros/humble /usr/bin/cmake --install /home/nathan/ros2_ws/build/ppp_bot
[21.487s] Level 1:colcon.colcon_core.environment:checking '/home/nathan/ros2_ws/install/ppp_bot' for CMake config files
[21.487s] Level 1:colcon.colcon_core.shell:create_environment_hook('ppp_bot', 'cmake_prefix_path')
[21.488s] INFO:colcon.colcon_core.shell:Creating environment hook '/home/nathan/ros2_ws/install/ppp_bot/share/ppp_bot/hook/cmake_prefix_path.ps1'
[21.488s] INFO:colcon.colcon_core.shell:Creating environment descriptor '/home/nathan/ros2_ws/install/ppp_bot/share/ppp_bot/hook/cmake_prefix_path.dsv'
[21.489s] INFO:colcon.colcon_core.shell:Creating environment hook '/home/nathan/ros2_ws/install/ppp_bot/share/ppp_bot/hook/cmake_prefix_path.sh'
[21.490s] Level 1:colcon.colcon_core.environment:checking '/home/nathan/ros2_ws/install/ppp_bot/bin'
[21.490s] Level 1:colcon.colcon_core.environment:checking '/home/nathan/ros2_ws/install/ppp_bot/lib/pkgconfig/ppp_bot.pc'
[21.490s] Level 1:colcon.colcon_core.environment:checking '/home/nathan/ros2_ws/install/ppp_bot/lib/python3.10/site-packages'
[21.491s] Level 1:colcon.colcon_core.environment:checking '/home/nathan/ros2_ws/install/ppp_bot/bin'
[21.491s] INFO:colcon.colcon_core.shell:Creating package script '/home/nathan/ros2_ws/install/ppp_bot/share/ppp_bot/package.ps1'
[21.492s] INFO:colcon.colcon_core.shell:Creating package descriptor '/home/nathan/ros2_ws/install/ppp_bot/share/ppp_bot/package.dsv'
[21.492s] INFO:colcon.colcon_core.shell:Creating package script '/home/nathan/ros2_ws/install/ppp_bot/share/ppp_bot/package.sh'
[21.493s] INFO:colcon.colcon_core.shell:Creating package script '/home/nathan/ros2_ws/install/ppp_bot/share/ppp_bot/package.bash'
[21.494s] INFO:colcon.colcon_core.shell:Creating package script '/home/nathan/ros2_ws/install/ppp_bot/share/ppp_bot/package.zsh'
[21.494s] Level 1:colcon.colcon_core.environment:create_file_with_runtime_dependencies(/home/nathan/ros2_ws/install/ppp_bot/share/colcon-core/packages/ppp_bot)
[21.495s] Level 1:colcon.colcon_core.environment:create_environment_scripts_only(ppp_bot)
[21.495s] Level 1:colcon.colcon_core.environment:checking '/home/nathan/ros2_ws/install/ppp_bot' for CMake module files
[21.496s] Level 1:colcon.colcon_core.environment:checking '/home/nathan/ros2_ws/install/ppp_bot' for CMake config files
[21.496s] Level 1:colcon.colcon_core.shell:create_environment_hook('ppp_bot', 'cmake_prefix_path')
[21.497s] INFO:colcon.colcon_core.shell:Creating environment hook '/home/nathan/ros2_ws/install/ppp_bot/share/ppp_bot/hook/cmake_prefix_path.ps1'
[21.497s] INFO:colcon.colcon_core.shell:Creating environment descriptor '/home/nathan/ros2_ws/install/ppp_bot/share/ppp_bot/hook/cmake_prefix_path.dsv'
[21.498s] INFO:colcon.colcon_core.shell:Creating environment hook '/home/nathan/ros2_ws/install/ppp_bot/share/ppp_bot/hook/cmake_prefix_path.sh'
[21.498s] Level 1:colcon.colcon_core.environment:checking '/home/nathan/ros2_ws/install/ppp_bot/bin'
[21.498s] Level 1:colcon.colcon_core.environment:checking '/home/nathan/ros2_ws/install/ppp_bot/lib/pkgconfig/ppp_bot.pc'
[21.499s] Level 1:colcon.colcon_core.environment:checking '/home/nathan/ros2_ws/install/ppp_bot/lib/python3.10/site-packages'
[21.499s] Level 1:colcon.colcon_core.environment:checking '/home/nathan/ros2_ws/install/ppp_bot/bin'
[21.499s] INFO:colcon.colcon_core.shell:Creating package script '/home/nathan/ros2_ws/install/ppp_bot/share/ppp_bot/package.ps1'
[21.500s] INFO:colcon.colcon_core.shell:Creating package descriptor '/home/nathan/ros2_ws/install/ppp_bot/share/ppp_bot/package.dsv'
[21.501s] INFO:colcon.colcon_core.shell:Creating package script '/home/nathan/ros2_ws/install/ppp_bot/share/ppp_bot/package.sh'
[21.501s] INFO:colcon.colcon_core.shell:Creating package script '/home/nathan/ros2_ws/install/ppp_bot/share/ppp_bot/package.bash'
[21.502s] INFO:colcon.colcon_core.shell:Creating package script '/home/nathan/ros2_ws/install/ppp_bot/share/ppp_bot/package.zsh'
[21.502s] Level 1:colcon.colcon_core.environment:create_file_with_runtime_dependencies(/home/nathan/ros2_ws/install/ppp_bot/share/colcon-core/packages/ppp_bot)
[21.503s] INFO:colcon.colcon_ros.task.ament_cmake.build:Building ROS package in '/home/nathan/ros2_ws/src/sllidar_ros2' with build type 'ament_cmake'
[21.503s] INFO:colcon.colcon_cmake.task.cmake.build:Building CMake package in '/home/nathan/ros2_ws/src/sllidar_ros2'
[21.503s] INFO:colcon.colcon_core.shell:Skip shell extension 'powershell' for command environment: Not usable outside of PowerShell
[21.503s] DEBUG:colcon.colcon_core.shell:Skip shell extension 'dsv' for command environment
[21.617s] DEBUG:colcon.colcon_core.event_handler.log_command:Invoking command in '/home/nathan/ros2_ws/build/sllidar_ros2': CMAKE_PREFIX_PATH=${CMAKE_PREFIX_PATH}:/home/nathan/ros2_ws/install/rdj2025_potato_disease_detection:/home/nathan/ros2_ws/install/joy_tester:/opt/ros/humble /usr/bin/cmake --build /home/nathan/ros2_ws/build/sllidar_ros2 -- -j4 -l4
[23.199s] DEBUG:colcon.colcon_core.event_handler.log_command:Invoked command in '/home/nathan/ros2_ws/build/sllidar_ros2' returned '0': CMAKE_PREFIX_PATH=${CMAKE_PREFIX_PATH}:/home/nathan/ros2_ws/install/rdj2025_potato_disease_detection:/home/nathan/ros2_ws/install/joy_tester:/opt/ros/humble /usr/bin/cmake --build /home/nathan/ros2_ws/build/sllidar_ros2 -- -j4 -l4
[23.265s] DEBUG:colcon.colcon_core.event_handler.log_command:Invoking command in '/home/nathan/ros2_ws/build/sllidar_ros2': CMAKE_PREFIX_PATH=${CMAKE_PREFIX_PATH}:/home/nathan/ros2_ws/install/rdj2025_potato_disease_detection:/home/nathan/ros2_ws/install/joy_tester:/opt/ros/humble /usr/bin/cmake --install /home/nathan/ros2_ws/build/sllidar_ros2
[23.402s] Level 1:colcon.colcon_core.environment:create_environment_scripts_only(sllidar_ros2)
[23.403s] Level 1:colcon.colcon_core.environment:checking '/home/nathan/ros2_ws/install/sllidar_ros2' for CMake module files
[23.403s] DEBUG:colcon.colcon_core.event_handler.log_command:Invoked command in '/home/nathan/ros2_ws/build/sllidar_ros2' returned '0': CMAKE_PREFIX_PATH=${CMAKE_PREFIX_PATH}:/home/nathan/ros2_ws/install/rdj2025_potato_disease_detection:/home/nathan/ros2_ws/install/joy_tester:/opt/ros/humble /usr/bin/cmake --install /home/nathan/ros2_ws/build/sllidar_ros2
[23.404s] Level 1:colcon.colcon_core.environment:checking '/home/nathan/ros2_ws/install/sllidar_ros2' for CMake config files
[23.404s] Level 1:colcon.colcon_core.shell:create_environment_hook('sllidar_ros2', 'cmake_prefix_path')
[23.404s] INFO:colcon.colcon_core.shell:Creating environment hook '/home/nathan/ros2_ws/install/sllidar_ros2/share/sllidar_ros2/hook/cmake_prefix_path.ps1'
[23.405s] INFO:colcon.colcon_core.shell:Creating environment descriptor '/home/nathan/ros2_ws/install/sllidar_ros2/share/sllidar_ros2/hook/cmake_prefix_path.dsv'
[23.405s] INFO:colcon.colcon_core.shell:Creating environment hook '/home/nathan/ros2_ws/install/sllidar_ros2/share/sllidar_ros2/hook/cmake_prefix_path.sh'
[23.406s] Level 1:colcon.colcon_core.environment:checking '/home/nathan/ros2_ws/install/sllidar_ros2/lib'
[23.406s] Level 1:colcon.colcon_core.environment:checking '/home/nathan/ros2_ws/install/sllidar_ros2/bin'
[23.406s] Level 1:colcon.colcon_core.environment:checking '/home/nathan/ros2_ws/install/sllidar_ros2/lib/pkgconfig/sllidar_ros2.pc'
[23.406s] Level 1:colcon.colcon_core.environment:checking '/home/nathan/ros2_ws/install/sllidar_ros2/lib/python3.10/site-packages'
[23.407s] Level 1:colcon.colcon_core.environment:checking '/home/nathan/ros2_ws/install/sllidar_ros2/bin'
[23.407s] INFO:colcon.colcon_core.shell:Creating package script '/home/nathan/ros2_ws/install/sllidar_ros2/share/sllidar_ros2/package.ps1'
[23.408s] INFO:colcon.colcon_core.shell:Creating package descriptor '/home/nathan/ros2_ws/install/sllidar_ros2/share/sllidar_ros2/package.dsv'
[23.408s] INFO:colcon.colcon_core.shell:Creating package script '/home/nathan/ros2_ws/install/sllidar_ros2/share/sllidar_ros2/package.sh'
[23.409s] INFO:colcon.colcon_core.shell:Creating package script '/home/nathan/ros2_ws/install/sllidar_ros2/share/sllidar_ros2/package.bash'
[23.409s] INFO:colcon.colcon_core.shell:Creating package script '/home/nathan/ros2_ws/install/sllidar_ros2/share/sllidar_ros2/package.zsh'
[23.409s] Level 1:colcon.colcon_core.environment:create_file_with_runtime_dependencies(/home/nathan/ros2_ws/install/sllidar_ros2/share/colcon-core/packages/sllidar_ros2)
[23.410s] Level 1:colcon.colcon_core.environment:create_environment_scripts_only(sllidar_ros2)
[23.410s] Level 1:colcon.colcon_core.environment:checking '/home/nathan/ros2_ws/install/sllidar_ros2' for CMake module files
[23.411s] Level 1:colcon.colcon_core.environment:checking '/home/nathan/ros2_ws/install/sllidar_ros2' for CMake config files
[23.411s] Level 1:colcon.colcon_core.shell:create_environment_hook('sllidar_ros2', 'cmake_prefix_path')
[23.411s] INFO:colcon.colcon_core.shell:Creating environment hook '/home/nathan/ros2_ws/install/sllidar_ros2/share/sllidar_ros2/hook/cmake_prefix_path.ps1'
[23.412s] INFO:colcon.colcon_core.shell:Creating environment descriptor '/home/nathan/ros2_ws/install/sllidar_ros2/share/sllidar_ros2/hook/cmake_prefix_path.dsv'
[23.412s] INFO:colcon.colcon_core.shell:Creating environment hook '/home/nathan/ros2_ws/install/sllidar_ros2/share/sllidar_ros2/hook/cmake_prefix_path.sh'
[23.413s] Level 1:colcon.colcon_core.environment:checking '/home/nathan/ros2_ws/install/sllidar_ros2/lib'
[23.413s] Level 1:colcon.colcon_core.environment:checking '/home/nathan/ros2_ws/install/sllidar_ros2/bin'
[23.413s] Level 1:colcon.colcon_core.environment:checking '/home/nathan/ros2_ws/install/sllidar_ros2/lib/pkgconfig/sllidar_ros2.pc'
[23.413s] Level 1:colcon.colcon_core.environment:checking '/home/nathan/ros2_ws/install/sllidar_ros2/lib/python3.10/site-packages'
[23.413s] Level 1:colcon.colcon_core.environment:checking '/home/nathan/ros2_ws/install/sllidar_ros2/bin'
[23.414s] INFO:colcon.colcon_core.shell:Creating package script '/home/nathan/ros2_ws/install/sllidar_ros2/share/sllidar_ros2/package.ps1'
[23.414s] INFO:colcon.colcon_core.shell:Creating package descriptor '/home/nathan/ros2_ws/install/sllidar_ros2/share/sllidar_ros2/package.dsv'
[23.415s] INFO:colcon.colcon_core.shell:Creating package script '/home/nathan/ros2_ws/install/sllidar_ros2/share/sllidar_ros2/package.sh'
[23.415s] INFO:colcon.colcon_core.shell:Creating package script '/home/nathan/ros2_ws/install/sllidar_ros2/share/sllidar_ros2/package.bash'
[23.416s] INFO:colcon.colcon_core.shell:Creating package script '/home/nathan/ros2_ws/install/sllidar_ros2/share/sllidar_ros2/package.zsh'
[23.416s] Level 1:colcon.colcon_core.environment:create_file_with_runtime_dependencies(/home/nathan/ros2_ws/install/sllidar_ros2/share/colcon-core/packages/sllidar_ros2)
[28.090s] DEBUG:colcon.colcon_core.event_handler.log_command:Invoking command in '/home/nathan/ros2_ws/build/joy_tester': PYTHONPATH=/home/nathan/ros2_ws/build/joy_tester/prefix_override:/usr/lib/python3/dist-packages/colcon_core/task/python/colcon_distutils_commands:/home/nathan/ros2_ws/install/joy_tester/lib/python3.10/site-packages:${PYTHONPATH} /usr/bin/python3 -W ignore:setup.py install is deprecated -W ignore:easy_install command is deprecated setup.py develop --editable --build-directory /home/nathan/ros2_ws/build/joy_tester/build --no-deps symlink_data
[28.096s] DEBUG:colcon.colcon_core.event_handler.log_command:Invoking command in '/home/nathan/ros2_ws/build/image_processor': PYTHONPATH=/home/nathan/ros2_ws/build/image_processor/prefix_override:/usr/lib/python3/dist-packages/colcon_core/task/python/colcon_distutils_commands:/home/nathan/ros2_ws/install/image_processor/lib/python3.10/site-packages:${PYTHONPATH} /usr/bin/python3 -W ignore:setup.py install is deprecated -W ignore:easy_install command is deprecated setup.py develop --editable --build-directory /home/nathan/ros2_ws/build/image_processor/build --no-deps symlink_data
[28.900s] Level 1:colcon.colcon_core.shell:create_environment_hook('joy_tester', 'pythonpath_develop')
[28.900s] INFO:colcon.colcon_core.shell:Creating environment hook '/home/nathan/ros2_ws/build/joy_tester/share/joy_tester/hook/pythonpath_develop.ps1'
[28.901s] DEBUG:colcon.colcon_core.event_handler.log_command:Invoked command in '/home/nathan/ros2_ws/build/joy_tester' returned '0': PYTHONPATH=/home/nathan/ros2_ws/build/joy_tester/prefix_override:/usr/lib/python3/dist-packages/colcon_core/task/python/colcon_distutils_commands:/home/nathan/ros2_ws/install/joy_tester/lib/python3.10/site-packages:${PYTHONPATH} /usr/bin/python3 -W ignore:setup.py install is deprecated -W ignore:easy_install command is deprecated setup.py develop --editable --build-directory /home/nathan/ros2_ws/build/joy_tester/build --no-deps symlink_data
[28.902s] INFO:colcon.colcon_core.shell:Creating environment descriptor '/home/nathan/ros2_ws/build/joy_tester/share/joy_tester/hook/pythonpath_develop.dsv'
[28.903s] INFO:colcon.colcon_core.shell:Creating environment hook '/home/nathan/ros2_ws/build/joy_tester/share/joy_tester/hook/pythonpath_develop.sh'
[28.904s] Level 1:colcon.colcon_core.environment:checking '/home/nathan/ros2_ws/install/joy_tester' for CMake module files
[28.904s] Level 1:colcon.colcon_core.environment:checking '/home/nathan/ros2_ws/install/joy_tester' for CMake config files
[28.905s] Level 1:colcon.colcon_core.environment:checking '/home/nathan/ros2_ws/install/joy_tester/lib'
[28.905s] Level 1:colcon.colcon_core.environment:checking '/home/nathan/ros2_ws/install/joy_tester/bin'
[28.905s] Level 1:colcon.colcon_core.environment:checking '/home/nathan/ros2_ws/install/joy_tester/lib/pkgconfig/joy_tester.pc'
[28.906s] Level 1:colcon.colcon_core.environment:checking '/home/nathan/ros2_ws/install/joy_tester/lib/python3.10/site-packages'
[28.906s] Level 1:colcon.colcon_core.shell:create_environment_hook('joy_tester', 'pythonpath')
[28.906s] INFO:colcon.colcon_core.shell:Creating environment hook '/home/nathan/ros2_ws/install/joy_tester/share/joy_tester/hook/pythonpath.ps1'
[28.907s] INFO:colcon.colcon_core.shell:Creating environment descriptor '/home/nathan/ros2_ws/install/joy_tester/share/joy_tester/hook/pythonpath.dsv'
[28.907s] INFO:colcon.colcon_core.shell:Creating environment hook '/home/nathan/ros2_ws/install/joy_tester/share/joy_tester/hook/pythonpath.sh'
[28.908s] Level 1:colcon.colcon_core.environment:checking '/home/nathan/ros2_ws/install/joy_tester/bin'
[28.908s] Level 1:colcon.colcon_core.environment:create_environment_scripts_only(joy_tester)
[28.909s] INFO:colcon.colcon_core.shell:Creating package script '/home/nathan/ros2_ws/install/joy_tester/share/joy_tester/package.ps1'
[28.910s] INFO:colcon.colcon_core.shell:Creating package descriptor '/home/nathan/ros2_ws/install/joy_tester/share/joy_tester/package.dsv'
[28.911s] INFO:colcon.colcon_core.shell:Creating package script '/home/nathan/ros2_ws/install/joy_tester/share/joy_tester/package.sh'
[28.911s] INFO:colcon.colcon_core.shell:Creating package script '/home/nathan/ros2_ws/install/joy_tester/share/joy_tester/package.bash'
[28.912s] INFO:colcon.colcon_core.shell:Creating package script '/home/nathan/ros2_ws/install/joy_tester/share/joy_tester/package.zsh'
[28.913s] Level 1:colcon.colcon_core.environment:create_file_with_runtime_dependencies(/home/nathan/ros2_ws/install/joy_tester/share/colcon-core/packages/joy_tester)
[28.919s] Level 1:colcon.colcon_core.shell:create_environment_hook('image_processor', 'pythonpath_develop')
[28.920s] INFO:colcon.colcon_core.shell:Creating environment hook '/home/nathan/ros2_ws/build/image_processor/share/image_processor/hook/pythonpath_develop.ps1'
[28.920s] DEBUG:colcon.colcon_core.event_handler.log_command:Invoked command in '/home/nathan/ros2_ws/build/image_processor' returned '0': PYTHONPATH=/home/nathan/ros2_ws/build/image_processor/prefix_override:/usr/lib/python3/dist-packages/colcon_core/task/python/colcon_distutils_commands:/home/nathan/ros2_ws/install/image_processor/lib/python3.10/site-packages:${PYTHONPATH} /usr/bin/python3 -W ignore:setup.py install is deprecated -W ignore:easy_install command is deprecated setup.py develop --editable --build-directory /home/nathan/ros2_ws/build/image_processor/build --no-deps symlink_data
[28.921s] INFO:colcon.colcon_core.shell:Creating environment descriptor '/home/nathan/ros2_ws/build/image_processor/share/image_processor/hook/pythonpath_develop.dsv'
[28.921s] INFO:colcon.colcon_core.shell:Creating environment hook '/home/nathan/ros2_ws/build/image_processor/share/image_processor/hook/pythonpath_develop.sh'
[28.922s] Level 1:colcon.colcon_core.environment:checking '/home/nathan/ros2_ws/install/image_processor' for CMake module files
[28.922s] Level 1:colcon.colcon_core.environment:checking '/home/nathan/ros2_ws/install/image_processor' for CMake config files
[28.923s] Level 1:colcon.colcon_core.environment:checking '/home/nathan/ros2_ws/install/image_processor/lib'
[28.923s] Level 1:colcon.colcon_core.environment:checking '/home/nathan/ros2_ws/install/image_processor/bin'
[28.923s] Level 1:colcon.colcon_core.environment:checking '/home/nathan/ros2_ws/install/image_processor/lib/pkgconfig/image_processor.pc'
[28.923s] Level 1:colcon.colcon_core.environment:checking '/home/nathan/ros2_ws/install/image_processor/lib/python3.10/site-packages'
[28.923s] Level 1:colcon.colcon_core.shell:create_environment_hook('image_processor', 'pythonpath')
[28.924s] INFO:colcon.colcon_core.shell:Creating environment hook '/home/nathan/ros2_ws/install/image_processor/share/image_processor/hook/pythonpath.ps1'
[28.924s] INFO:colcon.colcon_core.shell:Creating environment descriptor '/home/nathan/ros2_ws/install/image_processor/share/image_processor/hook/pythonpath.dsv'
[28.925s] INFO:colcon.colcon_core.shell:Creating environment hook '/home/nathan/ros2_ws/install/image_processor/share/image_processor/hook/pythonpath.sh'
[28.926s] Level 1:colcon.colcon_core.environment:checking '/home/nathan/ros2_ws/install/image_processor/bin'
[28.926s] Level 1:colcon.colcon_core.environment:create_environment_scripts_only(image_processor)
[28.926s] INFO:colcon.colcon_core.shell:Creating package script '/home/nathan/ros2_ws/install/image_processor/share/image_processor/package.ps1'
[28.927s] INFO:colcon.colcon_core.shell:Creating package descriptor '/home/nathan/ros2_ws/install/image_processor/share/image_processor/package.dsv'
[28.928s] INFO:colcon.colcon_core.shell:Creating package script '/home/nathan/ros2_ws/install/image_processor/share/image_processor/package.sh'
[28.928s] INFO:colcon.colcon_core.shell:Creating package script '/home/nathan/ros2_ws/install/image_processor/share/image_processor/package.bash'
[28.929s] INFO:colcon.colcon_core.shell:Creating package script '/home/nathan/ros2_ws/install/image_processor/share/image_processor/package.zsh'
[28.929s] Level 1:colcon.colcon_core.environment:create_file_with_runtime_dependencies(/home/nathan/ros2_ws/install/image_processor/share/colcon-core/packages/image_processor)
[31.561s] DEBUG:colcon.colcon_core.event_handler.log_command:Invoked command in '/home/nathan/ros2_ws/build/opennav_coverage_msgs' returned '0': CMAKE_PREFIX_PATH=${CMAKE_PREFIX_PATH}:/home/nathan/ros2_ws/install/rdj2025_potato_disease_detection:/home/nathan/ros2_ws/install/joy_tester:/opt/ros/humble /usr/bin/cmake /home/nathan/ros2_ws/src/opennav_coverage/opennav_coverage_msgs -DAMENT_CMAKE_SYMLINK_INSTALL=1 -DCMAKE_INSTALL_PREFIX=/home/nathan/ros2_ws/install/opennav_coverage_msgs
[31.562s] DEBUG:colcon.colcon_core.event_handler.log_command:Invoking command in '/home/nathan/ros2_ws/build/opennav_coverage_msgs': CMAKE_PREFIX_PATH=${CMAKE_PREFIX_PATH}:/home/nathan/ros2_ws/install/rdj2025_potato_disease_detection:/home/nathan/ros2_ws/install/joy_tester:/opt/ros/humble /usr/bin/cmake --build /home/nathan/ros2_ws/build/opennav_coverage_msgs -- -j4 -l4
[79.532s] DEBUG:colcon.colcon_core.event_handler.log_command:Invoked command in '/home/nathan/ros2_ws/build/opennav_coverage_msgs' returned '0': CMAKE_PREFIX_PATH=${CMAKE_PREFIX_PATH}:/home/nathan/ros2_ws/install/rdj2025_potato_disease_detection:/home/nathan/ros2_ws/install/joy_tester:/opt/ros/humble /usr/bin/cmake --build /home/nathan/ros2_ws/build/opennav_coverage_msgs -- -j4 -l4
[79.534s] DEBUG:colcon.colcon_core.event_handler.log_command:Invoking command in '/home/nathan/ros2_ws/build/opennav_coverage_msgs': CMAKE_PREFIX_PATH=${CMAKE_PREFIX_PATH}:/home/nathan/ros2_ws/install/rdj2025_potato_disease_detection:/home/nathan/ros2_ws/install/joy_tester:/opt/ros/humble /usr/bin/cmake --install /home/nathan/ros2_ws/build/opennav_coverage_msgs
[81.921s] Level 1:colcon.colcon_core.environment:create_environment_scripts_only(opennav_coverage_msgs)
[81.922s] Level 1:colcon.colcon_core.environment:checking '/home/nathan/ros2_ws/install/opennav_coverage_msgs' for CMake module files
[81.923s] DEBUG:colcon.colcon_core.event_handler.log_command:Invoked command in '/home/nathan/ros2_ws/build/opennav_coverage_msgs' returned '0': CMAKE_PREFIX_PATH=${CMAKE_PREFIX_PATH}:/home/nathan/ros2_ws/install/rdj2025_potato_disease_detection:/home/nathan/ros2_ws/install/joy_tester:/opt/ros/humble /usr/bin/cmake --install /home/nathan/ros2_ws/build/opennav_coverage_msgs
[81.923s] Level 1:colcon.colcon_core.environment:checking '/home/nathan/ros2_ws/install/opennav_coverage_msgs' for CMake config files
[81.924s] Level 1:colcon.colcon_core.shell:create_environment_hook('opennav_coverage_msgs', 'cmake_prefix_path')
[81.925s] INFO:colcon.colcon_core.shell:Creating environment hook '/home/nathan/ros2_ws/install/opennav_coverage_msgs/share/opennav_coverage_msgs/hook/cmake_prefix_path.ps1'
[81.925s] INFO:colcon.colcon_core.shell:Creating environment descriptor '/home/nathan/ros2_ws/install/opennav_coverage_msgs/share/opennav_coverage_msgs/hook/cmake_prefix_path.dsv'
[81.926s] INFO:colcon.colcon_core.shell:Creating environment hook '/home/nathan/ros2_ws/install/opennav_coverage_msgs/share/opennav_coverage_msgs/hook/cmake_prefix_path.sh'
[81.926s] Level 1:colcon.colcon_core.environment:checking '/home/nathan/ros2_ws/install/opennav_coverage_msgs/lib'
[81.926s] Level 1:colcon.colcon_core.shell:create_environment_hook('opennav_coverage_msgs', 'ld_library_path_lib')
[81.926s] INFO:colcon.colcon_core.shell:Creating environment hook '/home/nathan/ros2_ws/install/opennav_coverage_msgs/share/opennav_coverage_msgs/hook/ld_library_path_lib.ps1'
[81.927s] INFO:colcon.colcon_core.shell:Creating environment descriptor '/home/nathan/ros2_ws/install/opennav_coverage_msgs/share/opennav_coverage_msgs/hook/ld_library_path_lib.dsv'
[81.927s] INFO:colcon.colcon_core.shell:Creating environment hook '/home/nathan/ros2_ws/install/opennav_coverage_msgs/share/opennav_coverage_msgs/hook/ld_library_path_lib.sh'
[81.928s] Level 1:colcon.colcon_core.environment:checking '/home/nathan/ros2_ws/install/opennav_coverage_msgs/bin'
[81.928s] Level 1:colcon.colcon_core.environment:checking '/home/nathan/ros2_ws/install/opennav_coverage_msgs/lib/pkgconfig/opennav_coverage_msgs.pc'
[81.928s] Level 1:colcon.colcon_core.environment:checking '/home/nathan/ros2_ws/install/opennav_coverage_msgs/lib/python3.10/site-packages'
[81.928s] Level 1:colcon.colcon_core.environment:checking '/home/nathan/ros2_ws/install/opennav_coverage_msgs/bin'
[81.929s] INFO:colcon.colcon_core.shell:Creating package script '/home/nathan/ros2_ws/install/opennav_coverage_msgs/share/opennav_coverage_msgs/package.ps1'
[81.929s] INFO:colcon.colcon_core.shell:Creating package descriptor '/home/nathan/ros2_ws/install/opennav_coverage_msgs/share/opennav_coverage_msgs/package.dsv'
[81.930s] INFO:colcon.colcon_core.shell:Creating package script '/home/nathan/ros2_ws/install/opennav_coverage_msgs/share/opennav_coverage_msgs/package.sh'
[81.930s] INFO:colcon.colcon_core.shell:Creating package script '/home/nathan/ros2_ws/install/opennav_coverage_msgs/share/opennav_coverage_msgs/package.bash'
[81.931s] INFO:colcon.colcon_core.shell:Creating package script '/home/nathan/ros2_ws/install/opennav_coverage_msgs/share/opennav_coverage_msgs/package.zsh'
[81.931s] Level 1:colcon.colcon_core.environment:create_file_with_runtime_dependencies(/home/nathan/ros2_ws/install/opennav_coverage_msgs/share/colcon-core/packages/opennav_coverage_msgs)
[81.932s] Level 1:colcon.colcon_core.environment:create_environment_scripts_only(opennav_coverage_msgs)
[81.932s] Level 1:colcon.colcon_core.environment:checking '/home/nathan/ros2_ws/install/opennav_coverage_msgs' for CMake module files
[81.932s] Level 1:colcon.colcon_core.environment:checking '/home/nathan/ros2_ws/install/opennav_coverage_msgs' for CMake config files
[81.934s] Level 1:colcon.colcon_core.shell:create_environment_hook('opennav_coverage_msgs', 'cmake_prefix_path')
[81.934s] INFO:colcon.colcon_core.shell:Creating environment hook '/home/nathan/ros2_ws/install/opennav_coverage_msgs/share/opennav_coverage_msgs/hook/cmake_prefix_path.ps1'
[81.934s] INFO:colcon.colcon_core.shell:Creating environment descriptor '/home/nathan/ros2_ws/install/opennav_coverage_msgs/share/opennav_coverage_msgs/hook/cmake_prefix_path.dsv'
[81.935s] INFO:colcon.colcon_core.shell:Creating environment hook '/home/nathan/ros2_ws/install/opennav_coverage_msgs/share/opennav_coverage_msgs/hook/cmake_prefix_path.sh'
[81.935s] Level 1:colcon.colcon_core.environment:checking '/home/nathan/ros2_ws/install/opennav_coverage_msgs/lib'
[81.936s] Level 1:colcon.colcon_core.shell:create_environment_hook('opennav_coverage_msgs', 'ld_library_path_lib')
[81.936s] INFO:colcon.colcon_core.shell:Creating environment hook '/home/nathan/ros2_ws/install/opennav_coverage_msgs/share/opennav_coverage_msgs/hook/ld_library_path_lib.ps1'
[81.937s] INFO:colcon.colcon_core.shell:Creating environment descriptor '/home/nathan/ros2_ws/install/opennav_coverage_msgs/share/opennav_coverage_msgs/hook/ld_library_path_lib.dsv'
[81.938s] INFO:colcon.colcon_core.shell:Creating environment hook '/home/nathan/ros2_ws/install/opennav_coverage_msgs/share/opennav_coverage_msgs/hook/ld_library_path_lib.sh'
[81.939s] Level 1:colcon.colcon_core.environment:checking '/home/nathan/ros2_ws/install/opennav_coverage_msgs/bin'
[81.939s] Level 1:colcon.colcon_core.environment:checking '/home/nathan/ros2_ws/install/opennav_coverage_msgs/lib/pkgconfig/opennav_coverage_msgs.pc'
[81.940s] Level 1:colcon.colcon_core.environment:checking '/home/nathan/ros2_ws/install/opennav_coverage_msgs/lib/python3.10/site-packages'
[81.940s] Level 1:colcon.colcon_core.environment:checking '/home/nathan/ros2_ws/install/opennav_coverage_msgs/bin'
[81.941s] INFO:colcon.colcon_core.shell:Creating package script '/home/nathan/ros2_ws/install/opennav_coverage_msgs/share/opennav_coverage_msgs/package.ps1'
[81.942s] INFO:colcon.colcon_core.shell:Creating package descriptor '/home/nathan/ros2_ws/install/opennav_coverage_msgs/share/opennav_coverage_msgs/package.dsv'
[81.944s] INFO:colcon.colcon_core.shell:Creating package script '/home/nathan/ros2_ws/install/opennav_coverage_msgs/share/opennav_coverage_msgs/package.sh'
[81.949s] INFO:colcon.colcon_core.shell:Creating package script '/home/nathan/ros2_ws/install/opennav_coverage_msgs/share/opennav_coverage_msgs/package.bash'
[81.953s] INFO:colcon.colcon_core.shell:Creating package script '/home/nathan/ros2_ws/install/opennav_coverage_msgs/share/opennav_coverage_msgs/package.zsh'
[81.958s] Level 1:colcon.colcon_core.environment:create_file_with_runtime_dependencies(/home/nathan/ros2_ws/install/opennav_coverage_msgs/share/colcon-core/packages/opennav_coverage_msgs)
[81.959s] INFO:colcon.colcon_ros.task.ament_cmake.build:Building ROS package in '/home/nathan/ros2_ws/src/opennav_coverage/opennav_coverage' with build type 'ament_cmake'
[81.959s] INFO:colcon.colcon_cmake.task.cmake.build:Building CMake package in '/home/nathan/ros2_ws/src/opennav_coverage/opennav_coverage'
[81.960s] INFO:colcon.colcon_core.shell:Skip shell extension 'powershell' for command environment: Not usable outside of PowerShell
[81.960s] DEBUG:colcon.colcon_core.shell:Skip shell extension 'dsv' for command environment
[81.971s] INFO:colcon.colcon_ros.task.ament_cmake.build:Building ROS package in '/home/nathan/ros2_ws/src/opennav_coverage/opennav_coverage_bt' with build type 'ament_cmake'
[81.971s] INFO:colcon.colcon_cmake.task.cmake.build:Building CMake package in '/home/nathan/ros2_ws/src/opennav_coverage/opennav_coverage_bt'
[81.971s] INFO:colcon.colcon_core.shell:Skip shell extension 'powershell' for command environment: Not usable outside of PowerShell
[81.971s] DEBUG:colcon.colcon_core.shell:Skip shell extension 'dsv' for command environment
[81.983s] DEBUG:colcon.colcon_core.event_handler.log_command:Invoking command in '/home/nathan/ros2_ws/build/opennav_coverage': AMENT_PREFIX_PATH=/home/nathan/ros2_ws/install/opennav_coverage_msgs:${AMENT_PREFIX_PATH} CMAKE_PREFIX_PATH=/home/nathan/ros2_ws/install/opennav_coverage_msgs:/home/nathan/ros2_ws/install/sllidar_ros2:/home/nathan/ros2_ws/install/ppp_bot:/home/nathan/ros2_ws/install/dojo:/home/nathan/ros2_ws/install/diffdrive_arduino:/home/nathan/ros2_ws/install/articubot_one:/home/nathan/ros2_ws/install/rdj2025_potato_disease_detection:/home/nathan/ros2_ws/install/joy_tester:/opt/ros/humble LD_LIBRARY_PATH=/home/nathan/ros2_ws/install/opennav_coverage_msgs/lib:${LD_LIBRARY_PATH} PYTHONPATH=/home/nathan/ros2_ws/install/opennav_coverage_msgs/local/lib/python3.10/dist-packages:${PYTHONPATH} /usr/bin/cmake /home/nathan/ros2_ws/src/opennav_coverage/opennav_coverage -DAMENT_CMAKE_SYMLINK_INSTALL=1 -DCMAKE_INSTALL_PREFIX=/home/nathan/ros2_ws/install/opennav_coverage
[81.986s] DEBUG:colcon.colcon_core.event_handler.log_command:Invoking command in '/home/nathan/ros2_ws/build/opennav_coverage_bt': AMENT_PREFIX_PATH=/home/nathan/ros2_ws/install/opennav_coverage_msgs:${AMENT_PREFIX_PATH} CMAKE_PREFIX_PATH=/home/nathan/ros2_ws/install/opennav_coverage_msgs:/home/nathan/ros2_ws/install/sllidar_ros2:/home/nathan/ros2_ws/install/ppp_bot:/home/nathan/ros2_ws/install/dojo:/home/nathan/ros2_ws/install/diffdrive_arduino:/home/nathan/ros2_ws/install/articubot_one:/home/nathan/ros2_ws/install/rdj2025_potato_disease_detection:/home/nathan/ros2_ws/install/joy_tester:/opt/ros/humble LD_LIBRARY_PATH=/home/nathan/ros2_ws/install/opennav_coverage_msgs/lib:${LD_LIBRARY_PATH} PYTHONPATH=/home/nathan/ros2_ws/install/opennav_coverage_msgs/local/lib/python3.10/dist-packages:${PYTHONPATH} /usr/bin/cmake /home/nathan/ros2_ws/src/opennav_coverage/opennav_coverage_bt -DAMENT_CMAKE_SYMLINK_INSTALL=1 -DCMAKE_INSTALL_PREFIX=/home/nathan/ros2_ws/install/opennav_coverage_bt
[86.090s] DEBUG:colcon.colcon_core.event_handler.log_command:Invoked command in '/home/nathan/ros2_ws/build/opennav_coverage' returned '1': AMENT_PREFIX_PATH=/home/nathan/ros2_ws/install/opennav_coverage_msgs:${AMENT_PREFIX_PATH} CMAKE_PREFIX_PATH=/home/nathan/ros2_ws/install/opennav_coverage_msgs:/home/nathan/ros2_ws/install/sllidar_ros2:/home/nathan/ros2_ws/install/ppp_bot:/home/nathan/ros2_ws/install/dojo:/home/nathan/ros2_ws/install/diffdrive_arduino:/home/nathan/ros2_ws/install/articubot_one:/home/nathan/ros2_ws/install/rdj2025_potato_disease_detection:/home/nathan/ros2_ws/install/joy_tester:/opt/ros/humble LD_LIBRARY_PATH=/home/nathan/ros2_ws/install/opennav_coverage_msgs/lib:${LD_LIBRARY_PATH} PYTHONPATH=/home/nathan/ros2_ws/install/opennav_coverage_msgs/local/lib/python3.10/dist-packages:${PYTHONPATH} /usr/bin/cmake /home/nathan/ros2_ws/src/opennav_coverage/opennav_coverage -DAMENT_CMAKE_SYMLINK_INSTALL=1 -DCMAKE_INSTALL_PREFIX=/home/nathan/ros2_ws/install/opennav_coverage
[86.103s] Level 1:colcon.colcon_core.environment:create_environment_scripts_only(opennav_coverage)
[86.103s] Level 1:colcon.colcon_core.environment:checking '/home/nathan/ros2_ws/install/opennav_coverage' for CMake module files
[86.103s] Level 1:colcon.colcon_core.environment:checking '/home/nathan/ros2_ws/install/opennav_coverage' for CMake config files
[86.104s] Level 1:colcon.colcon_core.environment:checking '/home/nathan/ros2_ws/install/opennav_coverage/bin'
[86.104s] Level 1:colcon.colcon_core.environment:checking '/home/nathan/ros2_ws/install/opennav_coverage/lib/pkgconfig/opennav_coverage.pc'
[86.104s] Level 1:colcon.colcon_core.environment:checking '/home/nathan/ros2_ws/install/opennav_coverage/lib/python3.10/site-packages'
[86.104s] Level 1:colcon.colcon_core.environment:checking '/home/nathan/ros2_ws/install/opennav_coverage/bin'
[86.105s] INFO:colcon.colcon_core.shell:Creating package script '/home/nathan/ros2_ws/install/opennav_coverage/share/opennav_coverage/package.ps1'
[86.105s] INFO:colcon.colcon_core.shell:Creating package descriptor '/home/nathan/ros2_ws/install/opennav_coverage/share/opennav_coverage/package.dsv'
[86.105s] INFO:colcon.colcon_core.shell:Creating package script '/home/nathan/ros2_ws/install/opennav_coverage/share/opennav_coverage/package.sh'
[86.106s] INFO:colcon.colcon_core.shell:Creating package script '/home/nathan/ros2_ws/install/opennav_coverage/share/opennav_coverage/package.bash'
[86.106s] INFO:colcon.colcon_core.shell:Creating package script '/home/nathan/ros2_ws/install/opennav_coverage/share/opennav_coverage/package.zsh'
[86.106s] Level 1:colcon.colcon_core.environment:create_file_with_runtime_dependencies(/home/nathan/ros2_ws/install/opennav_coverage/share/colcon-core/packages/opennav_coverage)
[87.252s] DEBUG:colcon.colcon_parallel_executor.executor.parallel:closing loop
[87.252s] DEBUG:colcon.colcon_parallel_executor.executor.parallel:loop closed
[87.252s] DEBUG:colcon.colcon_parallel_executor.executor.parallel:run_until_complete finished with '1'
[87.252s] DEBUG:colcon.colcon_core.event_reactor:joining thread
[87.623s] INFO:colcon.colcon_core.plugin_system:Skipping extension 'colcon_notification.desktop_notification.terminal_notifier': Not used on non-Darwin systems
[87.623s] INFO:colcon.colcon_core.plugin_system:Skipping extension 'colcon_notification.desktop_notification.win32': Not used on non-Windows systems
[87.624s] INFO:colcon.colcon_notification.desktop_notification:Sending desktop notification using 'notify2'
[87.687s] DEBUG:colcon.colcon_core.event_reactor:joined thread
[87.688s] INFO:colcon.colcon_core.shell:Creating prefix script '/home/nathan/ros2_ws/install/local_setup.ps1'
[87.846s] INFO:colcon.colcon_core.shell:Creating prefix util module '/home/nathan/ros2_ws/install/_local_setup_util_ps1.py'
[88.065s] INFO:colcon.colcon_core.shell:Creating prefix chain script '/home/nathan/ros2_ws/install/setup.ps1'
[88.199s] INFO:colcon.colcon_core.shell:Creating prefix script '/home/nathan/ros2_ws/install/local_setup.sh'
[88.359s] INFO:colcon.colcon_core.shell:Creating prefix util module '/home/nathan/ros2_ws/install/_local_setup_util_sh.py'
[88.361s] INFO:colcon.colcon_core.shell:Creating prefix chain script '/home/nathan/ros2_ws/install/setup.sh'
[88.389s] INFO:colcon.colcon_core.shell:Creating prefix script '/home/nathan/ros2_ws/install/local_setup.bash'
[88.407s] INFO:colcon.colcon_core.shell:Creating prefix chain script '/home/nathan/ros2_ws/install/setup.bash'
[88.412s] INFO:colcon.colcon_core.shell:Creating prefix script '/home/nathan/ros2_ws/install/local_setup.zsh'
[88.427s] INFO:colcon.colcon_core.shell:Creating prefix chain script '/home/nathan/ros2_ws/install/setup.zsh'
