[0.000000] (-) TimerEvent: {}
[0.001651] (dojo) JobQueued: {'identifier': 'dojo', 'dependencies': OrderedDict()}
[0.002149] (serial) JobQueued: {'identifier': 'serial', 'dependencies': OrderedDict()}
[0.002327] (sllidar_ros2) JobQueued: {'identifier': 'sllidar_ros2', 'dependencies': OrderedDict()}
[0.002409] (diffdrive_arduino) JobQueued: {'identifier': 'diffdrive_arduino', 'dependencies': OrderedDict([('serial', '/home/limitbreakers/breakers_ws/install/serial')])}
[0.002498] (serial) JobStarted: {'identifier': 'serial'}
[0.034932] (dojo) JobStarted: {'identifier': 'dojo'}
[0.060877] (sllidar_ros2) JobStarted: {'identifier': 'sllidar_ros2'}
[0.093970] (serial) JobProgress: {'identifier': 'serial', 'progress': 'cmake'}
[0.096654] (serial) Command: {'cmd': ['/usr/bin/cmake', '/home/limitbreakers/breakers_ws/src/serial', '-DAMENT_CMAKE_SYMLINK_INSTALL=1', '-DCMAKE_INSTALL_PREFIX=/home/limitbreakers/breakers_ws/install/serial'], 'cwd': '/home/limitbreakers/breakers_ws/build/serial', 'env': OrderedDict([('LESSOPEN', '| /usr/bin/lesspipe %s'), ('USER', 'limitbreakers'), ('SSH_CLIENT', '192.168.0.103 37368 22'), ('LC_TIME', 'C.UTF-8'), ('XDG_SESSION_TYPE', 'tty'), ('GIT_ASKPASS', '/home/limitbreakers/.vscode-server/cli/servers/Stable-6f17636121051a53c88d3e605c491d22af2ba755/server/extensions/git/dist/askpass.sh'), ('SHLVL', '2'), ('LD_LIBRARY_PATH', '/home/limitbreakers/breakers_ws/install/diffdrive_arduino/lib:/home/limitbreakers/breakers_ws/install/serial/lib:/home/limitbreakers/ros2_ws/install/serial/lib:/home/limitbreakers/ros2_ws/install/diffdrive_arduino/lib:/opt/ros/humble/opt/rviz_ogre_vendor/lib:/opt/ros/humble/lib/aarch64-linux-gnu:/opt/ros/humble/lib'), ('BROWSER', '/home/limitbreakers/.vscode-server/cli/servers/Stable-6f17636121051a53c88d3e605c491d22af2ba755/server/bin/helpers/browser.sh'), ('MOTD_SHOWN', 'pam'), ('HOME', '/home/limitbreakers'), ('OLDPWD', '/home/limitbreakers/breakers_ws/src'), ('TERM_PROGRAM_VERSION', '1.103.2'), ('VSCODE_IPC_HOOK_CLI', '/run/user/1000/vscode-ipc-1336b97d-b370-4369-a2a8-aecd27e3c16e.sock'), ('ROS_PYTHON_VERSION', '3'), ('VSCODE_GIT_ASKPASS_MAIN', '/home/limitbreakers/.vscode-server/cli/servers/Stable-6f17636121051a53c88d3e605c491d22af2ba755/server/extensions/git/dist/askpass-main.js'), ('LC_MONETARY', 'C.UTF-8'), ('VSCODE_GIT_ASKPASS_NODE', '/home/limitbreakers/.vscode-server/cli/servers/Stable-6f17636121051a53c88d3e605c491d22af2ba755/server/node'), ('SSL_CERT_FILE', '/usr/lib/ssl/certs/ca-certificates.crt'), ('DBUS_SESSION_BUS_ADDRESS', 'unix:path=/run/user/1000/bus'), ('COLORTERM', 'truecolor'), ('COLCON_PREFIX_PATH', '/home/limitbreakers/breakers_ws/install:/home/limitbreakers/ros2_ws/install'), ('ROS_DISTRO', 'humble'), ('LOGNAME', 'limitbreakers'), ('_', '/usr/bin/colcon'), ('ROS_VERSION', '2'), ('XDG_SESSION_CLASS', 'user'), ('TERM', 'xterm-256color'), ('XDG_SESSION_ID', '1'), ('ROS_LOCALHOST_ONLY', '0'), ('PATH', '/home/limitbreakers/.vscode-server/cli/servers/Stable-6f17636121051a53c88d3e605c491d22af2ba755/server/bin/remote-cli:/opt/ros/humble/bin:/usr/local/sbin:/usr/local/bin:/usr/sbin:/usr/bin:/sbin:/bin:/usr/games:/usr/local/games:/snap/bin'), ('LC_ADDRESS', 'C.UTF-8'), ('XDG_RUNTIME_DIR', '/run/user/1000'), ('SSL_CERT_DIR', '/usr/lib/ssl/certs'), ('LANG', 'C.UTF-8'), ('LC_TELEPHONE', 'C.UTF-8'), ('LS_COLORS', 'rs=0:di=01;34:ln=01;36:mh=00:pi=40;33:so=01;35:do=01;35:bd=40;33;01:cd=40;33;01:or=40;31;01:mi=00:su=37;41:sg=30;43:ca=30;41:tw=30;42:ow=34;42:st=37;44:ex=01;32:*.tar=01;31:*.tgz=01;31:*.arc=01;31:*.arj=01;31:*.taz=01;31:*.lha=01;31:*.lz4=01;31:*.lzh=01;31:*.lzma=01;31:*.tlz=01;31:*.txz=01;31:*.tzo=01;31:*.t7z=01;31:*.zip=01;31:*.z=01;31:*.dz=01;31:*.gz=01;31:*.lrz=01;31:*.lz=01;31:*.lzo=01;31:*.xz=01;31:*.zst=01;31:*.tzst=01;31:*.bz2=01;31:*.bz=01;31:*.tbz=01;31:*.tbz2=01;31:*.tz=01;31:*.deb=01;31:*.rpm=01;31:*.jar=01;31:*.war=01;31:*.ear=01;31:*.sar=01;31:*.rar=01;31:*.alz=01;31:*.ace=01;31:*.zoo=01;31:*.cpio=01;31:*.7z=01;31:*.rz=01;31:*.cab=01;31:*.wim=01;31:*.swm=01;31:*.dwm=01;31:*.esd=01;31:*.jpg=01;35:*.jpeg=01;35:*.mjpg=01;35:*.mjpeg=01;35:*.gif=01;35:*.bmp=01;35:*.pbm=01;35:*.pgm=01;35:*.ppm=01;35:*.tga=01;35:*.xbm=01;35:*.xpm=01;35:*.tif=01;35:*.tiff=01;35:*.png=01;35:*.svg=01;35:*.svgz=01;35:*.mng=01;35:*.pcx=01;35:*.mov=01;35:*.mpg=01;35:*.mpeg=01;35:*.m2v=01;35:*.mkv=01;35:*.webm=01;35:*.webp=01;35:*.ogm=01;35:*.mp4=01;35:*.m4v=01;35:*.mp4v=01;35:*.vob=01;35:*.qt=01;35:*.nuv=01;35:*.wmv=01;35:*.asf=01;35:*.rm=01;35:*.rmvb=01;35:*.flc=01;35:*.avi=01;35:*.fli=01;35:*.flv=01;35:*.gl=01;35:*.dl=01;35:*.xcf=01;35:*.xwd=01;35:*.yuv=01;35:*.cgm=01;35:*.emf=01;35:*.ogv=01;35:*.ogx=01;35:*.aac=00;36:*.au=00;36:*.flac=00;36:*.m4a=00;36:*.mid=00;36:*.midi=00;36:*.mka=00;36:*.mp3=00;36:*.mpc=00;36:*.ogg=00;36:*.ra=00;36:*.wav=00;36:*.oga=00;36:*.opus=00;36:*.spx=00;36:*.xspf=00;36:'), ('VSCODE_GIT_IPC_HANDLE', '/run/user/1000/vscode-git-c127e37d50.sock'), ('TERM_PROGRAM', 'vscode'), ('AMENT_PREFIX_PATH', '/home/limitbreakers/breakers_ws/install/sllidar_ros2:/home/limitbreakers/breakers_ws/install/diffdrive_arduino:/home/limitbreakers/breakers_ws/install/serial:/home/limitbreakers/breakers_ws/install/dojo:/home/limitbreakers/ros2_ws/install/serial:/home/limitbreakers/ros2_ws/install/rplidar_ros:/home/limitbreakers/ros2_ws/install/diffdrive_arduino:/home/limitbreakers/ros2_ws/install/articubot_one:/opt/ros/humble'), ('SHELL', '/bin/bash'), ('LC_NAME', 'C.UTF-8'), ('LESSCLOSE', '/usr/bin/lesspipe %s %s'), ('LC_MEASUREMENT', 'C.UTF-8'), ('LC_IDENTIFICATION', 'C.UTF-8'), ('VSCODE_GIT_ASKPASS_EXTRA_ARGS', ''), ('PWD', '/home/limitbreakers/breakers_ws/build/serial'), ('SSH_CONNECTION', '192.168.0.103 37368 192.168.0.104 22'), ('XDG_DATA_DIRS', '/usr/local/share:/usr/share:/var/lib/snapd/desktop'), ('PYTHONPATH', '/opt/ros/humble/lib/python3.10/site-packages:/opt/ros/humble/local/lib/python3.10/dist-packages'), ('LC_NUMERIC', 'C.UTF-8'), ('LC_PAPER', 'C.UTF-8'), ('COLCON', '1'), ('CMAKE_PREFIX_PATH', '/home/limitbreakers/breakers_ws/install/sllidar_ros2:/home/limitbreakers/breakers_ws/install/diffdrive_arduino:/home/limitbreakers/breakers_ws/install/serial:/home/limitbreakers/breakers_ws/install/dojo:/home/limitbreakers/ros2_ws/install/serial:/home/limitbreakers/ros2_ws/install/rplidar_ros:/home/limitbreakers/ros2_ws/install/diffdrive_arduino:/home/limitbreakers/ros2_ws/install/articubot_one:/opt/ros/humble')]), 'shell': False}
[0.101538] (-) TimerEvent: {}
[0.110754] (dojo) JobProgress: {'identifier': 'dojo', 'progress': 'cmake'}
[0.113072] (dojo) Command: {'cmd': ['/usr/bin/cmake', '/home/limitbreakers/breakers_ws/src/dojo', '-DAMENT_CMAKE_SYMLINK_INSTALL=1', '-DCMAKE_INSTALL_PREFIX=/home/limitbreakers/breakers_ws/install/dojo'], 'cwd': '/home/limitbreakers/breakers_ws/build/dojo', 'env': OrderedDict([('LESSOPEN', '| /usr/bin/lesspipe %s'), ('USER', 'limitbreakers'), ('SSH_CLIENT', '192.168.0.103 37368 22'), ('LC_TIME', 'C.UTF-8'), ('XDG_SESSION_TYPE', 'tty'), ('GIT_ASKPASS', '/home/limitbreakers/.vscode-server/cli/servers/Stable-6f17636121051a53c88d3e605c491d22af2ba755/server/extensions/git/dist/askpass.sh'), ('SHLVL', '2'), ('LD_LIBRARY_PATH', '/home/limitbreakers/breakers_ws/install/diffdrive_arduino/lib:/home/limitbreakers/breakers_ws/install/serial/lib:/home/limitbreakers/ros2_ws/install/serial/lib:/home/limitbreakers/ros2_ws/install/diffdrive_arduino/lib:/opt/ros/humble/opt/rviz_ogre_vendor/lib:/opt/ros/humble/lib/aarch64-linux-gnu:/opt/ros/humble/lib'), ('BROWSER', '/home/limitbreakers/.vscode-server/cli/servers/Stable-6f17636121051a53c88d3e605c491d22af2ba755/server/bin/helpers/browser.sh'), ('MOTD_SHOWN', 'pam'), ('HOME', '/home/limitbreakers'), ('OLDPWD', '/home/limitbreakers/breakers_ws/src'), ('TERM_PROGRAM_VERSION', '1.103.2'), ('VSCODE_IPC_HOOK_CLI', '/run/user/1000/vscode-ipc-1336b97d-b370-4369-a2a8-aecd27e3c16e.sock'), ('ROS_PYTHON_VERSION', '3'), ('VSCODE_GIT_ASKPASS_MAIN', '/home/limitbreakers/.vscode-server/cli/servers/Stable-6f17636121051a53c88d3e605c491d22af2ba755/server/extensions/git/dist/askpass-main.js'), ('LC_MONETARY', 'C.UTF-8'), ('VSCODE_GIT_ASKPASS_NODE', '/home/limitbreakers/.vscode-server/cli/servers/Stable-6f17636121051a53c88d3e605c491d22af2ba755/server/node'), ('SSL_CERT_FILE', '/usr/lib/ssl/certs/ca-certificates.crt'), ('DBUS_SESSION_BUS_ADDRESS', 'unix:path=/run/user/1000/bus'), ('COLORTERM', 'truecolor'), ('COLCON_PREFIX_PATH', '/home/limitbreakers/breakers_ws/install:/home/limitbreakers/ros2_ws/install'), ('ROS_DISTRO', 'humble'), ('LOGNAME', 'limitbreakers'), ('_', '/usr/bin/colcon'), ('ROS_VERSION', '2'), ('XDG_SESSION_CLASS', 'user'), ('TERM', 'xterm-256color'), ('XDG_SESSION_ID', '1'), ('ROS_LOCALHOST_ONLY', '0'), ('PATH', '/home/limitbreakers/.vscode-server/cli/servers/Stable-6f17636121051a53c88d3e605c491d22af2ba755/server/bin/remote-cli:/opt/ros/humble/bin:/usr/local/sbin:/usr/local/bin:/usr/sbin:/usr/bin:/sbin:/bin:/usr/games:/usr/local/games:/snap/bin'), ('LC_ADDRESS', 'C.UTF-8'), ('XDG_RUNTIME_DIR', '/run/user/1000'), ('SSL_CERT_DIR', '/usr/lib/ssl/certs'), ('LANG', 'C.UTF-8'), ('LC_TELEPHONE', 'C.UTF-8'), ('LS_COLORS', 'rs=0:di=01;34:ln=01;36:mh=00:pi=40;33:so=01;35:do=01;35:bd=40;33;01:cd=40;33;01:or=40;31;01:mi=00:su=37;41:sg=30;43:ca=30;41:tw=30;42:ow=34;42:st=37;44:ex=01;32:*.tar=01;31:*.tgz=01;31:*.arc=01;31:*.arj=01;31:*.taz=01;31:*.lha=01;31:*.lz4=01;31:*.lzh=01;31:*.lzma=01;31:*.tlz=01;31:*.txz=01;31:*.tzo=01;31:*.t7z=01;31:*.zip=01;31:*.z=01;31:*.dz=01;31:*.gz=01;31:*.lrz=01;31:*.lz=01;31:*.lzo=01;31:*.xz=01;31:*.zst=01;31:*.tzst=01;31:*.bz2=01;31:*.bz=01;31:*.tbz=01;31:*.tbz2=01;31:*.tz=01;31:*.deb=01;31:*.rpm=01;31:*.jar=01;31:*.war=01;31:*.ear=01;31:*.sar=01;31:*.rar=01;31:*.alz=01;31:*.ace=01;31:*.zoo=01;31:*.cpio=01;31:*.7z=01;31:*.rz=01;31:*.cab=01;31:*.wim=01;31:*.swm=01;31:*.dwm=01;31:*.esd=01;31:*.jpg=01;35:*.jpeg=01;35:*.mjpg=01;35:*.mjpeg=01;35:*.gif=01;35:*.bmp=01;35:*.pbm=01;35:*.pgm=01;35:*.ppm=01;35:*.tga=01;35:*.xbm=01;35:*.xpm=01;35:*.tif=01;35:*.tiff=01;35:*.png=01;35:*.svg=01;35:*.svgz=01;35:*.mng=01;35:*.pcx=01;35:*.mov=01;35:*.mpg=01;35:*.mpeg=01;35:*.m2v=01;35:*.mkv=01;35:*.webm=01;35:*.webp=01;35:*.ogm=01;35:*.mp4=01;35:*.m4v=01;35:*.mp4v=01;35:*.vob=01;35:*.qt=01;35:*.nuv=01;35:*.wmv=01;35:*.asf=01;35:*.rm=01;35:*.rmvb=01;35:*.flc=01;35:*.avi=01;35:*.fli=01;35:*.flv=01;35:*.gl=01;35:*.dl=01;35:*.xcf=01;35:*.xwd=01;35:*.yuv=01;35:*.cgm=01;35:*.emf=01;35:*.ogv=01;35:*.ogx=01;35:*.aac=00;36:*.au=00;36:*.flac=00;36:*.m4a=00;36:*.mid=00;36:*.midi=00;36:*.mka=00;36:*.mp3=00;36:*.mpc=00;36:*.ogg=00;36:*.ra=00;36:*.wav=00;36:*.oga=00;36:*.opus=00;36:*.spx=00;36:*.xspf=00;36:'), ('VSCODE_GIT_IPC_HANDLE', '/run/user/1000/vscode-git-c127e37d50.sock'), ('TERM_PROGRAM', 'vscode'), ('AMENT_PREFIX_PATH', '/home/limitbreakers/breakers_ws/install/sllidar_ros2:/home/limitbreakers/breakers_ws/install/diffdrive_arduino:/home/limitbreakers/breakers_ws/install/serial:/home/limitbreakers/breakers_ws/install/dojo:/home/limitbreakers/ros2_ws/install/serial:/home/limitbreakers/ros2_ws/install/rplidar_ros:/home/limitbreakers/ros2_ws/install/diffdrive_arduino:/home/limitbreakers/ros2_ws/install/articubot_one:/opt/ros/humble'), ('SHELL', '/bin/bash'), ('LC_NAME', 'C.UTF-8'), ('LESSCLOSE', '/usr/bin/lesspipe %s %s'), ('LC_MEASUREMENT', 'C.UTF-8'), ('LC_IDENTIFICATION', 'C.UTF-8'), ('VSCODE_GIT_ASKPASS_EXTRA_ARGS', ''), ('PWD', '/home/limitbreakers/breakers_ws/build/dojo'), ('SSH_CONNECTION', '192.168.0.103 37368 192.168.0.104 22'), ('XDG_DATA_DIRS', '/usr/local/share:/usr/share:/var/lib/snapd/desktop'), ('PYTHONPATH', '/opt/ros/humble/lib/python3.10/site-packages:/opt/ros/humble/local/lib/python3.10/dist-packages'), ('LC_NUMERIC', 'C.UTF-8'), ('LC_PAPER', 'C.UTF-8'), ('COLCON', '1'), ('CMAKE_PREFIX_PATH', '/home/limitbreakers/breakers_ws/install/sllidar_ros2:/home/limitbreakers/breakers_ws/install/diffdrive_arduino:/home/limitbreakers/breakers_ws/install/serial:/home/limitbreakers/breakers_ws/install/dojo:/home/limitbreakers/ros2_ws/install/serial:/home/limitbreakers/ros2_ws/install/rplidar_ros:/home/limitbreakers/ros2_ws/install/diffdrive_arduino:/home/limitbreakers/ros2_ws/install/articubot_one:/opt/ros/humble')]), 'shell': False}
[0.132623] (sllidar_ros2) JobProgress: {'identifier': 'sllidar_ros2', 'progress': 'cmake'}
[0.141434] (sllidar_ros2) Command: {'cmd': ['/usr/bin/cmake', '/home/limitbreakers/breakers_ws/src/sllidar_ros2', '-DAMENT_CMAKE_SYMLINK_INSTALL=1', '-DCMAKE_INSTALL_PREFIX=/home/limitbreakers/breakers_ws/install/sllidar_ros2'], 'cwd': '/home/limitbreakers/breakers_ws/build/sllidar_ros2', 'env': OrderedDict([('LESSOPEN', '| /usr/bin/lesspipe %s'), ('USER', 'limitbreakers'), ('SSH_CLIENT', '192.168.0.103 37368 22'), ('LC_TIME', 'C.UTF-8'), ('XDG_SESSION_TYPE', 'tty'), ('GIT_ASKPASS', '/home/limitbreakers/.vscode-server/cli/servers/Stable-6f17636121051a53c88d3e605c491d22af2ba755/server/extensions/git/dist/askpass.sh'), ('SHLVL', '2'), ('LD_LIBRARY_PATH', '/home/limitbreakers/breakers_ws/install/diffdrive_arduino/lib:/home/limitbreakers/breakers_ws/install/serial/lib:/home/limitbreakers/ros2_ws/install/serial/lib:/home/limitbreakers/ros2_ws/install/diffdrive_arduino/lib:/opt/ros/humble/opt/rviz_ogre_vendor/lib:/opt/ros/humble/lib/aarch64-linux-gnu:/opt/ros/humble/lib'), ('BROWSER', '/home/limitbreakers/.vscode-server/cli/servers/Stable-6f17636121051a53c88d3e605c491d22af2ba755/server/bin/helpers/browser.sh'), ('MOTD_SHOWN', 'pam'), ('HOME', '/home/limitbreakers'), ('OLDPWD', '/home/limitbreakers/breakers_ws/src'), ('TERM_PROGRAM_VERSION', '1.103.2'), ('VSCODE_IPC_HOOK_CLI', '/run/user/1000/vscode-ipc-1336b97d-b370-4369-a2a8-aecd27e3c16e.sock'), ('ROS_PYTHON_VERSION', '3'), ('VSCODE_GIT_ASKPASS_MAIN', '/home/limitbreakers/.vscode-server/cli/servers/Stable-6f17636121051a53c88d3e605c491d22af2ba755/server/extensions/git/dist/askpass-main.js'), ('LC_MONETARY', 'C.UTF-8'), ('VSCODE_GIT_ASKPASS_NODE', '/home/limitbreakers/.vscode-server/cli/servers/Stable-6f17636121051a53c88d3e605c491d22af2ba755/server/node'), ('SSL_CERT_FILE', '/usr/lib/ssl/certs/ca-certificates.crt'), ('DBUS_SESSION_BUS_ADDRESS', 'unix:path=/run/user/1000/bus'), ('COLORTERM', 'truecolor'), ('COLCON_PREFIX_PATH', '/home/limitbreakers/breakers_ws/install:/home/limitbreakers/ros2_ws/install'), ('ROS_DISTRO', 'humble'), ('LOGNAME', 'limitbreakers'), ('_', '/usr/bin/colcon'), ('ROS_VERSION', '2'), ('XDG_SESSION_CLASS', 'user'), ('TERM', 'xterm-256color'), ('XDG_SESSION_ID', '1'), ('ROS_LOCALHOST_ONLY', '0'), ('PATH', '/home/limitbreakers/.vscode-server/cli/servers/Stable-6f17636121051a53c88d3e605c491d22af2ba755/server/bin/remote-cli:/opt/ros/humble/bin:/usr/local/sbin:/usr/local/bin:/usr/sbin:/usr/bin:/sbin:/bin:/usr/games:/usr/local/games:/snap/bin'), ('LC_ADDRESS', 'C.UTF-8'), ('XDG_RUNTIME_DIR', '/run/user/1000'), ('SSL_CERT_DIR', '/usr/lib/ssl/certs'), ('LANG', 'C.UTF-8'), ('LC_TELEPHONE', 'C.UTF-8'), ('LS_COLORS', 'rs=0:di=01;34:ln=01;36:mh=00:pi=40;33:so=01;35:do=01;35:bd=40;33;01:cd=40;33;01:or=40;31;01:mi=00:su=37;41:sg=30;43:ca=30;41:tw=30;42:ow=34;42:st=37;44:ex=01;32:*.tar=01;31:*.tgz=01;31:*.arc=01;31:*.arj=01;31:*.taz=01;31:*.lha=01;31:*.lz4=01;31:*.lzh=01;31:*.lzma=01;31:*.tlz=01;31:*.txz=01;31:*.tzo=01;31:*.t7z=01;31:*.zip=01;31:*.z=01;31:*.dz=01;31:*.gz=01;31:*.lrz=01;31:*.lz=01;31:*.lzo=01;31:*.xz=01;31:*.zst=01;31:*.tzst=01;31:*.bz2=01;31:*.bz=01;31:*.tbz=01;31:*.tbz2=01;31:*.tz=01;31:*.deb=01;31:*.rpm=01;31:*.jar=01;31:*.war=01;31:*.ear=01;31:*.sar=01;31:*.rar=01;31:*.alz=01;31:*.ace=01;31:*.zoo=01;31:*.cpio=01;31:*.7z=01;31:*.rz=01;31:*.cab=01;31:*.wim=01;31:*.swm=01;31:*.dwm=01;31:*.esd=01;31:*.jpg=01;35:*.jpeg=01;35:*.mjpg=01;35:*.mjpeg=01;35:*.gif=01;35:*.bmp=01;35:*.pbm=01;35:*.pgm=01;35:*.ppm=01;35:*.tga=01;35:*.xbm=01;35:*.xpm=01;35:*.tif=01;35:*.tiff=01;35:*.png=01;35:*.svg=01;35:*.svgz=01;35:*.mng=01;35:*.pcx=01;35:*.mov=01;35:*.mpg=01;35:*.mpeg=01;35:*.m2v=01;35:*.mkv=01;35:*.webm=01;35:*.webp=01;35:*.ogm=01;35:*.mp4=01;35:*.m4v=01;35:*.mp4v=01;35:*.vob=01;35:*.qt=01;35:*.nuv=01;35:*.wmv=01;35:*.asf=01;35:*.rm=01;35:*.rmvb=01;35:*.flc=01;35:*.avi=01;35:*.fli=01;35:*.flv=01;35:*.gl=01;35:*.dl=01;35:*.xcf=01;35:*.xwd=01;35:*.yuv=01;35:*.cgm=01;35:*.emf=01;35:*.ogv=01;35:*.ogx=01;35:*.aac=00;36:*.au=00;36:*.flac=00;36:*.m4a=00;36:*.mid=00;36:*.midi=00;36:*.mka=00;36:*.mp3=00;36:*.mpc=00;36:*.ogg=00;36:*.ra=00;36:*.wav=00;36:*.oga=00;36:*.opus=00;36:*.spx=00;36:*.xspf=00;36:'), ('VSCODE_GIT_IPC_HANDLE', '/run/user/1000/vscode-git-c127e37d50.sock'), ('TERM_PROGRAM', 'vscode'), ('AMENT_PREFIX_PATH', '/home/limitbreakers/breakers_ws/install/sllidar_ros2:/home/limitbreakers/breakers_ws/install/diffdrive_arduino:/home/limitbreakers/breakers_ws/install/serial:/home/limitbreakers/breakers_ws/install/dojo:/home/limitbreakers/ros2_ws/install/serial:/home/limitbreakers/ros2_ws/install/rplidar_ros:/home/limitbreakers/ros2_ws/install/diffdrive_arduino:/home/limitbreakers/ros2_ws/install/articubot_one:/opt/ros/humble'), ('SHELL', '/bin/bash'), ('LC_NAME', 'C.UTF-8'), ('LESSCLOSE', '/usr/bin/lesspipe %s %s'), ('LC_MEASUREMENT', 'C.UTF-8'), ('LC_IDENTIFICATION', 'C.UTF-8'), ('VSCODE_GIT_ASKPASS_EXTRA_ARGS', ''), ('PWD', '/home/limitbreakers/breakers_ws/build/sllidar_ros2'), ('SSH_CONNECTION', '192.168.0.103 37368 192.168.0.104 22'), ('XDG_DATA_DIRS', '/usr/local/share:/usr/share:/var/lib/snapd/desktop'), ('PYTHONPATH', '/opt/ros/humble/lib/python3.10/site-packages:/opt/ros/humble/local/lib/python3.10/dist-packages'), ('LC_NUMERIC', 'C.UTF-8'), ('LC_PAPER', 'C.UTF-8'), ('COLCON', '1'), ('CMAKE_PREFIX_PATH', '/home/limitbreakers/breakers_ws/install/sllidar_ros2:/home/limitbreakers/breakers_ws/install/diffdrive_arduino:/home/limitbreakers/breakers_ws/install/serial:/home/limitbreakers/breakers_ws/install/dojo:/home/limitbreakers/ros2_ws/install/serial:/home/limitbreakers/ros2_ws/install/rplidar_ros:/home/limitbreakers/ros2_ws/install/diffdrive_arduino:/home/limitbreakers/ros2_ws/install/articubot_one:/opt/ros/humble')]), 'shell': False}
[0.201761] (-) TimerEvent: {}
[0.302576] (-) TimerEvent: {}
[0.403878] (-) TimerEvent: {}
[0.431938] (serial) StdoutLine: {'line': b'-- The C compiler identification is GNU 11.4.0\n'}
[0.446974] (dojo) StdoutLine: {'line': b'-- The C compiler identification is GNU 11.4.0\n'}
[0.461284] (sllidar_ros2) StdoutLine: {'line': b'-- The C compiler identification is GNU 11.4.0\n'}
[0.504105] (-) TimerEvent: {}
[0.605143] (-) TimerEvent: {}
[0.707226] (-) TimerEvent: {}
[0.758086] (serial) StdoutLine: {'line': b'-- The CXX compiler identification is GNU 11.4.0\n'}
[0.767284] (dojo) StdoutLine: {'line': b'-- The CXX compiler identification is GNU 11.4.0\n'}
[0.774812] (sllidar_ros2) StdoutLine: {'line': b'-- The CXX compiler identification is GNU 11.4.0\n'}
[0.791604] (serial) StdoutLine: {'line': b'-- Detecting C compiler ABI info\n'}
[0.798765] (dojo) StdoutLine: {'line': b'-- Detecting C compiler ABI info\n'}
[0.806815] (sllidar_ros2) StdoutLine: {'line': b'-- Detecting C compiler ABI info\n'}
[0.818066] (-) TimerEvent: {}
[0.919818] (-) TimerEvent: {}
[1.021684] (-) TimerEvent: {}
[1.123345] (-) TimerEvent: {}
[1.213403] (serial) StdoutLine: {'line': b'-- Detecting C compiler ABI info - done\n'}
[1.220102] (sllidar_ros2) StdoutLine: {'line': b'-- Detecting C compiler ABI info - done\n'}
[1.221146] (dojo) StdoutLine: {'line': b'-- Detecting C compiler ABI info - done\n'}
[1.223553] (-) TimerEvent: {}
[1.242542] (serial) StdoutLine: {'line': b'-- Check for working C compiler: /usr/bin/cc - skipped\n'}
[1.243456] (serial) StdoutLine: {'line': b'-- Detecting C compile features\n'}
[1.245110] (serial) StdoutLine: {'line': b'-- Detecting C compile features - done\n'}
[1.247096] (dojo) StdoutLine: {'line': b'-- Check for working C compiler: /usr/bin/cc - skipped\n'}
[1.248107] (dojo) StdoutLine: {'line': b'-- Detecting C compile features\n'}
[1.249665] (dojo) StdoutLine: {'line': b'-- Detecting C compile features - done\n'}
[1.250494] (sllidar_ros2) StdoutLine: {'line': b'-- Check for working C compiler: /usr/bin/cc - skipped\n'}
[1.251572] (sllidar_ros2) StdoutLine: {'line': b'-- Detecting C compile features\n'}
[1.252942] (sllidar_ros2) StdoutLine: {'line': b'-- Detecting C compile features - done\n'}
[1.257961] (serial) StdoutLine: {'line': b'-- Detecting CXX compiler ABI info\n'}
[1.263566] (dojo) StdoutLine: {'line': b'-- Detecting CXX compiler ABI info\n'}
[1.265337] (sllidar_ros2) StdoutLine: {'line': b'-- Detecting CXX compiler ABI info\n'}
[1.323860] (-) TimerEvent: {}
[1.424995] (-) TimerEvent: {}
[1.526646] (-) TimerEvent: {}
[1.628519] (-) TimerEvent: {}
[1.704879] (dojo) StdoutLine: {'line': b'-- Detecting CXX compiler ABI info - done\n'}
[1.710550] (serial) StdoutLine: {'line': b'-- Detecting CXX compiler ABI info - done\n'}
[1.717788] (sllidar_ros2) StdoutLine: {'line': b'-- Detecting CXX compiler ABI info - done\n'}
[1.728634] (-) TimerEvent: {}
[1.733197] (dojo) StdoutLine: {'line': b'-- Check for working CXX compiler: /usr/bin/c++ - skipped\n'}
[1.734326] (dojo) StdoutLine: {'line': b'-- Detecting CXX compile features\n'}
[1.736119] (dojo) StdoutLine: {'line': b'-- Detecting CXX compile features - done\n'}
[1.742253] (serial) StdoutLine: {'line': b'-- Check for working CXX compiler: /usr/bin/c++ - skipped\n'}
[1.743280] (serial) StdoutLine: {'line': b'-- Detecting CXX compile features\n'}
[1.744127] (sllidar_ros2) StdoutLine: {'line': b'-- Check for working CXX compiler: /usr/bin/c++ - skipped\n'}
[1.744967] (sllidar_ros2) StdoutLine: {'line': b'-- Detecting CXX compile features\n'}
[1.745843] (serial) StdoutLine: {'line': b'-- Detecting CXX compile features - done\n'}
[1.747722] (sllidar_ros2) StdoutLine: {'line': b'-- Detecting CXX compile features - done\n'}
[1.770787] (dojo) StdoutLine: {'line': b'-- Found ament_cmake: 1.3.12 (/opt/ros/humble/share/ament_cmake/cmake)\n'}
[1.779777] (serial) StdoutLine: {'line': b'-- Found ament_cmake: 1.3.12 (/opt/ros/humble/share/ament_cmake/cmake)\n'}
[1.781971] (sllidar_ros2) StdoutLine: {'line': b'-- Found ament_cmake: 1.3.12 (/opt/ros/humble/share/ament_cmake/cmake)\n'}
[1.828842] (-) TimerEvent: {}
[1.929964] (-) TimerEvent: {}
[2.032329] (-) TimerEvent: {}
[2.133954] (-) TimerEvent: {}
[2.235096] (-) TimerEvent: {}
[2.337097] (-) TimerEvent: {}
[2.438935] (-) TimerEvent: {}
[2.541078] (-) TimerEvent: {}
[2.642400] (-) TimerEvent: {}
[2.744089] (-) TimerEvent: {}
[2.845151] (-) TimerEvent: {}
[2.862819] (dojo) StdoutLine: {'line': b'-- Found Python3: /usr/bin/python3 (found version "3.10.12") found components: Interpreter \n'}
[2.895841] (serial) StdoutLine: {'line': b'-- Found Python3: /usr/bin/python3 (found version "3.10.12") found components: Interpreter \n'}
[2.944696] (sllidar_ros2) StdoutLine: {'line': b'-- Found Python3: /usr/bin/python3 (found version "3.10.12") found components: Interpreter \n'}
[2.945793] (-) TimerEvent: {}
[3.046922] (-) TimerEvent: {}
[3.148952] (-) TimerEvent: {}
[3.250835] (-) TimerEvent: {}
[3.352883] (-) TimerEvent: {}
[3.432899] (sllidar_ros2) StdoutLine: {'line': b'-- Override CMake install command with custom implementation using symlinks instead of copying resources\n'}
[3.440078] (dojo) StdoutLine: {'line': b'-- Override CMake install command with custom implementation using symlinks instead of copying resources\n'}
[3.444239] (serial) StdoutLine: {'line': b'-- Override CMake install command with custom implementation using symlinks instead of copying resources\n'}
[3.453009] (-) TimerEvent: {}
[3.554711] (-) TimerEvent: {}
[3.656155] (-) TimerEvent: {}
[3.757590] (-) TimerEvent: {}
[3.849465] (sllidar_ros2) StdoutLine: {'line': b'-- Found rclcpp: 16.0.14 (/opt/ros/humble/share/rclcpp/cmake)\n'}
[3.856203] (serial) StdoutLine: {'line': b'-- Found ament_cmake_gtest: 1.3.12 (/opt/ros/humble/share/ament_cmake_gtest/cmake)\n'}
[3.857798] (-) TimerEvent: {}
[3.887437] (dojo) StdoutLine: {'line': b'-- Found ament_lint_auto: 0.12.14 (/opt/ros/humble/share/ament_lint_auto/cmake)\n'}
[3.940441] (serial) StdoutLine: {'line': b'-- Found Boost: /usr/lib/aarch64-linux-gnu/cmake/Boost-1.74.0/BoostConfig.cmake (found version "1.74.0")  \n'}
[3.958038] (-) TimerEvent: {}
[3.973354] (serial) StdoutLine: {'line': b"-- Found gtest sources under '/opt/ros/humble/src/gtest_vendor': C++ tests using 'Google Test' will be built\n"}
[3.988305] (serial) StdoutLine: {'line': b'-- Looking for pthread.h\n'}
[4.058246] (-) TimerEvent: {}
[4.160134] (-) TimerEvent: {}
[4.261471] (-) TimerEvent: {}
[4.342777] (sllidar_ros2) StdoutLine: {'line': b'-- Found rosidl_generator_c: 3.1.7 (/opt/ros/humble/share/rosidl_generator_c/cmake)\n'}
[4.361684] (-) TimerEvent: {}
[4.409283] (sllidar_ros2) StdoutLine: {'line': b'-- Found rosidl_adapter: 3.1.7 (/opt/ros/humble/share/rosidl_adapter/cmake)\n'}
[4.436732] (serial) StdoutLine: {'line': b'-- Looking for pthread.h - found\n'}
[4.437815] (serial) StdoutLine: {'line': b'-- Performing Test CMAKE_HAVE_LIBC_PTHREAD\n'}
[4.461847] (-) TimerEvent: {}
[4.491660] (sllidar_ros2) StdoutLine: {'line': b'-- Found rosidl_generator_cpp: 3.1.7 (/opt/ros/humble/share/rosidl_generator_cpp/cmake)\n'}
[4.534830] (dojo) StdoutLine: {'line': b"-- Added test 'copyright' to check source files copyright and LICENSE\n"}
[4.562078] (-) TimerEvent: {}
[4.568333] (dojo) StdoutLine: {'line': b"-- Added test 'flake8' to check Python code syntax and style conventions\n"}
[4.575892] (dojo) StdoutLine: {'line': b"-- Added test 'lint_cmake' to check CMake code style\n"}
[4.581198] (dojo) StdoutLine: {'line': b"-- Added test 'pep257' to check Python code against some of the docstring style conventions in PEP 257\n"}
[4.593916] (sllidar_ros2) StdoutLine: {'line': b'-- Using all available rosidl_typesupport_c: rosidl_typesupport_fastrtps_c;rosidl_typesupport_introspection_c\n'}
[4.600366] (dojo) StdoutLine: {'line': b"-- Added test 'xmllint' to check XML markup files\n"}
[4.612251] (dojo) StdoutLine: {'line': b'-- Configuring done\n'}
[4.635090] (dojo) StdoutLine: {'line': b'-- Generating done\n'}
[4.643885] (dojo) StdoutLine: {'line': b'-- Build files have been written to: /home/limitbreakers/breakers_ws/build/dojo\n'}
[4.669662] (dojo) CommandEnded: {'returncode': 0}
[4.671068] (-) TimerEvent: {}
[4.672991] (dojo) JobProgress: {'identifier': 'dojo', 'progress': 'build'}
[4.673393] (dojo) Command: {'cmd': ['/usr/bin/cmake', '--build', '/home/limitbreakers/breakers_ws/build/dojo', '--', '-j4', '-l4'], 'cwd': '/home/limitbreakers/breakers_ws/build/dojo', 'env': OrderedDict([('LESSOPEN', '| /usr/bin/lesspipe %s'), ('USER', 'limitbreakers'), ('SSH_CLIENT', '192.168.0.103 37368 22'), ('LC_TIME', 'C.UTF-8'), ('XDG_SESSION_TYPE', 'tty'), ('GIT_ASKPASS', '/home/limitbreakers/.vscode-server/cli/servers/Stable-6f17636121051a53c88d3e605c491d22af2ba755/server/extensions/git/dist/askpass.sh'), ('SHLVL', '2'), ('LD_LIBRARY_PATH', '/home/limitbreakers/breakers_ws/install/diffdrive_arduino/lib:/home/limitbreakers/breakers_ws/install/serial/lib:/home/limitbreakers/ros2_ws/install/serial/lib:/home/limitbreakers/ros2_ws/install/diffdrive_arduino/lib:/opt/ros/humble/opt/rviz_ogre_vendor/lib:/opt/ros/humble/lib/aarch64-linux-gnu:/opt/ros/humble/lib'), ('BROWSER', '/home/limitbreakers/.vscode-server/cli/servers/Stable-6f17636121051a53c88d3e605c491d22af2ba755/server/bin/helpers/browser.sh'), ('MOTD_SHOWN', 'pam'), ('HOME', '/home/limitbreakers'), ('OLDPWD', '/home/limitbreakers/breakers_ws/src'), ('TERM_PROGRAM_VERSION', '1.103.2'), ('VSCODE_IPC_HOOK_CLI', '/run/user/1000/vscode-ipc-1336b97d-b370-4369-a2a8-aecd27e3c16e.sock'), ('ROS_PYTHON_VERSION', '3'), ('VSCODE_GIT_ASKPASS_MAIN', '/home/limitbreakers/.vscode-server/cli/servers/Stable-6f17636121051a53c88d3e605c491d22af2ba755/server/extensions/git/dist/askpass-main.js'), ('LC_MONETARY', 'C.UTF-8'), ('VSCODE_GIT_ASKPASS_NODE', '/home/limitbreakers/.vscode-server/cli/servers/Stable-6f17636121051a53c88d3e605c491d22af2ba755/server/node'), ('SSL_CERT_FILE', '/usr/lib/ssl/certs/ca-certificates.crt'), ('DBUS_SESSION_BUS_ADDRESS', 'unix:path=/run/user/1000/bus'), ('COLORTERM', 'truecolor'), ('COLCON_PREFIX_PATH', '/home/limitbreakers/breakers_ws/install:/home/limitbreakers/ros2_ws/install'), ('ROS_DISTRO', 'humble'), ('LOGNAME', 'limitbreakers'), ('_', '/usr/bin/colcon'), ('ROS_VERSION', '2'), ('XDG_SESSION_CLASS', 'user'), ('TERM', 'xterm-256color'), ('XDG_SESSION_ID', '1'), ('ROS_LOCALHOST_ONLY', '0'), ('PATH', '/home/limitbreakers/.vscode-server/cli/servers/Stable-6f17636121051a53c88d3e605c491d22af2ba755/server/bin/remote-cli:/opt/ros/humble/bin:/usr/local/sbin:/usr/local/bin:/usr/sbin:/usr/bin:/sbin:/bin:/usr/games:/usr/local/games:/snap/bin'), ('LC_ADDRESS', 'C.UTF-8'), ('XDG_RUNTIME_DIR', '/run/user/1000'), ('SSL_CERT_DIR', '/usr/lib/ssl/certs'), ('LANG', 'C.UTF-8'), ('LC_TELEPHONE', 'C.UTF-8'), ('LS_COLORS', 'rs=0:di=01;34:ln=01;36:mh=00:pi=40;33:so=01;35:do=01;35:bd=40;33;01:cd=40;33;01:or=40;31;01:mi=00:su=37;41:sg=30;43:ca=30;41:tw=30;42:ow=34;42:st=37;44:ex=01;32:*.tar=01;31:*.tgz=01;31:*.arc=01;31:*.arj=01;31:*.taz=01;31:*.lha=01;31:*.lz4=01;31:*.lzh=01;31:*.lzma=01;31:*.tlz=01;31:*.txz=01;31:*.tzo=01;31:*.t7z=01;31:*.zip=01;31:*.z=01;31:*.dz=01;31:*.gz=01;31:*.lrz=01;31:*.lz=01;31:*.lzo=01;31:*.xz=01;31:*.zst=01;31:*.tzst=01;31:*.bz2=01;31:*.bz=01;31:*.tbz=01;31:*.tbz2=01;31:*.tz=01;31:*.deb=01;31:*.rpm=01;31:*.jar=01;31:*.war=01;31:*.ear=01;31:*.sar=01;31:*.rar=01;31:*.alz=01;31:*.ace=01;31:*.zoo=01;31:*.cpio=01;31:*.7z=01;31:*.rz=01;31:*.cab=01;31:*.wim=01;31:*.swm=01;31:*.dwm=01;31:*.esd=01;31:*.jpg=01;35:*.jpeg=01;35:*.mjpg=01;35:*.mjpeg=01;35:*.gif=01;35:*.bmp=01;35:*.pbm=01;35:*.pgm=01;35:*.ppm=01;35:*.tga=01;35:*.xbm=01;35:*.xpm=01;35:*.tif=01;35:*.tiff=01;35:*.png=01;35:*.svg=01;35:*.svgz=01;35:*.mng=01;35:*.pcx=01;35:*.mov=01;35:*.mpg=01;35:*.mpeg=01;35:*.m2v=01;35:*.mkv=01;35:*.webm=01;35:*.webp=01;35:*.ogm=01;35:*.mp4=01;35:*.m4v=01;35:*.mp4v=01;35:*.vob=01;35:*.qt=01;35:*.nuv=01;35:*.wmv=01;35:*.asf=01;35:*.rm=01;35:*.rmvb=01;35:*.flc=01;35:*.avi=01;35:*.fli=01;35:*.flv=01;35:*.gl=01;35:*.dl=01;35:*.xcf=01;35:*.xwd=01;35:*.yuv=01;35:*.cgm=01;35:*.emf=01;35:*.ogv=01;35:*.ogx=01;35:*.aac=00;36:*.au=00;36:*.flac=00;36:*.m4a=00;36:*.mid=00;36:*.midi=00;36:*.mka=00;36:*.mp3=00;36:*.mpc=00;36:*.ogg=00;36:*.ra=00;36:*.wav=00;36:*.oga=00;36:*.opus=00;36:*.spx=00;36:*.xspf=00;36:'), ('VSCODE_GIT_IPC_HANDLE', '/run/user/1000/vscode-git-c127e37d50.sock'), ('TERM_PROGRAM', 'vscode'), ('AMENT_PREFIX_PATH', '/home/limitbreakers/breakers_ws/install/sllidar_ros2:/home/limitbreakers/breakers_ws/install/diffdrive_arduino:/home/limitbreakers/breakers_ws/install/serial:/home/limitbreakers/breakers_ws/install/dojo:/home/limitbreakers/ros2_ws/install/serial:/home/limitbreakers/ros2_ws/install/rplidar_ros:/home/limitbreakers/ros2_ws/install/diffdrive_arduino:/home/limitbreakers/ros2_ws/install/articubot_one:/opt/ros/humble'), ('SHELL', '/bin/bash'), ('LC_NAME', 'C.UTF-8'), ('LESSCLOSE', '/usr/bin/lesspipe %s %s'), ('LC_MEASUREMENT', 'C.UTF-8'), ('LC_IDENTIFICATION', 'C.UTF-8'), ('VSCODE_GIT_ASKPASS_EXTRA_ARGS', ''), ('PWD', '/home/limitbreakers/breakers_ws/build/dojo'), ('SSH_CONNECTION', '192.168.0.103 37368 192.168.0.104 22'), ('XDG_DATA_DIRS', '/usr/local/share:/usr/share:/var/lib/snapd/desktop'), ('PYTHONPATH', '/opt/ros/humble/lib/python3.10/site-packages:/opt/ros/humble/local/lib/python3.10/dist-packages'), ('LC_NUMERIC', 'C.UTF-8'), ('LC_PAPER', 'C.UTF-8'), ('COLCON', '1'), ('CMAKE_PREFIX_PATH', '/home/limitbreakers/breakers_ws/install/sllidar_ros2:/home/limitbreakers/breakers_ws/install/diffdrive_arduino:/home/limitbreakers/breakers_ws/install/serial:/home/limitbreakers/breakers_ws/install/dojo:/home/limitbreakers/ros2_ws/install/serial:/home/limitbreakers/ros2_ws/install/rplidar_ros:/home/limitbreakers/ros2_ws/install/diffdrive_arduino:/home/limitbreakers/ros2_ws/install/articubot_one:/opt/ros/humble')]), 'shell': False}
[4.741673] (sllidar_ros2) StdoutLine: {'line': b'-- Using all available rosidl_typesupport_cpp: rosidl_typesupport_fastrtps_cpp;rosidl_typesupport_introspection_cpp\n'}
[4.771359] (-) TimerEvent: {}
[4.834771] (serial) StdoutLine: {'line': b'-- Performing Test CMAKE_HAVE_LIBC_PTHREAD - Success\n'}
[4.839340] (serial) StdoutLine: {'line': b'-- Found Threads: TRUE  \n'}
[4.856607] (dojo) CommandEnded: {'returncode': 0}
[4.858386] (dojo) JobProgress: {'identifier': 'dojo', 'progress': 'install'}
[4.871629] (-) TimerEvent: {}
[4.898560] (dojo) Command: {'cmd': ['/usr/bin/cmake', '--install', '/home/limitbreakers/breakers_ws/build/dojo'], 'cwd': '/home/limitbreakers/breakers_ws/build/dojo', 'env': OrderedDict([('LESSOPEN', '| /usr/bin/lesspipe %s'), ('USER', 'limitbreakers'), ('SSH_CLIENT', '192.168.0.103 37368 22'), ('LC_TIME', 'C.UTF-8'), ('XDG_SESSION_TYPE', 'tty'), ('GIT_ASKPASS', '/home/limitbreakers/.vscode-server/cli/servers/Stable-6f17636121051a53c88d3e605c491d22af2ba755/server/extensions/git/dist/askpass.sh'), ('SHLVL', '2'), ('LD_LIBRARY_PATH', '/home/limitbreakers/breakers_ws/install/diffdrive_arduino/lib:/home/limitbreakers/breakers_ws/install/serial/lib:/home/limitbreakers/ros2_ws/install/serial/lib:/home/limitbreakers/ros2_ws/install/diffdrive_arduino/lib:/opt/ros/humble/opt/rviz_ogre_vendor/lib:/opt/ros/humble/lib/aarch64-linux-gnu:/opt/ros/humble/lib'), ('BROWSER', '/home/limitbreakers/.vscode-server/cli/servers/Stable-6f17636121051a53c88d3e605c491d22af2ba755/server/bin/helpers/browser.sh'), ('MOTD_SHOWN', 'pam'), ('HOME', '/home/limitbreakers'), ('OLDPWD', '/home/limitbreakers/breakers_ws/src'), ('TERM_PROGRAM_VERSION', '1.103.2'), ('VSCODE_IPC_HOOK_CLI', '/run/user/1000/vscode-ipc-1336b97d-b370-4369-a2a8-aecd27e3c16e.sock'), ('ROS_PYTHON_VERSION', '3'), ('VSCODE_GIT_ASKPASS_MAIN', '/home/limitbreakers/.vscode-server/cli/servers/Stable-6f17636121051a53c88d3e605c491d22af2ba755/server/extensions/git/dist/askpass-main.js'), ('LC_MONETARY', 'C.UTF-8'), ('VSCODE_GIT_ASKPASS_NODE', '/home/limitbreakers/.vscode-server/cli/servers/Stable-6f17636121051a53c88d3e605c491d22af2ba755/server/node'), ('SSL_CERT_FILE', '/usr/lib/ssl/certs/ca-certificates.crt'), ('DBUS_SESSION_BUS_ADDRESS', 'unix:path=/run/user/1000/bus'), ('COLORTERM', 'truecolor'), ('COLCON_PREFIX_PATH', '/home/limitbreakers/breakers_ws/install:/home/limitbreakers/ros2_ws/install'), ('ROS_DISTRO', 'humble'), ('LOGNAME', 'limitbreakers'), ('_', '/usr/bin/colcon'), ('ROS_VERSION', '2'), ('XDG_SESSION_CLASS', 'user'), ('TERM', 'xterm-256color'), ('XDG_SESSION_ID', '1'), ('ROS_LOCALHOST_ONLY', '0'), ('PATH', '/home/limitbreakers/.vscode-server/cli/servers/Stable-6f17636121051a53c88d3e605c491d22af2ba755/server/bin/remote-cli:/opt/ros/humble/bin:/usr/local/sbin:/usr/local/bin:/usr/sbin:/usr/bin:/sbin:/bin:/usr/games:/usr/local/games:/snap/bin'), ('LC_ADDRESS', 'C.UTF-8'), ('XDG_RUNTIME_DIR', '/run/user/1000'), ('SSL_CERT_DIR', '/usr/lib/ssl/certs'), ('LANG', 'C.UTF-8'), ('LC_TELEPHONE', 'C.UTF-8'), ('LS_COLORS', 'rs=0:di=01;34:ln=01;36:mh=00:pi=40;33:so=01;35:do=01;35:bd=40;33;01:cd=40;33;01:or=40;31;01:mi=00:su=37;41:sg=30;43:ca=30;41:tw=30;42:ow=34;42:st=37;44:ex=01;32:*.tar=01;31:*.tgz=01;31:*.arc=01;31:*.arj=01;31:*.taz=01;31:*.lha=01;31:*.lz4=01;31:*.lzh=01;31:*.lzma=01;31:*.tlz=01;31:*.txz=01;31:*.tzo=01;31:*.t7z=01;31:*.zip=01;31:*.z=01;31:*.dz=01;31:*.gz=01;31:*.lrz=01;31:*.lz=01;31:*.lzo=01;31:*.xz=01;31:*.zst=01;31:*.tzst=01;31:*.bz2=01;31:*.bz=01;31:*.tbz=01;31:*.tbz2=01;31:*.tz=01;31:*.deb=01;31:*.rpm=01;31:*.jar=01;31:*.war=01;31:*.ear=01;31:*.sar=01;31:*.rar=01;31:*.alz=01;31:*.ace=01;31:*.zoo=01;31:*.cpio=01;31:*.7z=01;31:*.rz=01;31:*.cab=01;31:*.wim=01;31:*.swm=01;31:*.dwm=01;31:*.esd=01;31:*.jpg=01;35:*.jpeg=01;35:*.mjpg=01;35:*.mjpeg=01;35:*.gif=01;35:*.bmp=01;35:*.pbm=01;35:*.pgm=01;35:*.ppm=01;35:*.tga=01;35:*.xbm=01;35:*.xpm=01;35:*.tif=01;35:*.tiff=01;35:*.png=01;35:*.svg=01;35:*.svgz=01;35:*.mng=01;35:*.pcx=01;35:*.mov=01;35:*.mpg=01;35:*.mpeg=01;35:*.m2v=01;35:*.mkv=01;35:*.webm=01;35:*.webp=01;35:*.ogm=01;35:*.mp4=01;35:*.m4v=01;35:*.mp4v=01;35:*.vob=01;35:*.qt=01;35:*.nuv=01;35:*.wmv=01;35:*.asf=01;35:*.rm=01;35:*.rmvb=01;35:*.flc=01;35:*.avi=01;35:*.fli=01;35:*.flv=01;35:*.gl=01;35:*.dl=01;35:*.xcf=01;35:*.xwd=01;35:*.yuv=01;35:*.cgm=01;35:*.emf=01;35:*.ogv=01;35:*.ogx=01;35:*.aac=00;36:*.au=00;36:*.flac=00;36:*.m4a=00;36:*.mid=00;36:*.midi=00;36:*.mka=00;36:*.mp3=00;36:*.mpc=00;36:*.ogg=00;36:*.ra=00;36:*.wav=00;36:*.oga=00;36:*.opus=00;36:*.spx=00;36:*.xspf=00;36:'), ('VSCODE_GIT_IPC_HANDLE', '/run/user/1000/vscode-git-c127e37d50.sock'), ('TERM_PROGRAM', 'vscode'), ('AMENT_PREFIX_PATH', '/home/limitbreakers/breakers_ws/install/sllidar_ros2:/home/limitbreakers/breakers_ws/install/diffdrive_arduino:/home/limitbreakers/breakers_ws/install/serial:/home/limitbreakers/breakers_ws/install/dojo:/home/limitbreakers/ros2_ws/install/serial:/home/limitbreakers/ros2_ws/install/rplidar_ros:/home/limitbreakers/ros2_ws/install/diffdrive_arduino:/home/limitbreakers/ros2_ws/install/articubot_one:/opt/ros/humble'), ('SHELL', '/bin/bash'), ('LC_NAME', 'C.UTF-8'), ('LESSCLOSE', '/usr/bin/lesspipe %s %s'), ('LC_MEASUREMENT', 'C.UTF-8'), ('LC_IDENTIFICATION', 'C.UTF-8'), ('VSCODE_GIT_ASKPASS_EXTRA_ARGS', ''), ('PWD', '/home/limitbreakers/breakers_ws/build/dojo'), ('SSH_CONNECTION', '192.168.0.103 37368 192.168.0.104 22'), ('XDG_DATA_DIRS', '/usr/local/share:/usr/share:/var/lib/snapd/desktop'), ('PYTHONPATH', '/opt/ros/humble/lib/python3.10/site-packages:/opt/ros/humble/local/lib/python3.10/dist-packages'), ('LC_NUMERIC', 'C.UTF-8'), ('LC_PAPER', 'C.UTF-8'), ('COLCON', '1'), ('CMAKE_PREFIX_PATH', '/home/limitbreakers/breakers_ws/install/sllidar_ros2:/home/limitbreakers/breakers_ws/install/diffdrive_arduino:/home/limitbreakers/breakers_ws/install/serial:/home/limitbreakers/breakers_ws/install/dojo:/home/limitbreakers/ros2_ws/install/serial:/home/limitbreakers/ros2_ws/install/rplidar_ros:/home/limitbreakers/ros2_ws/install/diffdrive_arduino:/home/limitbreakers/ros2_ws/install/articubot_one:/opt/ros/humble')]), 'shell': False}
[4.933136] (dojo) StdoutLine: {'line': b'-- Install configuration: ""\n'}
[4.937100] (dojo) StdoutLine: {'line': b'-- Execute custom install script\n'}
[4.940884] (dojo) StdoutLine: {'line': b'-- Symlinking: /home/limitbreakers/breakers_ws/install/dojo/share/dojo/config/default_view.rviz\n'}
[4.971825] (-) TimerEvent: {}
[4.985228] (dojo) StdoutLine: {'line': b'-- Symlinking: /home/limitbreakers/breakers_ws/install/dojo/share/dojo/config/empty.yaml\n'}
[5.033397] (dojo) StdoutLine: {'line': b'-- Symlinking: /home/limitbreakers/breakers_ws/install/dojo/share/dojo/config/my_controllers.yaml\n'}
[5.072020] (-) TimerEvent: {}
[5.074270] (dojo) StdoutLine: {'line': b'-- Symlinking: /home/limitbreakers/breakers_ws/install/dojo/share/dojo/config/twist_mux.yaml\n'}
[5.112782] (dojo) StdoutLine: {'line': b'-- Symlinking: /home/limitbreakers/breakers_ws/install/dojo/share/dojo/description/gazebo_control.xacro\n'}
[5.155857] (dojo) StdoutLine: {'line': b'-- Symlinking: /home/limitbreakers/breakers_ws/install/dojo/share/dojo/description/inertial_macros.xacro\n'}
[5.172474] (-) TimerEvent: {}
[5.182935] (sllidar_ros2) StdoutLine: {'line': b'-- Found rmw_implementation_cmake: 6.1.2 (/opt/ros/humble/share/rmw_implementation_cmake/cmake)\n'}
[5.214100] (dojo) StdoutLine: {'line': b'-- Symlinking: /home/limitbreakers/breakers_ws/install/dojo/share/dojo/description/lidar.xacro\n'}
[5.216403] (sllidar_ros2) StdoutLine: {'line': b'-- Found rmw_fastrtps_cpp: 6.2.8 (/opt/ros/humble/share/rmw_fastrtps_cpp/cmake)\n'}
[5.233554] (serial) StdoutLine: {'line': b'-- Configuring done\n'}
[5.250344] (dojo) StdoutLine: {'line': b'-- Symlinking: /home/limitbreakers/breakers_ws/install/dojo/share/dojo/description/robot.urdf.xacro\n'}
[5.272616] (-) TimerEvent: {}
[5.289585] (dojo) StdoutLine: {'line': b'-- Symlinking: /home/limitbreakers/breakers_ws/install/dojo/share/dojo/description/robot_core.xacro\n'}
[5.309670] (serial) StdoutLine: {'line': b'-- Generating done\n'}
[5.330932] (dojo) StdoutLine: {'line': b'-- Symlinking: /home/limitbreakers/breakers_ws/install/dojo/share/dojo/description/ros2_control.xacro\n'}
[5.333154] (serial) StdoutLine: {'line': b'-- Build files have been written to: /home/limitbreakers/breakers_ws/build/serial\n'}
[5.360663] (serial) CommandEnded: {'returncode': 0}
[5.362433] (serial) JobProgress: {'identifier': 'serial', 'progress': 'build'}
[5.362588] (serial) Command: {'cmd': ['/usr/bin/cmake', '--build', '/home/limitbreakers/breakers_ws/build/serial', '--', '-j4', '-l4'], 'cwd': '/home/limitbreakers/breakers_ws/build/serial', 'env': OrderedDict([('LESSOPEN', '| /usr/bin/lesspipe %s'), ('USER', 'limitbreakers'), ('SSH_CLIENT', '192.168.0.103 37368 22'), ('LC_TIME', 'C.UTF-8'), ('XDG_SESSION_TYPE', 'tty'), ('GIT_ASKPASS', '/home/limitbreakers/.vscode-server/cli/servers/Stable-6f17636121051a53c88d3e605c491d22af2ba755/server/extensions/git/dist/askpass.sh'), ('SHLVL', '2'), ('LD_LIBRARY_PATH', '/home/limitbreakers/breakers_ws/install/diffdrive_arduino/lib:/home/limitbreakers/breakers_ws/install/serial/lib:/home/limitbreakers/ros2_ws/install/serial/lib:/home/limitbreakers/ros2_ws/install/diffdrive_arduino/lib:/opt/ros/humble/opt/rviz_ogre_vendor/lib:/opt/ros/humble/lib/aarch64-linux-gnu:/opt/ros/humble/lib'), ('BROWSER', '/home/limitbreakers/.vscode-server/cli/servers/Stable-6f17636121051a53c88d3e605c491d22af2ba755/server/bin/helpers/browser.sh'), ('MOTD_SHOWN', 'pam'), ('HOME', '/home/limitbreakers'), ('OLDPWD', '/home/limitbreakers/breakers_ws/src'), ('TERM_PROGRAM_VERSION', '1.103.2'), ('VSCODE_IPC_HOOK_CLI', '/run/user/1000/vscode-ipc-1336b97d-b370-4369-a2a8-aecd27e3c16e.sock'), ('ROS_PYTHON_VERSION', '3'), ('VSCODE_GIT_ASKPASS_MAIN', '/home/limitbreakers/.vscode-server/cli/servers/Stable-6f17636121051a53c88d3e605c491d22af2ba755/server/extensions/git/dist/askpass-main.js'), ('LC_MONETARY', 'C.UTF-8'), ('VSCODE_GIT_ASKPASS_NODE', '/home/limitbreakers/.vscode-server/cli/servers/Stable-6f17636121051a53c88d3e605c491d22af2ba755/server/node'), ('SSL_CERT_FILE', '/usr/lib/ssl/certs/ca-certificates.crt'), ('DBUS_SESSION_BUS_ADDRESS', 'unix:path=/run/user/1000/bus'), ('COLORTERM', 'truecolor'), ('COLCON_PREFIX_PATH', '/home/limitbreakers/breakers_ws/install:/home/limitbreakers/ros2_ws/install'), ('ROS_DISTRO', 'humble'), ('LOGNAME', 'limitbreakers'), ('_', '/usr/bin/colcon'), ('ROS_VERSION', '2'), ('XDG_SESSION_CLASS', 'user'), ('TERM', 'xterm-256color'), ('XDG_SESSION_ID', '1'), ('ROS_LOCALHOST_ONLY', '0'), ('PATH', '/home/limitbreakers/.vscode-server/cli/servers/Stable-6f17636121051a53c88d3e605c491d22af2ba755/server/bin/remote-cli:/opt/ros/humble/bin:/usr/local/sbin:/usr/local/bin:/usr/sbin:/usr/bin:/sbin:/bin:/usr/games:/usr/local/games:/snap/bin'), ('LC_ADDRESS', 'C.UTF-8'), ('XDG_RUNTIME_DIR', '/run/user/1000'), ('SSL_CERT_DIR', '/usr/lib/ssl/certs'), ('LANG', 'C.UTF-8'), ('LC_TELEPHONE', 'C.UTF-8'), ('LS_COLORS', 'rs=0:di=01;34:ln=01;36:mh=00:pi=40;33:so=01;35:do=01;35:bd=40;33;01:cd=40;33;01:or=40;31;01:mi=00:su=37;41:sg=30;43:ca=30;41:tw=30;42:ow=34;42:st=37;44:ex=01;32:*.tar=01;31:*.tgz=01;31:*.arc=01;31:*.arj=01;31:*.taz=01;31:*.lha=01;31:*.lz4=01;31:*.lzh=01;31:*.lzma=01;31:*.tlz=01;31:*.txz=01;31:*.tzo=01;31:*.t7z=01;31:*.zip=01;31:*.z=01;31:*.dz=01;31:*.gz=01;31:*.lrz=01;31:*.lz=01;31:*.lzo=01;31:*.xz=01;31:*.zst=01;31:*.tzst=01;31:*.bz2=01;31:*.bz=01;31:*.tbz=01;31:*.tbz2=01;31:*.tz=01;31:*.deb=01;31:*.rpm=01;31:*.jar=01;31:*.war=01;31:*.ear=01;31:*.sar=01;31:*.rar=01;31:*.alz=01;31:*.ace=01;31:*.zoo=01;31:*.cpio=01;31:*.7z=01;31:*.rz=01;31:*.cab=01;31:*.wim=01;31:*.swm=01;31:*.dwm=01;31:*.esd=01;31:*.jpg=01;35:*.jpeg=01;35:*.mjpg=01;35:*.mjpeg=01;35:*.gif=01;35:*.bmp=01;35:*.pbm=01;35:*.pgm=01;35:*.ppm=01;35:*.tga=01;35:*.xbm=01;35:*.xpm=01;35:*.tif=01;35:*.tiff=01;35:*.png=01;35:*.svg=01;35:*.svgz=01;35:*.mng=01;35:*.pcx=01;35:*.mov=01;35:*.mpg=01;35:*.mpeg=01;35:*.m2v=01;35:*.mkv=01;35:*.webm=01;35:*.webp=01;35:*.ogm=01;35:*.mp4=01;35:*.m4v=01;35:*.mp4v=01;35:*.vob=01;35:*.qt=01;35:*.nuv=01;35:*.wmv=01;35:*.asf=01;35:*.rm=01;35:*.rmvb=01;35:*.flc=01;35:*.avi=01;35:*.fli=01;35:*.flv=01;35:*.gl=01;35:*.dl=01;35:*.xcf=01;35:*.xwd=01;35:*.yuv=01;35:*.cgm=01;35:*.emf=01;35:*.ogv=01;35:*.ogx=01;35:*.aac=00;36:*.au=00;36:*.flac=00;36:*.m4a=00;36:*.mid=00;36:*.midi=00;36:*.mka=00;36:*.mp3=00;36:*.mpc=00;36:*.ogg=00;36:*.ra=00;36:*.wav=00;36:*.oga=00;36:*.opus=00;36:*.spx=00;36:*.xspf=00;36:'), ('VSCODE_GIT_IPC_HANDLE', '/run/user/1000/vscode-git-c127e37d50.sock'), ('TERM_PROGRAM', 'vscode'), ('AMENT_PREFIX_PATH', '/home/limitbreakers/breakers_ws/install/sllidar_ros2:/home/limitbreakers/breakers_ws/install/diffdrive_arduino:/home/limitbreakers/breakers_ws/install/serial:/home/limitbreakers/breakers_ws/install/dojo:/home/limitbreakers/ros2_ws/install/serial:/home/limitbreakers/ros2_ws/install/rplidar_ros:/home/limitbreakers/ros2_ws/install/diffdrive_arduino:/home/limitbreakers/ros2_ws/install/articubot_one:/opt/ros/humble'), ('SHELL', '/bin/bash'), ('LC_NAME', 'C.UTF-8'), ('LESSCLOSE', '/usr/bin/lesspipe %s %s'), ('LC_MEASUREMENT', 'C.UTF-8'), ('LC_IDENTIFICATION', 'C.UTF-8'), ('VSCODE_GIT_ASKPASS_EXTRA_ARGS', ''), ('PWD', '/home/limitbreakers/breakers_ws/build/serial'), ('SSH_CONNECTION', '192.168.0.103 37368 192.168.0.104 22'), ('XDG_DATA_DIRS', '/usr/local/share:/usr/share:/var/lib/snapd/desktop'), ('PYTHONPATH', '/opt/ros/humble/lib/python3.10/site-packages:/opt/ros/humble/local/lib/python3.10/dist-packages'), ('LC_NUMERIC', 'C.UTF-8'), ('LC_PAPER', 'C.UTF-8'), ('COLCON', '1'), ('CMAKE_PREFIX_PATH', '/home/limitbreakers/breakers_ws/install/sllidar_ros2:/home/limitbreakers/breakers_ws/install/diffdrive_arduino:/home/limitbreakers/breakers_ws/install/serial:/home/limitbreakers/breakers_ws/install/dojo:/home/limitbreakers/ros2_ws/install/serial:/home/limitbreakers/ros2_ws/install/rplidar_ros:/home/limitbreakers/ros2_ws/install/diffdrive_arduino:/home/limitbreakers/ros2_ws/install/articubot_one:/opt/ros/humble')]), 'shell': False}
[5.372806] (-) TimerEvent: {}
[5.374413] (dojo) StdoutLine: {'line': b'-- Symlinking: /home/limitbreakers/breakers_ws/install/dojo/share/dojo/launch/launch_robot.launch.py\n'}
[5.411630] (dojo) StdoutLine: {'line': b'-- Symlinking: /home/limitbreakers/breakers_ws/install/dojo/share/dojo/launch/launch_sim.launch.py\n'}
[5.451791] (dojo) StdoutLine: {'line': b'-- Symlinking: /home/limitbreakers/breakers_ws/install/dojo/share/dojo/launch/rsp.launch.py\n'}
[5.473046] (-) TimerEvent: {}
[5.488446] (dojo) StdoutLine: {'line': b'-- Symlinking: /home/limitbreakers/breakers_ws/install/dojo/share/dojo/worlds/dojo2024\n'}
[5.571761] (dojo) StdoutLine: {'line': b'-- Symlinking: /home/limitbreakers/breakers_ws/install/dojo/share/dojo/worlds/empty.world\n'}
[5.574095] (-) TimerEvent: {}
[5.618909] (serial) StdoutLine: {'line': b'[  7%] \x1b[32mBuilding CXX object CMakeFiles/serial.dir/src/serial.cc.o\x1b[0m\n'}
[5.635310] (dojo) StdoutLine: {'line': b'-- Symlinking: /home/limitbreakers/breakers_ws/install/dojo/share/dojo/worlds/world_model/model.config\n'}
[5.638909] (serial) StdoutLine: {'line': b'[ 14%] \x1b[32mBuilding CXX object gtest/CMakeFiles/gtest.dir/src/gtest-all.cc.o\x1b[0m\n'}
[5.670239] (serial) StdoutLine: {'line': b'[ 21%] \x1b[32mBuilding CXX object CMakeFiles/serial.dir/src/impl/unix.cc.o\x1b[0m\n'}
[5.673708] (serial) StdoutLine: {'line': b'[ 28%] \x1b[32mBuilding CXX object gtest/CMakeFiles/gtest_main.dir/src/gtest_main.cc.o\x1b[0m\n'}
[5.674436] (-) TimerEvent: {}
[5.688493] (dojo) StdoutLine: {'line': b'-- Symlinking: /home/limitbreakers/breakers_ws/install/dojo/share/dojo/worlds/world_model/model.sdf\n'}
[5.731827] (dojo) StdoutLine: {'line': b'-- Symlinking: /home/limitbreakers/breakers_ws/install/dojo/share/ament_index/resource_index/package_run_dependencies/dojo\n'}
[5.774959] (-) TimerEvent: {}
[5.873424] (dojo) StdoutLine: {'line': b'-- Symlinking: /home/limitbreakers/breakers_ws/install/dojo/share/ament_index/resource_index/parent_prefix_path/dojo\n'}
[5.875961] (-) TimerEvent: {}
[5.929953] (dojo) StdoutLine: {'line': b'-- Symlinking: /home/limitbreakers/breakers_ws/install/dojo/share/dojo/environment/ament_prefix_path.sh\n'}
[5.976191] (-) TimerEvent: {}
[6.001261] (dojo) StdoutLine: {'line': b'-- Symlinking: /home/limitbreakers/breakers_ws/install/dojo/share/dojo/environment/ament_prefix_path.dsv\n'}
[6.076523] (-) TimerEvent: {}
[6.104586] (dojo) StdoutLine: {'line': b'-- Symlinking: /home/limitbreakers/breakers_ws/install/dojo/share/dojo/environment/path.sh\n'}
[6.106107] (sllidar_ros2) StdoutLine: {'line': b'-- Found OpenSSL: /usr/lib/aarch64-linux-gnu/libcrypto.so (found version "3.0.2")  \n'}
[6.176768] (-) TimerEvent: {}
[6.211824] (dojo) StdoutLine: {'line': b'-- Symlinking: /home/limitbreakers/breakers_ws/install/dojo/share/dojo/environment/path.dsv\n'}
[6.272290] (dojo) StdoutLine: {'line': b'-- Symlinking: /home/limitbreakers/breakers_ws/install/dojo/share/dojo/local_setup.bash\n'}
[6.277063] (-) TimerEvent: {}
[6.320093] (dojo) StdoutLine: {'line': b'-- Symlinking: /home/limitbreakers/breakers_ws/install/dojo/share/dojo/local_setup.sh\n'}
[6.377289] (-) TimerEvent: {}
[6.418439] (sllidar_ros2) StdoutLine: {'line': b'-- Found FastRTPS: /opt/ros/humble/include  \n'}
[6.420820] (dojo) StdoutLine: {'line': b'-- Symlinking: /home/limitbreakers/breakers_ws/install/dojo/share/dojo/local_setup.zsh\n'}
[6.477545] (-) TimerEvent: {}
[6.515743] (dojo) StdoutLine: {'line': b'-- Symlinking: /home/limitbreakers/breakers_ws/install/dojo/share/dojo/local_setup.dsv\n'}
[6.575664] (dojo) StdoutLine: {'line': b'-- Symlinking: /home/limitbreakers/breakers_ws/install/dojo/share/dojo/package.dsv\n'}
[6.578341] (-) TimerEvent: {}
[6.624224] (dojo) StdoutLine: {'line': b'-- Symlinking: /home/limitbreakers/breakers_ws/install/dojo/share/ament_index/resource_index/packages/dojo\n'}
[6.670136] (dojo) StdoutLine: {'line': b'-- Symlinking: /home/limitbreakers/breakers_ws/install/dojo/share/dojo/cmake/dojoConfig.cmake\n'}
[6.678599] (-) TimerEvent: {}
[6.717709] (dojo) StdoutLine: {'line': b'-- Symlinking: /home/limitbreakers/breakers_ws/install/dojo/share/dojo/cmake/dojoConfig-version.cmake\n'}
[6.766471] (dojo) StdoutLine: {'line': b'-- Symlinking: /home/limitbreakers/breakers_ws/install/dojo/share/dojo/package.xml\n'}
[6.778895] (-) TimerEvent: {}
[6.845501] (dojo) CommandEnded: {'returncode': 0}
[6.880827] (-) TimerEvent: {}
[6.982105] (-) TimerEvent: {}
[7.084901] (-) TimerEvent: {}
[7.092351] (dojo) JobEnded: {'identifier': 'dojo', 'rc': 0}
[7.185281] (-) TimerEvent: {}
[7.286424] (-) TimerEvent: {}
[7.299709] (sllidar_ros2) StdoutLine: {'line': b"-- Using RMW implementation 'rmw_fastrtps_cpp' as default\n"}
[7.386785] (-) TimerEvent: {}
[7.488078] (-) TimerEvent: {}
[7.527009] (sllidar_ros2) StdoutLine: {'line': b'-- Looking for pthread.h\n'}
[7.588404] (-) TimerEvent: {}
[7.689774] (-) TimerEvent: {}
[7.790875] (-) TimerEvent: {}
[7.892064] (-) TimerEvent: {}
[7.993455] (-) TimerEvent: {}
[8.094909] (-) TimerEvent: {}
[8.197636] (-) TimerEvent: {}
[8.299397] (-) TimerEvent: {}
[8.401341] (-) TimerEvent: {}
[8.443427] (sllidar_ros2) StdoutLine: {'line': b'-- Looking for pthread.h - found\n'}
[8.458310] (sllidar_ros2) StdoutLine: {'line': b'-- Performing Test CMAKE_HAVE_LIBC_PTHREAD\n'}
[8.501511] (-) TimerEvent: {}
[8.603395] (-) TimerEvent: {}
[8.705525] (-) TimerEvent: {}
[8.807537] (-) TimerEvent: {}
[8.909605] (-) TimerEvent: {}
[9.011735] (-) TimerEvent: {}
[9.113959] (-) TimerEvent: {}
[9.215771] (-) TimerEvent: {}
[9.317963] (-) TimerEvent: {}
[9.420055] (-) TimerEvent: {}
[9.449467] (sllidar_ros2) StdoutLine: {'line': b'-- Performing Test CMAKE_HAVE_LIBC_PTHREAD - Success\n'}
[9.469183] (sllidar_ros2) StdoutLine: {'line': b'-- Found Threads: TRUE  \n'}
[9.477471] (serial) StdoutLine: {'line': b'[ 35%] \x1b[32mBuilding CXX object CMakeFiles/serial.dir/src/impl/list_ports/list_ports_linux.cc.o\x1b[0m\n'}
[9.520359] (-) TimerEvent: {}
[9.621538] (-) TimerEvent: {}
[9.723082] (-) TimerEvent: {}
[9.825123] (-) TimerEvent: {}
[9.926915] (-) TimerEvent: {}
[10.029033] (-) TimerEvent: {}
[10.130761] (-) TimerEvent: {}
[10.232389] (-) TimerEvent: {}
[10.280606] (sllidar_ros2) StdoutLine: {'line': b'-- Found sensor_msgs: 4.9.0 (/opt/ros/humble/share/sensor_msgs/cmake)\n'}
[10.332807] (-) TimerEvent: {}
[10.434956] (-) TimerEvent: {}
[10.536988] (-) TimerEvent: {}
[10.601640] (sllidar_ros2) StdoutLine: {'line': b'-- Found std_srvs: 4.9.0 (/opt/ros/humble/share/std_srvs/cmake)\n'}
[10.637394] (-) TimerEvent: {}
[10.739368] (-) TimerEvent: {}
[10.841761] (-) TimerEvent: {}
[10.956792] (-) TimerEvent: {}
[11.058954] (-) TimerEvent: {}
[11.161021] (-) TimerEvent: {}
[11.262862] (-) TimerEvent: {}
[11.366330] (-) TimerEvent: {}
[11.468569] (-) TimerEvent: {}
[11.570737] (-) TimerEvent: {}
[11.617006] (sllidar_ros2) StdoutLine: {'line': b'-- Configuring done\n'}
[11.670992] (-) TimerEvent: {}
[11.772228] (-) TimerEvent: {}
[11.778466] (sllidar_ros2) StdoutLine: {'line': b'-- Generating done\n'}
[11.818229] (sllidar_ros2) StdoutLine: {'line': b'-- Build files have been written to: /home/limitbreakers/breakers_ws/build/sllidar_ros2\n'}
[11.872609] (-) TimerEvent: {}
[11.894898] (sllidar_ros2) CommandEnded: {'returncode': 0}
[11.909280] (sllidar_ros2) JobProgress: {'identifier': 'sllidar_ros2', 'progress': 'build'}
[11.909806] (sllidar_ros2) Command: {'cmd': ['/usr/bin/cmake', '--build', '/home/limitbreakers/breakers_ws/build/sllidar_ros2', '--', '-j4', '-l4'], 'cwd': '/home/limitbreakers/breakers_ws/build/sllidar_ros2', 'env': OrderedDict([('LESSOPEN', '| /usr/bin/lesspipe %s'), ('USER', 'limitbreakers'), ('SSH_CLIENT', '192.168.0.103 37368 22'), ('LC_TIME', 'C.UTF-8'), ('XDG_SESSION_TYPE', 'tty'), ('GIT_ASKPASS', '/home/limitbreakers/.vscode-server/cli/servers/Stable-6f17636121051a53c88d3e605c491d22af2ba755/server/extensions/git/dist/askpass.sh'), ('SHLVL', '2'), ('LD_LIBRARY_PATH', '/home/limitbreakers/breakers_ws/install/diffdrive_arduino/lib:/home/limitbreakers/breakers_ws/install/serial/lib:/home/limitbreakers/ros2_ws/install/serial/lib:/home/limitbreakers/ros2_ws/install/diffdrive_arduino/lib:/opt/ros/humble/opt/rviz_ogre_vendor/lib:/opt/ros/humble/lib/aarch64-linux-gnu:/opt/ros/humble/lib'), ('BROWSER', '/home/limitbreakers/.vscode-server/cli/servers/Stable-6f17636121051a53c88d3e605c491d22af2ba755/server/bin/helpers/browser.sh'), ('MOTD_SHOWN', 'pam'), ('HOME', '/home/limitbreakers'), ('OLDPWD', '/home/limitbreakers/breakers_ws/src'), ('TERM_PROGRAM_VERSION', '1.103.2'), ('VSCODE_IPC_HOOK_CLI', '/run/user/1000/vscode-ipc-1336b97d-b370-4369-a2a8-aecd27e3c16e.sock'), ('ROS_PYTHON_VERSION', '3'), ('VSCODE_GIT_ASKPASS_MAIN', '/home/limitbreakers/.vscode-server/cli/servers/Stable-6f17636121051a53c88d3e605c491d22af2ba755/server/extensions/git/dist/askpass-main.js'), ('LC_MONETARY', 'C.UTF-8'), ('VSCODE_GIT_ASKPASS_NODE', '/home/limitbreakers/.vscode-server/cli/servers/Stable-6f17636121051a53c88d3e605c491d22af2ba755/server/node'), ('SSL_CERT_FILE', '/usr/lib/ssl/certs/ca-certificates.crt'), ('DBUS_SESSION_BUS_ADDRESS', 'unix:path=/run/user/1000/bus'), ('COLORTERM', 'truecolor'), ('COLCON_PREFIX_PATH', '/home/limitbreakers/breakers_ws/install:/home/limitbreakers/ros2_ws/install'), ('ROS_DISTRO', 'humble'), ('LOGNAME', 'limitbreakers'), ('_', '/usr/bin/colcon'), ('ROS_VERSION', '2'), ('XDG_SESSION_CLASS', 'user'), ('TERM', 'xterm-256color'), ('XDG_SESSION_ID', '1'), ('ROS_LOCALHOST_ONLY', '0'), ('PATH', '/home/limitbreakers/.vscode-server/cli/servers/Stable-6f17636121051a53c88d3e605c491d22af2ba755/server/bin/remote-cli:/opt/ros/humble/bin:/usr/local/sbin:/usr/local/bin:/usr/sbin:/usr/bin:/sbin:/bin:/usr/games:/usr/local/games:/snap/bin'), ('LC_ADDRESS', 'C.UTF-8'), ('XDG_RUNTIME_DIR', '/run/user/1000'), ('SSL_CERT_DIR', '/usr/lib/ssl/certs'), ('LANG', 'C.UTF-8'), ('LC_TELEPHONE', 'C.UTF-8'), ('LS_COLORS', 'rs=0:di=01;34:ln=01;36:mh=00:pi=40;33:so=01;35:do=01;35:bd=40;33;01:cd=40;33;01:or=40;31;01:mi=00:su=37;41:sg=30;43:ca=30;41:tw=30;42:ow=34;42:st=37;44:ex=01;32:*.tar=01;31:*.tgz=01;31:*.arc=01;31:*.arj=01;31:*.taz=01;31:*.lha=01;31:*.lz4=01;31:*.lzh=01;31:*.lzma=01;31:*.tlz=01;31:*.txz=01;31:*.tzo=01;31:*.t7z=01;31:*.zip=01;31:*.z=01;31:*.dz=01;31:*.gz=01;31:*.lrz=01;31:*.lz=01;31:*.lzo=01;31:*.xz=01;31:*.zst=01;31:*.tzst=01;31:*.bz2=01;31:*.bz=01;31:*.tbz=01;31:*.tbz2=01;31:*.tz=01;31:*.deb=01;31:*.rpm=01;31:*.jar=01;31:*.war=01;31:*.ear=01;31:*.sar=01;31:*.rar=01;31:*.alz=01;31:*.ace=01;31:*.zoo=01;31:*.cpio=01;31:*.7z=01;31:*.rz=01;31:*.cab=01;31:*.wim=01;31:*.swm=01;31:*.dwm=01;31:*.esd=01;31:*.jpg=01;35:*.jpeg=01;35:*.mjpg=01;35:*.mjpeg=01;35:*.gif=01;35:*.bmp=01;35:*.pbm=01;35:*.pgm=01;35:*.ppm=01;35:*.tga=01;35:*.xbm=01;35:*.xpm=01;35:*.tif=01;35:*.tiff=01;35:*.png=01;35:*.svg=01;35:*.svgz=01;35:*.mng=01;35:*.pcx=01;35:*.mov=01;35:*.mpg=01;35:*.mpeg=01;35:*.m2v=01;35:*.mkv=01;35:*.webm=01;35:*.webp=01;35:*.ogm=01;35:*.mp4=01;35:*.m4v=01;35:*.mp4v=01;35:*.vob=01;35:*.qt=01;35:*.nuv=01;35:*.wmv=01;35:*.asf=01;35:*.rm=01;35:*.rmvb=01;35:*.flc=01;35:*.avi=01;35:*.fli=01;35:*.flv=01;35:*.gl=01;35:*.dl=01;35:*.xcf=01;35:*.xwd=01;35:*.yuv=01;35:*.cgm=01;35:*.emf=01;35:*.ogv=01;35:*.ogx=01;35:*.aac=00;36:*.au=00;36:*.flac=00;36:*.m4a=00;36:*.mid=00;36:*.midi=00;36:*.mka=00;36:*.mp3=00;36:*.mpc=00;36:*.ogg=00;36:*.ra=00;36:*.wav=00;36:*.oga=00;36:*.opus=00;36:*.spx=00;36:*.xspf=00;36:'), ('VSCODE_GIT_IPC_HANDLE', '/run/user/1000/vscode-git-c127e37d50.sock'), ('TERM_PROGRAM', 'vscode'), ('AMENT_PREFIX_PATH', '/home/limitbreakers/breakers_ws/install/sllidar_ros2:/home/limitbreakers/breakers_ws/install/diffdrive_arduino:/home/limitbreakers/breakers_ws/install/serial:/home/limitbreakers/breakers_ws/install/dojo:/home/limitbreakers/ros2_ws/install/serial:/home/limitbreakers/ros2_ws/install/rplidar_ros:/home/limitbreakers/ros2_ws/install/diffdrive_arduino:/home/limitbreakers/ros2_ws/install/articubot_one:/opt/ros/humble'), ('SHELL', '/bin/bash'), ('LC_NAME', 'C.UTF-8'), ('LESSCLOSE', '/usr/bin/lesspipe %s %s'), ('LC_MEASUREMENT', 'C.UTF-8'), ('LC_IDENTIFICATION', 'C.UTF-8'), ('VSCODE_GIT_ASKPASS_EXTRA_ARGS', ''), ('PWD', '/home/limitbreakers/breakers_ws/build/sllidar_ros2'), ('SSH_CONNECTION', '192.168.0.103 37368 192.168.0.104 22'), ('XDG_DATA_DIRS', '/usr/local/share:/usr/share:/var/lib/snapd/desktop'), ('PYTHONPATH', '/opt/ros/humble/lib/python3.10/site-packages:/opt/ros/humble/local/lib/python3.10/dist-packages'), ('LC_NUMERIC', 'C.UTF-8'), ('LC_PAPER', 'C.UTF-8'), ('COLCON', '1'), ('CMAKE_PREFIX_PATH', '/home/limitbreakers/breakers_ws/install/sllidar_ros2:/home/limitbreakers/breakers_ws/install/diffdrive_arduino:/home/limitbreakers/breakers_ws/install/serial:/home/limitbreakers/breakers_ws/install/dojo:/home/limitbreakers/ros2_ws/install/serial:/home/limitbreakers/ros2_ws/install/rplidar_ros:/home/limitbreakers/ros2_ws/install/diffdrive_arduino:/home/limitbreakers/ros2_ws/install/articubot_one:/opt/ros/humble')]), 'shell': False}
[11.973054] (-) TimerEvent: {}
[12.075016] (-) TimerEvent: {}
[12.176237] (-) TimerEvent: {}
[12.277504] (-) TimerEvent: {}
[12.378649] (-) TimerEvent: {}
[12.404215] (sllidar_ros2) StdoutLine: {'line': b'[  5%] \x1b[32mBuilding CXX object CMakeFiles/sllidar_client.dir/src/sllidar_client.cpp.o\x1b[0m\n'}
[12.478993] (-) TimerEvent: {}
[12.512882] (sllidar_ros2) StdoutLine: {'line': b'[ 10%] \x1b[32mBuilding CXX object CMakeFiles/sllidar_node.dir/src/sllidar_node.cpp.o\x1b[0m\n'}
[12.517724] (sllidar_ros2) StdoutLine: {'line': b'[ 15%] \x1b[32mBuilding CXX object CMakeFiles/sllidar_node.dir/sdk/src/arch/linux/net_socket.cpp.o\x1b[0m\n'}
[12.544841] (sllidar_ros2) StdoutLine: {'line': b'[ 20%] \x1b[32mBuilding CXX object CMakeFiles/sllidar_node.dir/sdk/src/arch/linux/net_serial.cpp.o\x1b[0m\n'}
[12.579349] (-) TimerEvent: {}
[12.682398] (-) TimerEvent: {}
[12.786089] (-) TimerEvent: {}
[12.888984] (-) TimerEvent: {}
[12.990599] (-) TimerEvent: {}
[13.092569] (-) TimerEvent: {}
[13.193499] (-) TimerEvent: {}
[13.295226] (-) TimerEvent: {}
[13.396710] (-) TimerEvent: {}
[13.498322] (-) TimerEvent: {}
[13.600145] (-) TimerEvent: {}
[13.703537] (-) TimerEvent: {}
[13.807310] (-) TimerEvent: {}
[13.910737] (-) TimerEvent: {}
[14.013399] (-) TimerEvent: {}
[14.115192] (-) TimerEvent: {}
[14.218138] (-) TimerEvent: {}
[14.299344] (serial) StdoutLine: {'line': b'[ 42%] \x1b[32m\x1b[1mLinking CXX static library libgtest_main.a\x1b[0m\n'}
[14.318479] (-) TimerEvent: {}
[14.421596] (-) TimerEvent: {}
[14.525419] (-) TimerEvent: {}
[14.627384] (-) TimerEvent: {}
[14.729451] (-) TimerEvent: {}
[14.831208] (-) TimerEvent: {}
[14.857426] (serial) StdoutLine: {'line': b'[ 42%] Built target gtest_main\n'}
[14.888160] (serial) StdoutLine: {'line': b'[ 50%] \x1b[32m\x1b[1mLinking CXX static library libserial.a\x1b[0m\n'}
[14.931438] (-) TimerEvent: {}
[15.032893] (-) TimerEvent: {}
[15.134377] (-) TimerEvent: {}
[15.235959] (-) TimerEvent: {}
[15.337552] (-) TimerEvent: {}
[15.351281] (serial) StdoutLine: {'line': b'[ 50%] Built target serial\n'}
[15.437781] (-) TimerEvent: {}
[15.538604] (-) TimerEvent: {}
[15.639654] (-) TimerEvent: {}
[15.659098] (serial) StdoutLine: {'line': b'[ 57%] \x1b[32mBuilding CXX object CMakeFiles/serial_example.dir/examples/serial_example.cc.o\x1b[0m\n'}
[15.739986] (-) TimerEvent: {}
[15.841741] (-) TimerEvent: {}
[15.943163] (-) TimerEvent: {}
[16.044421] (-) TimerEvent: {}
[16.145721] (-) TimerEvent: {}
[16.247222] (-) TimerEvent: {}
[16.349895] (-) TimerEvent: {}
[16.452023] (-) TimerEvent: {}
[16.554078] (-) TimerEvent: {}
[16.656345] (-) TimerEvent: {}
[16.758273] (-) TimerEvent: {}
[16.860028] (-) TimerEvent: {}
[16.962095] (-) TimerEvent: {}
[17.064478] (-) TimerEvent: {}
[17.173998] (-) TimerEvent: {}
[17.276653] (-) TimerEvent: {}
[17.380102] (-) TimerEvent: {}
[17.481949] (-) TimerEvent: {}
[17.584128] (-) TimerEvent: {}
[17.686263] (-) TimerEvent: {}
[17.789365] (-) TimerEvent: {}
[17.891872] (-) TimerEvent: {}
[17.994258] (-) TimerEvent: {}
[18.097280] (-) TimerEvent: {}
[18.199203] (-) TimerEvent: {}
[18.203346] (sllidar_ros2) StderrLine: {'line': b'In file included from \x1b[01m\x1b[K/home/limitbreakers/breakers_ws/src/sllidar_ros2/./sdk/include/rplidar_protocol.h:36\x1b[m\x1b[K,\n'}
[18.204977] (sllidar_ros2) StderrLine: {'line': b'                 from \x1b[01m\x1b[K/home/limitbreakers/breakers_ws/src/sllidar_ros2/./sdk/include/rplidar.h:39\x1b[m\x1b[K,\n'}
[18.206428] (sllidar_ros2) StderrLine: {'line': b'                 from \x1b[01m\x1b[K/home/limitbreakers/breakers_ws/src/sllidar_ros2/./sdk/src/sdkcommon.h:49\x1b[m\x1b[K,\n'}
[18.208156] (sllidar_ros2) StderrLine: {'line': b'                 from \x1b[01m\x1b[K/home/limitbreakers/breakers_ws/src/sllidar_ros2/sdk/src/arch/linux/net_socket.cpp:10\x1b[m\x1b[K:\n'}
[18.209720] (sllidar_ros2) StderrLine: {'line': b'\x1b[01m\x1b[K/home/limitbreakers/breakers_ws/src/sllidar_ros2/./sdk/include/sl_lidar_protocol.h:66:16:\x1b[m\x1b[K \x1b[01;35m\x1b[Kwarning: \x1b[m\x1b[KISO C++ forbids zero-size array \xe2\x80\x98\x1b[01m\x1b[Kdata\x1b[m\x1b[K\xe2\x80\x99 [\x1b[01;35m\x1b[K\x1b]8;;https://gcc.gnu.org/onlinedocs/gcc/Warning-Options.html#index-Wpedantic\x07-Wpedantic\x1b]8;;\x07\x1b[m\x1b[K]\n'}
[18.211404] (sllidar_ros2) StderrLine: {'line': b'   66 |     sl_u8 data[\x1b[01;35m\x1b[K0\x1b[m\x1b[K];\n'}
[18.212673] (sllidar_ros2) StderrLine: {'line': b'      |                \x1b[01;35m\x1b[K^\x1b[m\x1b[K\n'}
[18.216310] (sllidar_ros2) StderrLine: {'line': b'In file included from \x1b[01m\x1b[K/home/limitbreakers/breakers_ws/src/sllidar_ros2/./sdk/include/rplidar_cmd.h:36\x1b[m\x1b[K,\n'}
[18.217944] (sllidar_ros2) StderrLine: {'line': b'                 from \x1b[01m\x1b[K/home/limitbreakers/breakers_ws/src/sllidar_ros2/./sdk/include/rplidar.h:40\x1b[m\x1b[K,\n'}
[18.219843] (sllidar_ros2) StderrLine: {'line': b'                 from \x1b[01m\x1b[K/home/limitbreakers/breakers_ws/src/sllidar_ros2/./sdk/src/sdkcommon.h:49\x1b[m\x1b[K,\n'}
[18.221380] (sllidar_ros2) StderrLine: {'line': b'                 from \x1b[01m\x1b[K/home/limitbreakers/breakers_ws/src/sllidar_ros2/sdk/src/arch/linux/net_socket.cpp:10\x1b[m\x1b[K:\n'}
[18.229584] (sllidar_ros2) StderrLine: {'line': b'\x1b[01m\x1b[K/home/limitbreakers/breakers_ws/src/sllidar_ros2/./sdk/include/sl_lidar_cmd.h:324:20:\x1b[m\x1b[K \x1b[01;35m\x1b[Kwarning: \x1b[m\x1b[KISO C++ forbids zero-size array \xe2\x80\x98\x1b[01m\x1b[Kpayload\x1b[m\x1b[K\xe2\x80\x99 [\x1b[01;35m\x1b[K\x1b]8;;https://gcc.gnu.org/onlinedocs/gcc/Warning-Options.html#index-Wpedantic\x07-Wpedantic\x1b]8;;\x07\x1b[m\x1b[K]\n'}
[18.230677] (sllidar_ros2) StderrLine: {'line': b'  324 |     sl_u8  payload[\x1b[01;35m\x1b[K0\x1b[m\x1b[K];\n'}
[18.231535] (sllidar_ros2) StderrLine: {'line': b'      |                    \x1b[01;35m\x1b[K^\x1b[m\x1b[K\n'}
[18.299475] (-) TimerEvent: {}
[18.400781] (-) TimerEvent: {}
[18.501992] (-) TimerEvent: {}
[18.604045] (-) TimerEvent: {}
[18.706166] (-) TimerEvent: {}
[18.792665] (sllidar_ros2) StderrLine: {'line': b'In file included from \x1b[01m\x1b[K/home/limitbreakers/breakers_ws/src/sllidar_ros2/./sdk/src/arch/linux/arch_linux.h:42\x1b[m\x1b[K,\n'}
[18.794096] (sllidar_ros2) StderrLine: {'line': b'                 from \x1b[01m\x1b[K/home/limitbreakers/breakers_ws/src/sllidar_ros2/./sdk/src/sdkcommon.h:41\x1b[m\x1b[K,\n'}
[18.795522] (sllidar_ros2) StderrLine: {'line': b'                 from \x1b[01m\x1b[K/home/limitbreakers/breakers_ws/src/sllidar_ros2/sdk/src/arch/linux/net_socket.cpp:10\x1b[m\x1b[K:\n'}
[18.797260] (sllidar_ros2) StderrLine: {'line': b'\x1b[01m\x1b[K/home/limitbreakers/breakers_ws/src/sllidar_ros2/sdk/src/arch/linux/net_socket.cpp:\x1b[m\x1b[K In member function \xe2\x80\x98\x1b[01m\x1b[Kvirtual u_result rp::arch::net::DGramSocketImpl::sendTo(const rp::net::SocketAddress*, const void*, size_t)\x1b[m\x1b[K\xe2\x80\x99:\n'}
[18.799042] (sllidar_ros2) StderrLine: {'line': b'\x1b[01m\x1b[K/home/limitbreakers/breakers_ws/src/sllidar_ros2/sdk/src/arch/linux/net_socket.cpp:733:24:\x1b[m\x1b[K \x1b[01;35m\x1b[Kwarning: \x1b[m\x1b[Kcomparison of integer expressions of different signedness: \xe2\x80\x98\x1b[01m\x1b[Kint\x1b[m\x1b[K\xe2\x80\x99 and \xe2\x80\x98\x1b[01m\x1b[Ksize_t\x1b[m\x1b[K\xe2\x80\x99 {aka \xe2\x80\x98\x1b[01m\x1b[Klong unsigned int\x1b[m\x1b[K\xe2\x80\x99} [\x1b[01;35m\x1b[K\x1b]8;;https://gcc.gnu.org/onlinedocs/gcc/Warning-Options.html#index-Wsign-compare\x07-Wsign-compare\x1b]8;;\x07\x1b[m\x1b[K]\n'}
[18.800795] (sllidar_ros2) StderrLine: {'line': b'  733 |             assert(\x1b[01;35m\x1b[Kans == len\x1b[m\x1b[K);\n'}
[18.802326] (sllidar_ros2) StderrLine: {'line': b'      |                    \x1b[01;35m\x1b[K~~~~^~~~~~\x1b[m\x1b[K\n'}
[18.806422] (-) TimerEvent: {}
[18.908659] (-) TimerEvent: {}
[19.009969] (-) TimerEvent: {}
[19.111016] (-) TimerEvent: {}
[19.152370] (sllidar_ros2) StderrLine: {'line': b'\x1b[01m\x1b[K/home/limitbreakers/breakers_ws/src/sllidar_ros2/sdk/src/arch/linux/net_serial.cpp:\x1b[m\x1b[K In member function \xe2\x80\x98\x1b[01m\x1b[Kbool rp::arch::net::raw_serial::open(const char*, uint32_t, uint32_t)\x1b[m\x1b[K\xe2\x80\x99:\n'}
[19.153261] (sllidar_ros2) StderrLine: {'line': b'\x1b[01m\x1b[K/home/limitbreakers/breakers_ws/src/sllidar_ros2/sdk/src/arch/linux/net_serial.cpp:97:74:\x1b[m\x1b[K \x1b[01;35m\x1b[Kwarning: \x1b[m\x1b[Kunused parameter \xe2\x80\x98\x1b[01m\x1b[Kflags\x1b[m\x1b[K\xe2\x80\x99 [\x1b[01;35m\x1b[K\x1b]8;;https://gcc.gnu.org/onlinedocs/gcc/Warning-Options.html#index-Wunused-parameter\x07-Wunused-parameter\x1b]8;;\x07\x1b[m\x1b[K]\n'}
[19.154329] (sllidar_ros2) StderrLine: {'line': b'   97 | bool raw_serial::open(const char * portname, uint32_t baudrate, \x1b[01;35m\x1b[Kuint32_t flags\x1b[m\x1b[K)\n'}
[19.155274] (sllidar_ros2) StderrLine: {'line': b'      |                                                                 \x1b[01;35m\x1b[K~~~~~~~~~^~~~~\x1b[m\x1b[K\n'}
[19.159520] (sllidar_ros2) StderrLine: {'line': b'\x1b[01m\x1b[K/home/limitbreakers/breakers_ws/src/sllidar_ros2/sdk/src/arch/linux/net_serial.cpp:\x1b[m\x1b[K In member function \xe2\x80\x98\x1b[01m\x1b[Kvirtual void rp::arch::net::raw_serial::flush(_u32)\x1b[m\x1b[K\xe2\x80\x99:\n'}
[19.161003] (sllidar_ros2) StderrLine: {'line': b'\x1b[01m\x1b[K/home/limitbreakers/breakers_ws/src/sllidar_ros2/sdk/src/arch/linux/net_serial.cpp:281:30:\x1b[m\x1b[K \x1b[01;35m\x1b[Kwarning: \x1b[m\x1b[Kunused parameter \xe2\x80\x98\x1b[01m\x1b[Kflags\x1b[m\x1b[K\xe2\x80\x99 [\x1b[01;35m\x1b[K\x1b]8;;https://gcc.gnu.org/onlinedocs/gcc/Warning-Options.html#index-Wunused-parameter\x07-Wunused-parameter\x1b]8;;\x07\x1b[m\x1b[K]\n'}
[19.161892] (sllidar_ros2) StderrLine: {'line': b'  281 | void raw_serial::flush( \x1b[01;35m\x1b[K_u32 flags\x1b[m\x1b[K)\n'}
[19.162926] (sllidar_ros2) StderrLine: {'line': b'      |                         \x1b[01;35m\x1b[K~~~~~^~~~~\x1b[m\x1b[K\n'}
[19.163696] (sllidar_ros2) StderrLine: {'line': b'\x1b[01m\x1b[K/home/limitbreakers/breakers_ws/src/sllidar_ros2/sdk/src/arch/linux/net_serial.cpp:\x1b[m\x1b[K In member function \xe2\x80\x98\x1b[01m\x1b[Kvirtual int rp::arch::net::raw_serial::waitforsent(_u32, size_t*)\x1b[m\x1b[K\xe2\x80\x99:\n'}
[19.164715] (sllidar_ros2) StderrLine: {'line': b'\x1b[01m\x1b[K/home/limitbreakers/breakers_ws/src/sllidar_ros2/sdk/src/arch/linux/net_serial.cpp:286:34:\x1b[m\x1b[K \x1b[01;35m\x1b[Kwarning: \x1b[m\x1b[Kunused parameter \xe2\x80\x98\x1b[01m\x1b[Ktimeout\x1b[m\x1b[K\xe2\x80\x99 [\x1b[01;35m\x1b[K\x1b]8;;https://gcc.gnu.org/onlinedocs/gcc/Warning-Options.html#index-Wunused-parameter\x07-Wunused-parameter\x1b]8;;\x07\x1b[m\x1b[K]\n'}
[19.165826] (sllidar_ros2) StderrLine: {'line': b'  286 | int raw_serial::waitforsent(\x1b[01;35m\x1b[K_u32 timeout\x1b[m\x1b[K, size_t * returned_size)\n'}
[19.166841] (sllidar_ros2) StderrLine: {'line': b'      |                             \x1b[01;35m\x1b[K~~~~~^~~~~~~\x1b[m\x1b[K\n'}
[19.167987] (sllidar_ros2) StderrLine: {'line': b'\x1b[01m\x1b[K/home/limitbreakers/breakers_ws/src/sllidar_ros2/sdk/src/arch/linux/net_serial.cpp:\x1b[m\x1b[K In member function \xe2\x80\x98\x1b[01m\x1b[Kvirtual int rp::arch::net::raw_serial::waitforrecv(_u32, size_t*)\x1b[m\x1b[K\xe2\x80\x99:\n'}
[19.168803] (sllidar_ros2) StderrLine: {'line': b'\x1b[01m\x1b[K/home/limitbreakers/breakers_ws/src/sllidar_ros2/sdk/src/arch/linux/net_serial.cpp:292:34:\x1b[m\x1b[K \x1b[01;35m\x1b[Kwarning: \x1b[m\x1b[Kunused parameter \xe2\x80\x98\x1b[01m\x1b[Ktimeout\x1b[m\x1b[K\xe2\x80\x99 [\x1b[01;35m\x1b[K\x1b]8;;https://gcc.gnu.org/onlinedocs/gcc/Warning-Options.html#index-Wunused-parameter\x07-Wunused-parameter\x1b]8;;\x07\x1b[m\x1b[K]\n'}
[19.169665] (sllidar_ros2) StderrLine: {'line': b'  292 | int raw_serial::waitforrecv(\x1b[01;35m\x1b[K_u32 timeout\x1b[m\x1b[K, size_t * returned_size)\n'}
[19.170523] (sllidar_ros2) StderrLine: {'line': b'      |                             \x1b[01;35m\x1b[K~~~~~^~~~~~~\x1b[m\x1b[K\n'}
[19.181603] (sllidar_ros2) StderrLine: {'line': b'\x1b[01m\x1b[K/home/limitbreakers/breakers_ws/src/sllidar_ros2/sdk/src/arch/linux/net_serial.cpp:\x1b[m\x1b[K In member function \xe2\x80\x98\x1b[01m\x1b[Kvirtual void rp::arch::net::raw_serial::cancelOperation()\x1b[m\x1b[K\xe2\x80\x99:\n'}
[19.182870] (sllidar_ros2) StderrLine: {'line': b'\x1b[01m\x1b[K/home/limitbreakers/breakers_ws/src/sllidar_ros2/sdk/src/arch/linux/net_serial.cpp:427:5:\x1b[m\x1b[K \x1b[01;35m\x1b[Kwarning: \x1b[m\x1b[Kvalue computed is not used [\x1b[01;35m\x1b[K\x1b]8;;https://gcc.gnu.org/onlinedocs/gcc/Warning-Options.html#index-Wunused-value\x07-Wunused-value\x1b]8;;\x07\x1b[m\x1b[K]\n'}
[19.184206] (sllidar_ros2) StderrLine: {'line': b'  427 |     \x1b[01;35m\x1b[K(int)::write(_selfpipe[1], "x", 1)\x1b[m\x1b[K;\n'}
[19.185448] (sllidar_ros2) StderrLine: {'line': b'      |     \x1b[01;35m\x1b[K^~~~~~~~~~~~~~~~~~~~~~~~~~~~~~~~~~\x1b[m\x1b[K\n'}
[19.211340] (-) TimerEvent: {}
[19.314024] (-) TimerEvent: {}
[19.415972] (-) TimerEvent: {}
[19.518308] (-) TimerEvent: {}
[19.620201] (-) TimerEvent: {}
[19.722455] (-) TimerEvent: {}
[19.824354] (-) TimerEvent: {}
[19.926673] (-) TimerEvent: {}
[20.028961] (-) TimerEvent: {}
[20.131617] (-) TimerEvent: {}
[20.212862] (sllidar_ros2) StdoutLine: {'line': b'[ 25%] \x1b[32mBuilding CXX object CMakeFiles/sllidar_node.dir/sdk/src/arch/linux/timer.cpp.o\x1b[0m\n'}
[20.231987] (-) TimerEvent: {}
[20.334035] (-) TimerEvent: {}
[20.355152] (serial) StdoutLine: {'line': b'[ 64%] \x1b[32m\x1b[1mLinking CXX executable serial_example\x1b[0m\n'}
[20.434332] (-) TimerEvent: {}
[20.535489] (-) TimerEvent: {}
[20.546207] (sllidar_ros2) StdoutLine: {'line': b'[ 30%] \x1b[32mBuilding CXX object CMakeFiles/sllidar_node.dir/sdk/src/dataunpacker/dataunpacker.cpp.o\x1b[0m\n'}
[20.635741] (-) TimerEvent: {}
[20.737552] (-) TimerEvent: {}
[20.839691] (-) TimerEvent: {}
[20.941269] (-) TimerEvent: {}
[21.043345] (-) TimerEvent: {}
[21.145717] (-) TimerEvent: {}
[21.250975] (-) TimerEvent: {}
[21.264454] (serial) StdoutLine: {'line': b'[ 64%] Built target serial_example\n'}
[21.351273] (-) TimerEvent: {}
[21.452424] (-) TimerEvent: {}
[21.554205] (-) TimerEvent: {}
[21.655841] (-) TimerEvent: {}
[21.757469] (-) TimerEvent: {}
[21.859112] (-) TimerEvent: {}
[21.960829] (-) TimerEvent: {}
[22.062758] (-) TimerEvent: {}
[22.164667] (-) TimerEvent: {}
[22.267048] (-) TimerEvent: {}
[22.369070] (-) TimerEvent: {}
[22.471575] (-) TimerEvent: {}
[22.573441] (-) TimerEvent: {}
[22.675265] (-) TimerEvent: {}
[22.777664] (-) TimerEvent: {}
[22.879678] (-) TimerEvent: {}
[22.981738] (-) TimerEvent: {}
[23.083023] (-) TimerEvent: {}
[23.184097] (-) TimerEvent: {}
[23.286114] (-) TimerEvent: {}
[23.381918] (sllidar_ros2) StderrLine: {'line': b'In file included from \x1b[01m\x1b[K/home/limitbreakers/breakers_ws/src/sllidar_ros2/./sdk/include/rplidar_protocol.h:36\x1b[m\x1b[K,\n'}
[23.382742] (sllidar_ros2) StderrLine: {'line': b'                 from \x1b[01m\x1b[K/home/limitbreakers/breakers_ws/src/sllidar_ros2/./sdk/include/rplidar.h:39\x1b[m\x1b[K,\n'}
[23.383459] (sllidar_ros2) StderrLine: {'line': b'                 from \x1b[01m\x1b[K/home/limitbreakers/breakers_ws/src/sllidar_ros2/./sdk/src/sdkcommon.h:49\x1b[m\x1b[K,\n'}
[23.384394] (sllidar_ros2) StderrLine: {'line': b'                 from \x1b[01m\x1b[K/home/limitbreakers/breakers_ws/src/sllidar_ros2/sdk/src/dataunpacker/dataunnpacker_commondef.h:41\x1b[m\x1b[K,\n'}
[23.385204] (sllidar_ros2) StderrLine: {'line': b'                 from \x1b[01m\x1b[K/home/limitbreakers/breakers_ws/src/sllidar_ros2/sdk/src/dataunpacker/dataunpacker.cpp:39\x1b[m\x1b[K:\n'}
[23.385983] (sllidar_ros2) StderrLine: {'line': b'\x1b[01m\x1b[K/home/limitbreakers/breakers_ws/src/sllidar_ros2/./sdk/include/sl_lidar_protocol.h:66:16:\x1b[m\x1b[K \x1b[01;35m\x1b[Kwarning: \x1b[m\x1b[KISO C++ forbids zero-size array \xe2\x80\x98\x1b[01m\x1b[Kdata\x1b[m\x1b[K\xe2\x80\x99 [\x1b[01;35m\x1b[K\x1b]8;;https://gcc.gnu.org/onlinedocs/gcc/Warning-Options.html#index-Wpedantic\x07-Wpedantic\x1b]8;;\x07\x1b[m\x1b[K]\n'}
[23.386626] (-) TimerEvent: {}
[23.388687] (sllidar_ros2) StderrLine: {'line': b'   66 |     sl_u8 data[\x1b[01;35m\x1b[K0\x1b[m\x1b[K];\n'}
[23.389562] (sllidar_ros2) StderrLine: {'line': b'      |                \x1b[01;35m\x1b[K^\x1b[m\x1b[K\n'}
[23.390255] (sllidar_ros2) StderrLine: {'line': b'In file included from \x1b[01m\x1b[K/home/limitbreakers/breakers_ws/src/sllidar_ros2/./sdk/include/rplidar_cmd.h:36\x1b[m\x1b[K,\n'}
[23.391017] (sllidar_ros2) StderrLine: {'line': b'                 from \x1b[01m\x1b[K/home/limitbreakers/breakers_ws/src/sllidar_ros2/./sdk/include/rplidar.h:40\x1b[m\x1b[K,\n'}
[23.392037] (sllidar_ros2) StderrLine: {'line': b'                 from \x1b[01m\x1b[K/home/limitbreakers/breakers_ws/src/sllidar_ros2/./sdk/src/sdkcommon.h:49\x1b[m\x1b[K,\n'}
[23.396230] (sllidar_ros2) StderrLine: {'line': b'                 from \x1b[01m\x1b[K/home/limitbreakers/breakers_ws/src/sllidar_ros2/sdk/src/dataunpacker/dataunnpacker_commondef.h:41\x1b[m\x1b[K,\n'}
[23.397300] (sllidar_ros2) StderrLine: {'line': b'                 from \x1b[01m\x1b[K/home/limitbreakers/breakers_ws/src/sllidar_ros2/sdk/src/dataunpacker/dataunpacker.cpp:39\x1b[m\x1b[K:\n'}
[23.406682] (sllidar_ros2) StderrLine: {'line': b'\x1b[01m\x1b[K/home/limitbreakers/breakers_ws/src/sllidar_ros2/./sdk/include/sl_lidar_cmd.h:324:20:\x1b[m\x1b[K \x1b[01;35m\x1b[Kwarning: \x1b[m\x1b[KISO C++ forbids zero-size array \xe2\x80\x98\x1b[01m\x1b[Kpayload\x1b[m\x1b[K\xe2\x80\x99 [\x1b[01;35m\x1b[K\x1b]8;;https://gcc.gnu.org/onlinedocs/gcc/Warning-Options.html#index-Wpedantic\x07-Wpedantic\x1b]8;;\x07\x1b[m\x1b[K]\n'}
[23.407820] (sllidar_ros2) StderrLine: {'line': b'  324 |     sl_u8  payload[\x1b[01;35m\x1b[K0\x1b[m\x1b[K];\n'}
[23.408803] (sllidar_ros2) StderrLine: {'line': b'      |                    \x1b[01;35m\x1b[K^\x1b[m\x1b[K\n'}
[23.486979] (-) TimerEvent: {}
[23.588985] (-) TimerEvent: {}
[23.691589] (-) TimerEvent: {}
[23.793580] (-) TimerEvent: {}
[23.895879] (-) TimerEvent: {}
[23.997885] (-) TimerEvent: {}
[24.100240] (-) TimerEvent: {}
[24.202561] (-) TimerEvent: {}
[24.304703] (-) TimerEvent: {}
[24.406931] (-) TimerEvent: {}
[24.508800] (-) TimerEvent: {}
[24.569557] (sllidar_ros2) StderrLine: {'line': b'In file included from \x1b[01m\x1b[K/home/limitbreakers/breakers_ws/src/sllidar_ros2/sdk/src/dataunpacker/dataunpacker.cpp:40\x1b[m\x1b[K:\n'}
[24.570603] (sllidar_ros2) StderrLine: {'line': b'\x1b[01m\x1b[K/home/limitbreakers/breakers_ws/src/sllidar_ros2/sdk/src/dataunpacker/dataunpacker.h:\x1b[m\x1b[K In member function \xe2\x80\x98\x1b[01m\x1b[Kvirtual void sl::internal::LIDARSampleDataListener::onCustomSampleDataDecoded(_u8, _u32, const void*, size_t)\x1b[m\x1b[K\xe2\x80\x99:\n'}
[24.571432] (sllidar_ros2) StderrLine: {'line': b'\x1b[01m\x1b[K/home/limitbreakers/breakers_ws/src/sllidar_ros2/sdk/src/dataunpacker/dataunpacker.h:54:52:\x1b[m\x1b[K \x1b[01;35m\x1b[Kwarning: \x1b[m\x1b[Kunused parameter \xe2\x80\x98\x1b[01m\x1b[KansType\x1b[m\x1b[K\xe2\x80\x99 [\x1b[01;35m\x1b[K\x1b]8;;https://gcc.gnu.org/onlinedocs/gcc/Warning-Options.html#index-Wunused-parameter\x07-Wunused-parameter\x1b]8;;\x07\x1b[m\x1b[K]\n'}
[24.572296] (sllidar_ros2) StderrLine: {'line': b'   54 |         virtual void onCustomSampleDataDecoded(\x1b[01;35m\x1b[K_u8 ansType\x1b[m\x1b[K, _u32 customCode, const void* data, size_t size) {}\n'}
[24.573065] (sllidar_ros2) StderrLine: {'line': b'      |                                                \x1b[01;35m\x1b[K~~~~^~~~~~~\x1b[m\x1b[K\n'}
[24.573910] (sllidar_ros2) StderrLine: {'line': b'\x1b[01m\x1b[K/home/limitbreakers/breakers_ws/src/sllidar_ros2/sdk/src/dataunpacker/dataunpacker.h:54:66:\x1b[m\x1b[K \x1b[01;35m\x1b[Kwarning: \x1b[m\x1b[Kunused parameter \xe2\x80\x98\x1b[01m\x1b[KcustomCode\x1b[m\x1b[K\xe2\x80\x99 [\x1b[01;35m\x1b[K\x1b]8;;https://gcc.gnu.org/onlinedocs/gcc/Warning-Options.html#index-Wunused-parameter\x07-Wunused-parameter\x1b]8;;\x07\x1b[m\x1b[K]\n'}
[24.574729] (sllidar_ros2) StderrLine: {'line': b'   54 |         virtual void onCustomSampleDataDecoded(_u8 ansType, \x1b[01;35m\x1b[K_u32 customCode\x1b[m\x1b[K, const void* data, size_t size) {}\n'}
[24.575460] (sllidar_ros2) StderrLine: {'line': b'      |                                                             \x1b[01;35m\x1b[K~~~~~^~~~~~~~~~\x1b[m\x1b[K\n'}
[24.576214] (sllidar_ros2) StderrLine: {'line': b'\x1b[01m\x1b[K/home/limitbreakers/breakers_ws/src/sllidar_ros2/sdk/src/dataunpacker/dataunpacker.h:54:90:\x1b[m\x1b[K \x1b[01;35m\x1b[Kwarning: \x1b[m\x1b[Kunused parameter \xe2\x80\x98\x1b[01m\x1b[Kdata\x1b[m\x1b[K\xe2\x80\x99 [\x1b[01;35m\x1b[K\x1b]8;;https://gcc.gnu.org/onlinedocs/gcc/Warning-Options.html#index-Wunused-parameter\x07-Wunused-parameter\x1b]8;;\x07\x1b[m\x1b[K]\n'}
[24.577042] (sllidar_ros2) StderrLine: {'line': b'   54 |         virtual void onCustomSampleDataDecoded(_u8 ansType, _u32 customCode, \x1b[01;35m\x1b[Kconst void* data\x1b[m\x1b[K, size_t size) {}\n'}
[24.578088] (sllidar_ros2) StderrLine: {'line': b'      |                                                                              \x1b[01;35m\x1b[K~~~~~~~~~~~~^~~~\x1b[m\x1b[K\n'}
[24.579631] (sllidar_ros2) StderrLine: {'line': b'\x1b[01m\x1b[K/home/limitbreakers/breakers_ws/src/sllidar_ros2/sdk/src/dataunpacker/dataunpacker.h:54:103:\x1b[m\x1b[K \x1b[01;35m\x1b[Kwarning: \x1b[m\x1b[Kunused parameter \xe2\x80\x98\x1b[01m\x1b[Ksize\x1b[m\x1b[K\xe2\x80\x99 [\x1b[01;35m\x1b[K\x1b]8;;https://gcc.gnu.org/onlinedocs/gcc/Warning-Options.html#index-Wunused-parameter\x07-Wunused-parameter\x1b]8;;\x07\x1b[m\x1b[K]\n'}
[24.593782] (sllidar_ros2) StderrLine: {'line': b'   54 |         virtual void onCustomSampleDataDecoded(_u8 ansType, _u32 customCode, const void* data, \x1b[01;35m\x1b[Ksize_t size\x1b[m\x1b[K) {}\n'}
[24.595089] (sllidar_ros2) StderrLine: {'line': b'      |                                                                                                \x1b[01;35m\x1b[K~~~~~~~^~~~\x1b[m\x1b[K\n'}
[24.595905] (sllidar_ros2) StderrLine: {'line': b'\x1b[01m\x1b[K/home/limitbreakers/breakers_ws/src/sllidar_ros2/sdk/src/dataunpacker/dataunpacker.h:\x1b[m\x1b[K In member function \xe2\x80\x98\x1b[01m\x1b[Kvirtual void sl::internal::LIDARSampleDataListener::onDecodingError(int, _u8, const void*, size_t)\x1b[m\x1b[K\xe2\x80\x99:\n'}
[24.596483] (sllidar_ros2) StderrLine: {'line': b'\x1b[01m\x1b[K/home/limitbreakers/breakers_ws/src/sllidar_ros2/sdk/src/dataunpacker/dataunpacker.h:56:42:\x1b[m\x1b[K \x1b[01;35m\x1b[Kwarning: \x1b[m\x1b[Kunused parameter \xe2\x80\x98\x1b[01m\x1b[KerrMsg\x1b[m\x1b[K\xe2\x80\x99 [\x1b[01;35m\x1b[K\x1b]8;;https://gcc.gnu.org/onlinedocs/gcc/Warning-Options.html#index-Wunused-parameter\x07-Wunused-parameter\x1b]8;;\x07\x1b[m\x1b[K]\n'}
[24.597100] (sllidar_ros2) StderrLine: {'line': b'   56 |         virtual void onDecodingError(\x1b[01;35m\x1b[Kint errMsg\x1b[m\x1b[K, _u8 ansType, const void* payload, size_t size) {}\n'}
[24.597735] (sllidar_ros2) StderrLine: {'line': b'      |                                      \x1b[01;35m\x1b[K~~~~^~~~~~\x1b[m\x1b[K\n'}
[24.598561] (sllidar_ros2) StderrLine: {'line': b'\x1b[01m\x1b[K/home/limitbreakers/breakers_ws/src/sllidar_ros2/sdk/src/dataunpacker/dataunpacker.h:56:54:\x1b[m\x1b[K \x1b[01;35m\x1b[Kwarning: \x1b[m\x1b[Kunused parameter \xe2\x80\x98\x1b[01m\x1b[KansType\x1b[m\x1b[K\xe2\x80\x99 [\x1b[01;35m\x1b[K\x1b]8;;https://gcc.gnu.org/onlinedocs/gcc/Warning-Options.html#index-Wunused-parameter\x07-Wunused-parameter\x1b]8;;\x07\x1b[m\x1b[K]\n'}
[24.599242] (sllidar_ros2) StderrLine: {'line': b'   56 |         virtual void onDecodingError(int errMsg, \x1b[01;35m\x1b[K_u8 ansType\x1b[m\x1b[K, const void* payload, size_t size) {}\n'}
[24.599890] (sllidar_ros2) StderrLine: {'line': b'      |                                                  \x1b[01;35m\x1b[K~~~~^~~~~~~\x1b[m\x1b[K\n'}
[24.600556] (sllidar_ros2) StderrLine: {'line': b'\x1b[01m\x1b[K/home/limitbreakers/breakers_ws/src/sllidar_ros2/sdk/src/dataunpacker/dataunpacker.h:56:75:\x1b[m\x1b[K \x1b[01;35m\x1b[Kwarning: \x1b[m\x1b[Kunused parameter \xe2\x80\x98\x1b[01m\x1b[Kpayload\x1b[m\x1b[K\xe2\x80\x99 [\x1b[01;35m\x1b[K\x1b]8;;https://gcc.gnu.org/onlinedocs/gcc/Warning-Options.html#index-Wunused-parameter\x07-Wunused-parameter\x1b]8;;\x07\x1b[m\x1b[K]\n'}
[24.601298] (sllidar_ros2) StderrLine: {'line': b'   56 |         virtual void onDecodingError(int errMsg, _u8 ansType, \x1b[01;35m\x1b[Kconst void* payload\x1b[m\x1b[K, size_t size) {}\n'}
[24.602199] (sllidar_ros2) StderrLine: {'line': b'      |                                                               \x1b[01;35m\x1b[K~~~~~~~~~~~~^~~~~~~\x1b[m\x1b[K\n'}
[24.602759] (sllidar_ros2) StderrLine: {'line': b'\x1b[01m\x1b[K/home/limitbreakers/breakers_ws/src/sllidar_ros2/sdk/src/dataunpacker/dataunpacker.h:56:91:\x1b[m\x1b[K \x1b[01;35m\x1b[Kwarning: \x1b[m\x1b[Kunused parameter \xe2\x80\x98\x1b[01m\x1b[Ksize\x1b[m\x1b[K\xe2\x80\x99 [\x1b[01;35m\x1b[K\x1b]8;;https://gcc.gnu.org/onlinedocs/gcc/Warning-Options.html#index-Wunused-parameter\x07-Wunused-parameter\x1b]8;;\x07\x1b[m\x1b[K]\n'}
[24.603339] (sllidar_ros2) StderrLine: {'line': b'   56 |         virtual void onDecodingError(int errMsg, _u8 ansType, const void* payload, \x1b[01;35m\x1b[Ksize_t size\x1b[m\x1b[K) {}\n'}
[24.604030] (sllidar_ros2) StderrLine: {'line': b'      |                                                                                    \x1b[01;35m\x1b[K~~~~~~~^~~~\x1b[m\x1b[K\n'}
[24.609098] (-) TimerEvent: {}
[24.711032] (-) TimerEvent: {}
[24.812157] (-) TimerEvent: {}
[24.818166] (sllidar_ros2) StdoutLine: {'line': b'[ 35%] \x1b[32mBuilding CXX object CMakeFiles/sllidar_node.dir/sdk/src/dataunpacker/unpacker/handler_capsules.cpp.o\x1b[0m\n'}
[24.912434] (-) TimerEvent: {}
[25.013505] (-) TimerEvent: {}
[25.114603] (-) TimerEvent: {}
[25.216278] (-) TimerEvent: {}
[25.317381] (-) TimerEvent: {}
[25.418407] (-) TimerEvent: {}
[25.519590] (-) TimerEvent: {}
[25.620856] (-) TimerEvent: {}
[25.723043] (-) TimerEvent: {}
[25.824664] (-) TimerEvent: {}
[25.926472] (-) TimerEvent: {}
[25.967573] (sllidar_ros2) StdoutLine: {'line': b'[ 40%] \x1b[32mBuilding CXX object CMakeFiles/sllidar_node.dir/sdk/src/dataunpacker/unpacker/handler_hqnode.cpp.o\x1b[0m\n'}
[26.026778] (-) TimerEvent: {}
[26.128914] (-) TimerEvent: {}
[26.230877] (-) TimerEvent: {}
[26.332750] (-) TimerEvent: {}
[26.434573] (-) TimerEvent: {}
[26.536616] (-) TimerEvent: {}
[26.638357] (-) TimerEvent: {}
[26.740445] (-) TimerEvent: {}
[26.842422] (-) TimerEvent: {}
[26.944379] (-) TimerEvent: {}
[27.046211] (-) TimerEvent: {}
[27.148164] (-) TimerEvent: {}
[27.250204] (-) TimerEvent: {}
[27.352121] (-) TimerEvent: {}
[27.454010] (-) TimerEvent: {}
[27.555980] (-) TimerEvent: {}
[27.658502] (-) TimerEvent: {}
[27.760301] (-) TimerEvent: {}
[27.862259] (-) TimerEvent: {}
[27.964097] (-) TimerEvent: {}
[28.066211] (-) TimerEvent: {}
[28.168583] (-) TimerEvent: {}
[28.269690] (-) TimerEvent: {}
[28.370937] (-) TimerEvent: {}
[28.473138] (-) TimerEvent: {}
[28.575503] (-) TimerEvent: {}
[28.677968] (-) TimerEvent: {}
[28.780217] (-) TimerEvent: {}
[28.882367] (-) TimerEvent: {}
[28.984420] (-) TimerEvent: {}
[29.086893] (-) TimerEvent: {}
[29.188946] (-) TimerEvent: {}
[29.290900] (-) TimerEvent: {}
[29.392927] (-) TimerEvent: {}
[29.495053] (-) TimerEvent: {}
[29.597045] (-) TimerEvent: {}
[29.644517] (sllidar_ros2) StderrLine: {'line': b'In file included from \x1b[01m\x1b[K/home/limitbreakers/breakers_ws/src/sllidar_ros2/./sdk/include/rplidar_protocol.h:36\x1b[m\x1b[K,\n'}
[29.645574] (sllidar_ros2) StderrLine: {'line': b'                 from \x1b[01m\x1b[K/home/limitbreakers/breakers_ws/src/sllidar_ros2/./sdk/include/rplidar.h:39\x1b[m\x1b[K,\n'}
[29.646457] (sllidar_ros2) StderrLine: {'line': b'                 from \x1b[01m\x1b[K/home/limitbreakers/breakers_ws/src/sllidar_ros2/./sdk/src/sdkcommon.h:49\x1b[m\x1b[K,\n'}
[29.647234] (sllidar_ros2) StderrLine: {'line': b'                 from \x1b[01m\x1b[K/home/limitbreakers/breakers_ws/src/sllidar_ros2/sdk/src/dataunpacker/unpacker/../dataunnpacker_commondef.h:41\x1b[m\x1b[K,\n'}
[29.648145] (sllidar_ros2) StderrLine: {'line': b'                 from \x1b[01m\x1b[K/home/limitbreakers/breakers_ws/src/sllidar_ros2/sdk/src/dataunpacker/unpacker/handler_hqnode.cpp:39\x1b[m\x1b[K:\n'}
[29.648995] (sllidar_ros2) StderrLine: {'line': b'\x1b[01m\x1b[K/home/limitbreakers/breakers_ws/src/sllidar_ros2/./sdk/include/sl_lidar_protocol.h:66:16:\x1b[m\x1b[K \x1b[01;35m\x1b[Kwarning: \x1b[m\x1b[KISO C++ forbids zero-size array \xe2\x80\x98\x1b[01m\x1b[Kdata\x1b[m\x1b[K\xe2\x80\x99 [\x1b[01;35m\x1b[K\x1b]8;;https://gcc.gnu.org/onlinedocs/gcc/Warning-Options.html#index-Wpedantic\x07-Wpedantic\x1b]8;;\x07\x1b[m\x1b[K]\n'}
[29.650070] (sllidar_ros2) StderrLine: {'line': b'   66 |     sl_u8 data[\x1b[01;35m\x1b[K0\x1b[m\x1b[K];\n'}
[29.651081] (sllidar_ros2) StderrLine: {'line': b'      |                \x1b[01;35m\x1b[K^\x1b[m\x1b[K\n'}
[29.652323] (sllidar_ros2) StderrLine: {'line': b'In file included from \x1b[01m\x1b[K/home/limitbreakers/breakers_ws/src/sllidar_ros2/./sdk/include/rplidar_cmd.h:36\x1b[m\x1b[K,\n'}
[29.653155] (sllidar_ros2) StderrLine: {'line': b'                 from \x1b[01m\x1b[K/home/limitbreakers/breakers_ws/src/sllidar_ros2/./sdk/include/rplidar.h:40\x1b[m\x1b[K,\n'}
[29.654044] (sllidar_ros2) StderrLine: {'line': b'                 from \x1b[01m\x1b[K/home/limitbreakers/breakers_ws/src/sllidar_ros2/./sdk/src/sdkcommon.h:49\x1b[m\x1b[K,\n'}
[29.654774] (sllidar_ros2) StderrLine: {'line': b'                 from \x1b[01m\x1b[K/home/limitbreakers/breakers_ws/src/sllidar_ros2/sdk/src/dataunpacker/unpacker/../dataunnpacker_commondef.h:41\x1b[m\x1b[K,\n'}
[29.655604] (sllidar_ros2) StderrLine: {'line': b'                 from \x1b[01m\x1b[K/home/limitbreakers/breakers_ws/src/sllidar_ros2/sdk/src/dataunpacker/unpacker/handler_hqnode.cpp:39\x1b[m\x1b[K:\n'}
[29.656510] (sllidar_ros2) StderrLine: {'line': b'\x1b[01m\x1b[K/home/limitbreakers/breakers_ws/src/sllidar_ros2/./sdk/include/sl_lidar_cmd.h:324:20:\x1b[m\x1b[K \x1b[01;35m\x1b[Kwarning: \x1b[m\x1b[KISO C++ forbids zero-size array \xe2\x80\x98\x1b[01m\x1b[Kpayload\x1b[m\x1b[K\xe2\x80\x99 [\x1b[01;35m\x1b[K\x1b]8;;https://gcc.gnu.org/onlinedocs/gcc/Warning-Options.html#index-Wpedantic\x07-Wpedantic\x1b]8;;\x07\x1b[m\x1b[K]\n'}
[29.657689] (sllidar_ros2) StderrLine: {'line': b'  324 |     sl_u8  payload[\x1b[01;35m\x1b[K0\x1b[m\x1b[K];\n'}
[29.658674] (sllidar_ros2) StderrLine: {'line': b'      |                    \x1b[01;35m\x1b[K^\x1b[m\x1b[K\n'}
[29.697339] (-) TimerEvent: {}
[29.798503] (-) TimerEvent: {}
[29.900692] (-) TimerEvent: {}
[30.001854] (-) TimerEvent: {}
[30.103179] (-) TimerEvent: {}
[30.133367] (sllidar_ros2) StderrLine: {'line': b'In file included from \x1b[01m\x1b[K/home/limitbreakers/breakers_ws/src/sllidar_ros2/./sdk/include/rplidar_protocol.h:36\x1b[m\x1b[K,\n'}
[30.145960] (sllidar_ros2) StderrLine: {'line': b'                 from \x1b[01m\x1b[K/home/limitbreakers/breakers_ws/src/sllidar_ros2/./sdk/include/rplidar.h:39\x1b[m\x1b[K,\n'}
[30.146922] (sllidar_ros2) StderrLine: {'line': b'                 from \x1b[01m\x1b[K/home/limitbreakers/breakers_ws/src/sllidar_ros2/./sdk/src/sdkcommon.h:49\x1b[m\x1b[K,\n'}
[30.147833] (sllidar_ros2) StderrLine: {'line': b'                 from \x1b[01m\x1b[K/home/limitbreakers/breakers_ws/src/sllidar_ros2/sdk/src/dataunpacker/unpacker/../dataunnpacker_commondef.h:41\x1b[m\x1b[K,\n'}
[30.150434] (sllidar_ros2) StderrLine: {'line': b'                 from \x1b[01m\x1b[K/home/limitbreakers/breakers_ws/src/sllidar_ros2/sdk/src/dataunpacker/unpacker/handler_capsules.cpp:39\x1b[m\x1b[K:\n'}
[30.151265] (sllidar_ros2) StderrLine: {'line': b'\x1b[01m\x1b[K/home/limitbreakers/breakers_ws/src/sllidar_ros2/./sdk/include/sl_lidar_protocol.h:66:16:\x1b[m\x1b[K \x1b[01;35m\x1b[Kwarning: \x1b[m\x1b[KISO C++ forbids zero-size array \xe2\x80\x98\x1b[01m\x1b[Kdata\x1b[m\x1b[K\xe2\x80\x99 [\x1b[01;35m\x1b[K\x1b]8;;https://gcc.gnu.org/onlinedocs/gcc/Warning-Options.html#index-Wpedantic\x07-Wpedantic\x1b]8;;\x07\x1b[m\x1b[K]\n'}
[30.152123] (sllidar_ros2) StderrLine: {'line': b'   66 |     sl_u8 data[\x1b[01;35m\x1b[K0\x1b[m\x1b[K];\n'}
[30.153029] (sllidar_ros2) StderrLine: {'line': b'      |                \x1b[01;35m\x1b[K^\x1b[m\x1b[K\n'}
[30.154111] (sllidar_ros2) StderrLine: {'line': b'In file included from \x1b[01m\x1b[K/home/limitbreakers/breakers_ws/src/sllidar_ros2/./sdk/include/rplidar_cmd.h:36\x1b[m\x1b[K,\n'}
[30.154878] (sllidar_ros2) StderrLine: {'line': b'                 from \x1b[01m\x1b[K/home/limitbreakers/breakers_ws/src/sllidar_ros2/./sdk/include/rplidar.h:40\x1b[m\x1b[K,\n'}
[30.155640] (sllidar_ros2) StderrLine: {'line': b'                 from \x1b[01m\x1b[K/home/limitbreakers/breakers_ws/src/sllidar_ros2/./sdk/src/sdkcommon.h:49\x1b[m\x1b[K,\n'}
[30.156460] (sllidar_ros2) StderrLine: {'line': b'                 from \x1b[01m\x1b[K/home/limitbreakers/breakers_ws/src/sllidar_ros2/sdk/src/dataunpacker/unpacker/../dataunnpacker_commondef.h:41\x1b[m\x1b[K,\n'}
[30.157205] (sllidar_ros2) StderrLine: {'line': b'                 from \x1b[01m\x1b[K/home/limitbreakers/breakers_ws/src/sllidar_ros2/sdk/src/dataunpacker/unpacker/handler_capsules.cpp:39\x1b[m\x1b[K:\n'}
[30.164374] (sllidar_ros2) StderrLine: {'line': b'\x1b[01m\x1b[K/home/limitbreakers/breakers_ws/src/sllidar_ros2/./sdk/include/sl_lidar_cmd.h:324:20:\x1b[m\x1b[K \x1b[01;35m\x1b[Kwarning: \x1b[m\x1b[KISO C++ forbids zero-size array \xe2\x80\x98\x1b[01m\x1b[Kpayload\x1b[m\x1b[K\xe2\x80\x99 [\x1b[01;35m\x1b[K\x1b]8;;https://gcc.gnu.org/onlinedocs/gcc/Warning-Options.html#index-Wpedantic\x07-Wpedantic\x1b]8;;\x07\x1b[m\x1b[K]\n'}
[30.165172] (sllidar_ros2) StderrLine: {'line': b'  324 |     sl_u8  payload[\x1b[01;35m\x1b[K0\x1b[m\x1b[K];\n'}
[30.166150] (sllidar_ros2) StderrLine: {'line': b'      |                    \x1b[01;35m\x1b[K^\x1b[m\x1b[K\n'}
[30.203439] (-) TimerEvent: {}
[30.305707] (-) TimerEvent: {}
[30.407620] (-) TimerEvent: {}
[30.513139] (-) TimerEvent: {}
[30.615943] (-) TimerEvent: {}
[30.717633] (-) TimerEvent: {}
[30.819445] (-) TimerEvent: {}
[30.921184] (-) TimerEvent: {}
[31.023603] (-) TimerEvent: {}
[31.126184] (-) TimerEvent: {}
[31.228057] (-) TimerEvent: {}
[31.330904] (-) TimerEvent: {}
[31.432933] (-) TimerEvent: {}
[31.534992] (-) TimerEvent: {}
[31.637281] (-) TimerEvent: {}
[31.739323] (-) TimerEvent: {}
[31.840393] (sllidar_ros2) StderrLine: {'line': b'In file included from \x1b[01m\x1b[K/home/limitbreakers/breakers_ws/src/sllidar_ros2/sdk/src/dataunpacker/unpacker/handler_hqnode.cpp:40\x1b[m\x1b[K:\n'}
[31.841658] (-) TimerEvent: {}
[31.843834] (sllidar_ros2) StderrLine: {'line': b'\x1b[01m\x1b[K/home/limitbreakers/breakers_ws/src/sllidar_ros2/sdk/src/dataunpacker/unpacker/../dataunpacker.h:\x1b[m\x1b[K In member function \xe2\x80\x98\x1b[01m\x1b[Kvirtual void sl::internal::LIDARSampleDataListener::onCustomSampleDataDecoded(_u8, _u32, const void*, size_t)\x1b[m\x1b[K\xe2\x80\x99:\n'}
[31.845440] (sllidar_ros2) StderrLine: {'line': b'\x1b[01m\x1b[K/home/limitbreakers/breakers_ws/src/sllidar_ros2/sdk/src/dataunpacker/unpacker/../dataunpacker.h:54:52:\x1b[m\x1b[K \x1b[01;35m\x1b[Kwarning: \x1b[m\x1b[Kunused parameter \xe2\x80\x98\x1b[01m\x1b[KansType\x1b[m\x1b[K\xe2\x80\x99 [\x1b[01;35m\x1b[K\x1b]8;;https://gcc.gnu.org/onlinedocs/gcc/Warning-Options.html#index-Wunused-parameter\x07-Wunused-parameter\x1b]8;;\x07\x1b[m\x1b[K]\n'}
[31.847164] (sllidar_ros2) StderrLine: {'line': b'   54 |         virtual void onCustomSampleDataDecoded(\x1b[01;35m\x1b[K_u8 ansType\x1b[m\x1b[K, _u32 customCode, const void* data, size_t size) {}\n'}
[31.850804] (sllidar_ros2) StderrLine: {'line': b'      |                                                \x1b[01;35m\x1b[K~~~~^~~~~~~\x1b[m\x1b[K\n'}
[31.852450] (sllidar_ros2) StderrLine: {'line': b'\x1b[01m\x1b[K/home/limitbreakers/breakers_ws/src/sllidar_ros2/sdk/src/dataunpacker/unpacker/../dataunpacker.h:54:66:\x1b[m\x1b[K \x1b[01;35m\x1b[Kwarning: \x1b[m\x1b[Kunused parameter \xe2\x80\x98\x1b[01m\x1b[KcustomCode\x1b[m\x1b[K\xe2\x80\x99 [\x1b[01;35m\x1b[K\x1b]8;;https://gcc.gnu.org/onlinedocs/gcc/Warning-Options.html#index-Wunused-parameter\x07-Wunused-parameter\x1b]8;;\x07\x1b[m\x1b[K]\n'}
[31.853846] (sllidar_ros2) StderrLine: {'line': b'   54 |         virtual void onCustomSampleDataDecoded(_u8 ansType, \x1b[01;35m\x1b[K_u32 customCode\x1b[m\x1b[K, const void* data, size_t size) {}\n'}
[31.855669] (sllidar_ros2) StderrLine: {'line': b'      |                                                             \x1b[01;35m\x1b[K~~~~~^~~~~~~~~~\x1b[m\x1b[K\n'}
[31.859602] (sllidar_ros2) StderrLine: {'line': b'\x1b[01m\x1b[K/home/limitbreakers/breakers_ws/src/sllidar_ros2/sdk/src/dataunpacker/unpacker/../dataunpacker.h:54:90:\x1b[m\x1b[K \x1b[01;35m\x1b[Kwarning: \x1b[m\x1b[Kunused parameter \xe2\x80\x98\x1b[01m\x1b[Kdata\x1b[m\x1b[K\xe2\x80\x99 [\x1b[01;35m\x1b[K\x1b]8;;https://gcc.gnu.org/onlinedocs/gcc/Warning-Options.html#index-Wunused-parameter\x07-Wunused-parameter\x1b]8;;\x07\x1b[m\x1b[K]\n'}
[31.860576] (sllidar_ros2) StderrLine: {'line': b'   54 |         virtual void onCustomSampleDataDecoded(_u8 ansType, _u32 customCode, \x1b[01;35m\x1b[Kconst void* data\x1b[m\x1b[K, size_t size) {}\n'}
[31.861492] (sllidar_ros2) StderrLine: {'line': b'      |                                                                              \x1b[01;35m\x1b[K~~~~~~~~~~~~^~~~\x1b[m\x1b[K\n'}
[31.862406] (sllidar_ros2) StderrLine: {'line': b'\x1b[01m\x1b[K/home/limitbreakers/breakers_ws/src/sllidar_ros2/sdk/src/dataunpacker/unpacker/../dataunpacker.h:54:103:\x1b[m\x1b[K \x1b[01;35m\x1b[Kwarning: \x1b[m\x1b[Kunused parameter \xe2\x80\x98\x1b[01m\x1b[Ksize\x1b[m\x1b[K\xe2\x80\x99 [\x1b[01;35m\x1b[K\x1b]8;;https://gcc.gnu.org/onlinedocs/gcc/Warning-Options.html#index-Wunused-parameter\x07-Wunused-parameter\x1b]8;;\x07\x1b[m\x1b[K]\n'}
[31.863255] (sllidar_ros2) StderrLine: {'line': b'   54 |         virtual void onCustomSampleDataDecoded(_u8 ansType, _u32 customCode, const void* data, \x1b[01;35m\x1b[Ksize_t size\x1b[m\x1b[K) {}\n'}
[31.864101] (sllidar_ros2) StderrLine: {'line': b'      |                                                                                                \x1b[01;35m\x1b[K~~~~~~~^~~~\x1b[m\x1b[K\n'}
[31.864892] (sllidar_ros2) StderrLine: {'line': b'\x1b[01m\x1b[K/home/limitbreakers/breakers_ws/src/sllidar_ros2/sdk/src/dataunpacker/unpacker/../dataunpacker.h:\x1b[m\x1b[K In member function \xe2\x80\x98\x1b[01m\x1b[Kvirtual void sl::internal::LIDARSampleDataListener::onDecodingError(int, _u8, const void*, size_t)\x1b[m\x1b[K\xe2\x80\x99:\n'}
[31.881535] (sllidar_ros2) StderrLine: {'line': b'\x1b[01m\x1b[K/home/limitbreakers/breakers_ws/src/sllidar_ros2/sdk/src/dataunpacker/unpacker/../dataunpacker.h:56:42:\x1b[m\x1b[K \x1b[01;35m\x1b[Kwarning: \x1b[m\x1b[Kunused parameter \xe2\x80\x98\x1b[01m\x1b[KerrMsg\x1b[m\x1b[K\xe2\x80\x99 [\x1b[01;35m\x1b[K\x1b]8;;https://gcc.gnu.org/onlinedocs/gcc/Warning-Options.html#index-Wunused-parameter\x07-Wunused-parameter\x1b]8;;\x07\x1b[m\x1b[K]\n'}
[31.882594] (sllidar_ros2) StderrLine: {'line': b'   56 |         virtual void onDecodingError(\x1b[01;35m\x1b[Kint errMsg\x1b[m\x1b[K, _u8 ansType, const void* payload, size_t size) {}\n'}
[31.883615] (sllidar_ros2) StderrLine: {'line': b'      |                                      \x1b[01;35m\x1b[K~~~~^~~~~~\x1b[m\x1b[K\n'}
[31.884549] (sllidar_ros2) StderrLine: {'line': b'\x1b[01m\x1b[K/home/limitbreakers/breakers_ws/src/sllidar_ros2/sdk/src/dataunpacker/unpacker/../dataunpacker.h:56:54:\x1b[m\x1b[K \x1b[01;35m\x1b[Kwarning: \x1b[m\x1b[Kunused parameter \xe2\x80\x98\x1b[01m\x1b[KansType\x1b[m\x1b[K\xe2\x80\x99 [\x1b[01;35m\x1b[K\x1b]8;;https://gcc.gnu.org/onlinedocs/gcc/Warning-Options.html#index-Wunused-parameter\x07-Wunused-parameter\x1b]8;;\x07\x1b[m\x1b[K]\n'}
[31.885473] (sllidar_ros2) StderrLine: {'line': b'   56 |         virtual void onDecodingError(int errMsg, \x1b[01;35m\x1b[K_u8 ansType\x1b[m\x1b[K, const void* payload, size_t size) {}\n'}
[31.886344] (sllidar_ros2) StderrLine: {'line': b'      |                                                  \x1b[01;35m\x1b[K~~~~^~~~~~~\x1b[m\x1b[K\n'}
[31.887180] (sllidar_ros2) StderrLine: {'line': b'\x1b[01m\x1b[K/home/limitbreakers/breakers_ws/src/sllidar_ros2/sdk/src/dataunpacker/unpacker/../dataunpacker.h:56:75:\x1b[m\x1b[K \x1b[01;35m\x1b[Kwarning: \x1b[m\x1b[Kunused parameter \xe2\x80\x98\x1b[01m\x1b[Kpayload\x1b[m\x1b[K\xe2\x80\x99 [\x1b[01;35m\x1b[K\x1b]8;;https://gcc.gnu.org/onlinedocs/gcc/Warning-Options.html#index-Wunused-parameter\x07-Wunused-parameter\x1b]8;;\x07\x1b[m\x1b[K]\n'}
[31.888025] (sllidar_ros2) StderrLine: {'line': b'   56 |         virtual void onDecodingError(int errMsg, _u8 ansType, \x1b[01;35m\x1b[Kconst void* payload\x1b[m\x1b[K, size_t size) {}\n'}
[31.888866] (sllidar_ros2) StderrLine: {'line': b'      |                                                               \x1b[01;35m\x1b[K~~~~~~~~~~~~^~~~~~~\x1b[m\x1b[K\n'}
[31.889772] (sllidar_ros2) StderrLine: {'line': b'\x1b[01m\x1b[K/home/limitbreakers/breakers_ws/src/sllidar_ros2/sdk/src/dataunpacker/unpacker/../dataunpacker.h:56:91:\x1b[m\x1b[K \x1b[01;35m\x1b[Kwarning: \x1b[m\x1b[Kunused parameter \xe2\x80\x98\x1b[01m\x1b[Ksize\x1b[m\x1b[K\xe2\x80\x99 [\x1b[01;35m\x1b[K\x1b]8;;https://gcc.gnu.org/onlinedocs/gcc/Warning-Options.html#index-Wunused-parameter\x07-Wunused-parameter\x1b]8;;\x07\x1b[m\x1b[K]\n'}
[31.890632] (sllidar_ros2) StderrLine: {'line': b'   56 |         virtual void onDecodingError(int errMsg, _u8 ansType, const void* payload, \x1b[01;35m\x1b[Ksize_t size\x1b[m\x1b[K) {}\n'}
[31.891519] (sllidar_ros2) StderrLine: {'line': b'      |                                                                                    \x1b[01;35m\x1b[K~~~~~~~^~~~\x1b[m\x1b[K\n'}
[31.941950] (-) TimerEvent: {}
[32.044026] (-) TimerEvent: {}
[32.146097] (-) TimerEvent: {}
[32.248289] (-) TimerEvent: {}
[32.350231] (-) TimerEvent: {}
[32.380766] (sllidar_ros2) StderrLine: {'line': b'In file included from \x1b[01m\x1b[K/home/limitbreakers/breakers_ws/src/sllidar_ros2/sdk/src/dataunpacker/unpacker/handler_capsules.cpp:40\x1b[m\x1b[K:\n'}
[32.383120] (sllidar_ros2) StderrLine: {'line': b'\x1b[01m\x1b[K/home/limitbreakers/breakers_ws/src/sllidar_ros2/sdk/src/dataunpacker/unpacker/../dataunpacker.h:\x1b[m\x1b[K In member function \xe2\x80\x98\x1b[01m\x1b[Kvirtual void sl::internal::LIDARSampleDataListener::onCustomSampleDataDecoded(_u8, _u32, const void*, size_t)\x1b[m\x1b[K\xe2\x80\x99:\n'}
[32.384970] (sllidar_ros2) StderrLine: {'line': b'\x1b[01m\x1b[K/home/limitbreakers/breakers_ws/src/sllidar_ros2/sdk/src/dataunpacker/unpacker/../dataunpacker.h:54:52:\x1b[m\x1b[K \x1b[01;35m\x1b[Kwarning: \x1b[m\x1b[Kunused parameter \xe2\x80\x98\x1b[01m\x1b[KansType\x1b[m\x1b[K\xe2\x80\x99 [\x1b[01;35m\x1b[K\x1b]8;;https://gcc.gnu.org/onlinedocs/gcc/Warning-Options.html#index-Wunused-parameter\x07-Wunused-parameter\x1b]8;;\x07\x1b[m\x1b[K]\n'}
[32.386355] (sllidar_ros2) StderrLine: {'line': b'   54 |         virtual void onCustomSampleDataDecoded(\x1b[01;35m\x1b[K_u8 ansType\x1b[m\x1b[K, _u32 customCode, const void* data, size_t size) {}\n'}
[32.387621] (sllidar_ros2) StderrLine: {'line': b'      |                                                \x1b[01;35m\x1b[K~~~~^~~~~~~\x1b[m\x1b[K\n'}
[32.389007] (sllidar_ros2) StderrLine: {'line': b'\x1b[01m\x1b[K/home/limitbreakers/breakers_ws/src/sllidar_ros2/sdk/src/dataunpacker/unpacker/../dataunpacker.h:54:66:\x1b[m\x1b[K \x1b[01;35m\x1b[Kwarning: \x1b[m\x1b[Kunused parameter \xe2\x80\x98\x1b[01m\x1b[KcustomCode\x1b[m\x1b[K\xe2\x80\x99 [\x1b[01;35m\x1b[K\x1b]8;;https://gcc.gnu.org/onlinedocs/gcc/Warning-Options.html#index-Wunused-parameter\x07-Wunused-parameter\x1b]8;;\x07\x1b[m\x1b[K]\n'}
[32.390366] (sllidar_ros2) StderrLine: {'line': b'   54 |         virtual void onCustomSampleDataDecoded(_u8 ansType, \x1b[01;35m\x1b[K_u32 customCode\x1b[m\x1b[K, const void* data, size_t size) {}\n'}
[32.391688] (sllidar_ros2) StderrLine: {'line': b'      |                                                             \x1b[01;35m\x1b[K~~~~~^~~~~~~~~~\x1b[m\x1b[K\n'}
[32.393553] (sllidar_ros2) StderrLine: {'line': b'\x1b[01m\x1b[K/home/limitbreakers/breakers_ws/src/sllidar_ros2/sdk/src/dataunpacker/unpacker/../dataunpacker.h:54:90:\x1b[m\x1b[K \x1b[01;35m\x1b[Kwarning: \x1b[m\x1b[Kunused parameter \xe2\x80\x98\x1b[01m\x1b[Kdata\x1b[m\x1b[K\xe2\x80\x99 [\x1b[01;35m\x1b[K\x1b]8;;https://gcc.gnu.org/onlinedocs/gcc/Warning-Options.html#index-Wunused-parameter\x07-Wunused-parameter\x1b]8;;\x07\x1b[m\x1b[K]\n'}
[32.395313] (sllidar_ros2) StderrLine: {'line': b'   54 |         virtual void onCustomSampleDataDecoded(_u8 ansType, _u32 customCode, \x1b[01;35m\x1b[Kconst void* data\x1b[m\x1b[K, size_t size) {}\n'}
[32.400664] (sllidar_ros2) StderrLine: {'line': b'      |                                                                              \x1b[01;35m\x1b[K~~~~~~~~~~~~^~~~\x1b[m\x1b[K\n'}
[32.402256] (sllidar_ros2) StderrLine: {'line': b'\x1b[01m\x1b[K/home/limitbreakers/breakers_ws/src/sllidar_ros2/sdk/src/dataunpacker/unpacker/../dataunpacker.h:54:103:\x1b[m\x1b[K \x1b[01;35m\x1b[Kwarning: \x1b[m\x1b[Kunused parameter \xe2\x80\x98\x1b[01m\x1b[Ksize\x1b[m\x1b[K\xe2\x80\x99 [\x1b[01;35m\x1b[K\x1b]8;;https://gcc.gnu.org/onlinedocs/gcc/Warning-Options.html#index-Wunused-parameter\x07-Wunused-parameter\x1b]8;;\x07\x1b[m\x1b[K]\n'}
[32.403645] (sllidar_ros2) StderrLine: {'line': b'   54 |         virtual void onCustomSampleDataDecoded(_u8 ansType, _u32 customCode, const void* data, \x1b[01;35m\x1b[Ksize_t size\x1b[m\x1b[K) {}\n'}
[32.405209] (sllidar_ros2) StderrLine: {'line': b'      |                                                                                                \x1b[01;35m\x1b[K~~~~~~~^~~~\x1b[m\x1b[K\n'}
[32.406357] (sllidar_ros2) StderrLine: {'line': b'\x1b[01m\x1b[K/home/limitbreakers/breakers_ws/src/sllidar_ros2/sdk/src/dataunpacker/unpacker/../dataunpacker.h:\x1b[m\x1b[K In member function \xe2\x80\x98\x1b[01m\x1b[Kvirtual void sl::internal::LIDARSampleDataListener::onDecodingError(int, _u8, const void*, size_t)\x1b[m\x1b[K\xe2\x80\x99:\n'}
[32.422732] (sllidar_ros2) StderrLine: {'line': b'\x1b[01m\x1b[K/home/limitbreakers/breakers_ws/src/sllidar_ros2/sdk/src/dataunpacker/unpacker/../dataunpacker.h:56:42:\x1b[m\x1b[K \x1b[01;35m\x1b[Kwarning: \x1b[m\x1b[Kunused parameter \xe2\x80\x98\x1b[01m\x1b[KerrMsg\x1b[m\x1b[K\xe2\x80\x99 [\x1b[01;35m\x1b[K\x1b]8;;https://gcc.gnu.org/onlinedocs/gcc/Warning-Options.html#index-Wunused-parameter\x07-Wunused-parameter\x1b]8;;\x07\x1b[m\x1b[K]\n'}
[32.424098] (sllidar_ros2) StderrLine: {'line': b'   56 |         virtual void onDecodingError(\x1b[01;35m\x1b[Kint errMsg\x1b[m\x1b[K, _u8 ansType, const void* payload, size_t size) {}\n'}
[32.425352] (sllidar_ros2) StderrLine: {'line': b'      |                                      \x1b[01;35m\x1b[K~~~~^~~~~~\x1b[m\x1b[K\n'}
[32.426785] (sllidar_ros2) StderrLine: {'line': b'\x1b[01m\x1b[K/home/limitbreakers/breakers_ws/src/sllidar_ros2/sdk/src/dataunpacker/unpacker/../dataunpacker.h:56:54:\x1b[m\x1b[K \x1b[01;35m\x1b[Kwarning: \x1b[m\x1b[Kunused parameter \xe2\x80\x98\x1b[01m\x1b[KansType\x1b[m\x1b[K\xe2\x80\x99 [\x1b[01;35m\x1b[K\x1b]8;;https://gcc.gnu.org/onlinedocs/gcc/Warning-Options.html#index-Wunused-parameter\x07-Wunused-parameter\x1b]8;;\x07\x1b[m\x1b[K]\n'}
[32.428217] (sllidar_ros2) StderrLine: {'line': b'   56 |         virtual void onDecodingError(int errMsg, \x1b[01;35m\x1b[K_u8 ansType\x1b[m\x1b[K, const void* payload, size_t size) {}\n'}
[32.429528] (sllidar_ros2) StderrLine: {'line': b'      |                                                  \x1b[01;35m\x1b[K~~~~^~~~~~~\x1b[m\x1b[K\n'}
[32.430845] (sllidar_ros2) StderrLine: {'line': b'\x1b[01m\x1b[K/home/limitbreakers/breakers_ws/src/sllidar_ros2/sdk/src/dataunpacker/unpacker/../dataunpacker.h:56:75:\x1b[m\x1b[K \x1b[01;35m\x1b[Kwarning: \x1b[m\x1b[Kunused parameter \xe2\x80\x98\x1b[01m\x1b[Kpayload\x1b[m\x1b[K\xe2\x80\x99 [\x1b[01;35m\x1b[K\x1b]8;;https://gcc.gnu.org/onlinedocs/gcc/Warning-Options.html#index-Wunused-parameter\x07-Wunused-parameter\x1b]8;;\x07\x1b[m\x1b[K]\n'}
[32.432225] (sllidar_ros2) StderrLine: {'line': b'   56 |         virtual void onDecodingError(int errMsg, _u8 ansType, \x1b[01;35m\x1b[Kconst void* payload\x1b[m\x1b[K, size_t size) {}\n'}
[32.445744] (sllidar_ros2) StderrLine: {'line': b'      |                                                               \x1b[01;35m\x1b[K~~~~~~~~~~~~^~~~~~~\x1b[m\x1b[K\n'}
[32.446770] (sllidar_ros2) StderrLine: {'line': b'\x1b[01m\x1b[K/home/limitbreakers/breakers_ws/src/sllidar_ros2/sdk/src/dataunpacker/unpacker/../dataunpacker.h:56:91:\x1b[m\x1b[K \x1b[01;35m\x1b[Kwarning: \x1b[m\x1b[Kunused parameter \xe2\x80\x98\x1b[01m\x1b[Ksize\x1b[m\x1b[K\xe2\x80\x99 [\x1b[01;35m\x1b[K\x1b]8;;https://gcc.gnu.org/onlinedocs/gcc/Warning-Options.html#index-Wunused-parameter\x07-Wunused-parameter\x1b]8;;\x07\x1b[m\x1b[K]\n'}
[32.447751] (sllidar_ros2) StderrLine: {'line': b'   56 |         virtual void onDecodingError(int errMsg, _u8 ansType, const void* payload, \x1b[01;35m\x1b[Ksize_t size\x1b[m\x1b[K) {}\n'}
[32.448683] (sllidar_ros2) StderrLine: {'line': b'      |                                                                                    \x1b[01;35m\x1b[K~~~~~~~^~~~\x1b[m\x1b[K\n'}
[32.461551] (-) TimerEvent: {}
[32.511025] (sllidar_ros2) StderrLine: {'line': b'\x1b[01m\x1b[K/home/limitbreakers/breakers_ws/src/sllidar_ros2/sdk/src/dataunpacker/unpacker/handler_capsules.cpp:\x1b[m\x1b[K In member function \xe2\x80\x98\x1b[01m\x1b[Kvoid sl::internal::unpacker::UnpackerHandler_DenseCapsuleNode::_onScanNodeDenseCapsuleData(rplidar_response_dense_capsule_measurement_nodes_t&, sl::internal::LIDARSampleDataUnpackerInner*)\x1b[m\x1b[K\xe2\x80\x99:\n'}
[32.512910] (sllidar_ros2) StderrLine: {'line': b'\x1b[01m\x1b[K/home/limitbreakers/breakers_ws/src/sllidar_ros2/sdk/src/dataunpacker/unpacker/handler_capsules.cpp:763:30:\x1b[m\x1b[K \x1b[01;35m\x1b[Kwarning: \x1b[m\x1b[Ktype qualifiers ignored on cast result type [\x1b[01;35m\x1b[K\x1b]8;;https://gcc.gnu.org/onlinedocs/gcc/Warning-Options.html#index-Wignored-qualifiers\x07-Wignored-qualifiers\x1b]8;;\x07\x1b[m\x1b[K]\n'}
[32.514758] (sllidar_ros2) StderrLine: {'line': b'  763 |             const int dist = \x1b[01;35m\x1b[Kstatic_cast<const int>(_cached_previous_dense_capsuledata.cabins[pos].distance)\x1b[m\x1b[K;\n'}
[32.516458] (sllidar_ros2) StderrLine: {'line': b'      |                              \x1b[01;35m\x1b[K^~~~~~~~~~~~~~~~~~~~~~~~~~~~~~~~~~~~~~~~~~~~~~~~~~~~~~~~~~~~~~~~~~~~~~~~~~~~~~~\x1b[m\x1b[K\n'}
[32.561841] (-) TimerEvent: {}
[32.664285] (-) TimerEvent: {}
[32.766451] (-) TimerEvent: {}
[32.869258] (-) TimerEvent: {}
[32.971310] (-) TimerEvent: {}
[33.072456] (-) TimerEvent: {}
[33.174324] (-) TimerEvent: {}
[33.276297] (-) TimerEvent: {}
[33.299170] (sllidar_ros2) StdoutLine: {'line': b'[ 45%] \x1b[32mBuilding CXX object CMakeFiles/sllidar_node.dir/sdk/src/dataunpacker/unpacker/handler_normalnode.cpp.o\x1b[0m\n'}
[33.376576] (-) TimerEvent: {}
[33.479570] (-) TimerEvent: {}
[33.581472] (-) TimerEvent: {}
[33.683230] (-) TimerEvent: {}
[33.719112] (sllidar_ros2) StdoutLine: {'line': b'[ 50%] \x1b[32mBuilding CXX object CMakeFiles/sllidar_node.dir/sdk/src/hal/thread.cpp.o\x1b[0m\n'}
[33.783525] (-) TimerEvent: {}
[33.885386] (-) TimerEvent: {}
[33.987119] (-) TimerEvent: {}
[34.088791] (-) TimerEvent: {}
[34.190603] (-) TimerEvent: {}
[34.292144] (-) TimerEvent: {}
[34.393834] (-) TimerEvent: {}
[34.495437] (-) TimerEvent: {}
[34.597786] (-) TimerEvent: {}
[34.699462] (-) TimerEvent: {}
[34.801243] (-) TimerEvent: {}
[34.903286] (-) TimerEvent: {}
[35.005243] (-) TimerEvent: {}
[35.107300] (-) TimerEvent: {}
[35.206699] (sllidar_ros2) StderrLine: {'line': b'In file included from \x1b[01m\x1b[K/home/limitbreakers/breakers_ws/src/sllidar_ros2/./sdk/include/sl_lidar_cmd.h:41\x1b[m\x1b[K,\n'}
[35.207691] (-) TimerEvent: {}
[35.221879] (sllidar_ros2) StderrLine: {'line': b'                 from \x1b[01m\x1b[K/home/limitbreakers/breakers_ws/src/sllidar_ros2/./sdk/include/sl_lidar_driver.h:54\x1b[m\x1b[K,\n'}
[35.223364] (sllidar_ros2) StderrLine: {'line': b'                 from \x1b[01m\x1b[K/home/limitbreakers/breakers_ws/src/sllidar_ros2/./sdk/include/sl_lidar.h:36\x1b[m\x1b[K,\n'}
[35.224835] (sllidar_ros2) StderrLine: {'line': b'                 from \x1b[01m\x1b[K/home/limitbreakers/breakers_ws/src/sllidar_ros2/src/sllidar_node.cpp:38\x1b[m\x1b[K:\n'}
[35.226411] (sllidar_ros2) StderrLine: {'line': b'\x1b[01m\x1b[K/home/limitbreakers/breakers_ws/src/sllidar_ros2/./sdk/include/sl_lidar_protocol.h:66:16:\x1b[m\x1b[K \x1b[01;35m\x1b[Kwarning: \x1b[m\x1b[KISO C++ forbids zero-size array \xe2\x80\x98\x1b[01m\x1b[Kdata\x1b[m\x1b[K\xe2\x80\x99 [\x1b[01;35m\x1b[K\x1b]8;;https://gcc.gnu.org/onlinedocs/gcc/Warning-Options.html#index-Wpedantic\x07-Wpedantic\x1b]8;;\x07\x1b[m\x1b[K]\n'}
[35.227991] (sllidar_ros2) StderrLine: {'line': b'   66 |     sl_u8 data[\x1b[01;35m\x1b[K0\x1b[m\x1b[K];\n'}
[35.229356] (sllidar_ros2) StderrLine: {'line': b'      |                \x1b[01;35m\x1b[K^\x1b[m\x1b[K\n'}
[35.233100] (sllidar_ros2) StderrLine: {'line': b'In file included from \x1b[01m\x1b[K/home/limitbreakers/breakers_ws/src/sllidar_ros2/./sdk/include/sl_lidar_driver.h:54\x1b[m\x1b[K,\n'}
[35.234669] (sllidar_ros2) StderrLine: {'line': b'                 from \x1b[01m\x1b[K/home/limitbreakers/breakers_ws/src/sllidar_ros2/./sdk/include/sl_lidar.h:36\x1b[m\x1b[K,\n'}
[35.235830] (sllidar_ros2) StderrLine: {'line': b'                 from \x1b[01m\x1b[K/home/limitbreakers/breakers_ws/src/sllidar_ros2/src/sllidar_node.cpp:38\x1b[m\x1b[K:\n'}
[35.237154] (sllidar_ros2) StderrLine: {'line': b'\x1b[01m\x1b[K/home/limitbreakers/breakers_ws/src/sllidar_ros2/./sdk/include/sl_lidar_cmd.h:324:20:\x1b[m\x1b[K \x1b[01;35m\x1b[Kwarning: \x1b[m\x1b[KISO C++ forbids zero-size array \xe2\x80\x98\x1b[01m\x1b[Kpayload\x1b[m\x1b[K\xe2\x80\x99 [\x1b[01;35m\x1b[K\x1b]8;;https://gcc.gnu.org/onlinedocs/gcc/Warning-Options.html#index-Wpedantic\x07-Wpedantic\x1b]8;;\x07\x1b[m\x1b[K]\n'}
[35.241543] (sllidar_ros2) StderrLine: {'line': b'  324 |     sl_u8  payload[\x1b[01;35m\x1b[K0\x1b[m\x1b[K];\n'}
[35.242511] (sllidar_ros2) StderrLine: {'line': b'      |                    \x1b[01;35m\x1b[K^\x1b[m\x1b[K\n'}
[35.308068] (-) TimerEvent: {}
[35.410008] (-) TimerEvent: {}
[35.511271] (-) TimerEvent: {}
[35.612488] (-) TimerEvent: {}
[35.713564] (-) TimerEvent: {}
[35.814830] (-) TimerEvent: {}
[35.916195] (-) TimerEvent: {}
[36.018261] (-) TimerEvent: {}
[36.120834] (-) TimerEvent: {}
[36.223313] (-) TimerEvent: {}
[36.325182] (-) TimerEvent: {}
[36.337993] (sllidar_ros2) StderrLine: {'line': b'In file included from \x1b[01m\x1b[K/home/limitbreakers/breakers_ws/src/sllidar_ros2/./sdk/include/rplidar_protocol.h:36\x1b[m\x1b[K,\n'}
[36.338980] (sllidar_ros2) StderrLine: {'line': b'                 from \x1b[01m\x1b[K/home/limitbreakers/breakers_ws/src/sllidar_ros2/./sdk/include/rplidar.h:39\x1b[m\x1b[K,\n'}
[36.339744] (sllidar_ros2) StderrLine: {'line': b'                 from \x1b[01m\x1b[K/home/limitbreakers/breakers_ws/src/sllidar_ros2/./sdk/src/sdkcommon.h:49\x1b[m\x1b[K,\n'}
[36.340764] (sllidar_ros2) StderrLine: {'line': b'                 from \x1b[01m\x1b[K/home/limitbreakers/breakers_ws/src/sllidar_ros2/sdk/src/dataunpacker/unpacker/../dataunnpacker_commondef.h:41\x1b[m\x1b[K,\n'}
[36.341579] (sllidar_ros2) StderrLine: {'line': b'                 from \x1b[01m\x1b[K/home/limitbreakers/breakers_ws/src/sllidar_ros2/sdk/src/dataunpacker/unpacker/handler_normalnode.cpp:39\x1b[m\x1b[K:\n'}
[36.342303] (sllidar_ros2) StderrLine: {'line': b'\x1b[01m\x1b[K/home/limitbreakers/breakers_ws/src/sllidar_ros2/./sdk/include/sl_lidar_protocol.h:66:16:\x1b[m\x1b[K \x1b[01;35m\x1b[Kwarning: \x1b[m\x1b[KISO C++ forbids zero-size array \xe2\x80\x98\x1b[01m\x1b[Kdata\x1b[m\x1b[K\xe2\x80\x99 [\x1b[01;35m\x1b[K\x1b]8;;https://gcc.gnu.org/onlinedocs/gcc/Warning-Options.html#index-Wpedantic\x07-Wpedantic\x1b]8;;\x07\x1b[m\x1b[K]\n'}
[36.343076] (sllidar_ros2) StderrLine: {'line': b'   66 |     sl_u8 data[\x1b[01;35m\x1b[K0\x1b[m\x1b[K];\n'}
[36.343835] (sllidar_ros2) StderrLine: {'line': b'      |                \x1b[01;35m\x1b[K^\x1b[m\x1b[K\n'}
[36.344759] (sllidar_ros2) StderrLine: {'line': b'In file included from \x1b[01m\x1b[K/home/limitbreakers/breakers_ws/src/sllidar_ros2/./sdk/include/rplidar_cmd.h:36\x1b[m\x1b[K,\n'}
[36.345579] (sllidar_ros2) StderrLine: {'line': b'                 from \x1b[01m\x1b[K/home/limitbreakers/breakers_ws/src/sllidar_ros2/./sdk/include/rplidar.h:40\x1b[m\x1b[K,\n'}
[36.346164] (sllidar_ros2) StderrLine: {'line': b'                 from \x1b[01m\x1b[K/home/limitbreakers/breakers_ws/src/sllidar_ros2/./sdk/src/sdkcommon.h:49\x1b[m\x1b[K,\n'}
[36.346772] (sllidar_ros2) StderrLine: {'line': b'                 from \x1b[01m\x1b[K/home/limitbreakers/breakers_ws/src/sllidar_ros2/sdk/src/dataunpacker/unpacker/../dataunnpacker_commondef.h:41\x1b[m\x1b[K,\n'}
[36.347411] (sllidar_ros2) StderrLine: {'line': b'                 from \x1b[01m\x1b[K/home/limitbreakers/breakers_ws/src/sllidar_ros2/sdk/src/dataunpacker/unpacker/handler_normalnode.cpp:39\x1b[m\x1b[K:\n'}
[36.348022] (sllidar_ros2) StderrLine: {'line': b'\x1b[01m\x1b[K/home/limitbreakers/breakers_ws/src/sllidar_ros2/./sdk/include/sl_lidar_cmd.h:324:20:\x1b[m\x1b[K \x1b[01;35m\x1b[Kwarning: \x1b[m\x1b[KISO C++ forbids zero-size array \xe2\x80\x98\x1b[01m\x1b[Kpayload\x1b[m\x1b[K\xe2\x80\x99 [\x1b[01;35m\x1b[K\x1b]8;;https://gcc.gnu.org/onlinedocs/gcc/Warning-Options.html#index-Wpedantic\x07-Wpedantic\x1b]8;;\x07\x1b[m\x1b[K]\n'}
[36.348941] (sllidar_ros2) StderrLine: {'line': b'  324 |     sl_u8  payload[\x1b[01;35m\x1b[K0\x1b[m\x1b[K];\n'}
[36.349942] (sllidar_ros2) StderrLine: {'line': b'      |                    \x1b[01;35m\x1b[K^\x1b[m\x1b[K\n'}
[36.425470] (-) TimerEvent: {}
[36.527362] (-) TimerEvent: {}
[36.629413] (-) TimerEvent: {}
[36.731142] (-) TimerEvent: {}
[36.833021] (-) TimerEvent: {}
[36.935043] (-) TimerEvent: {}
[36.982244] (sllidar_ros2) StderrLine: {'line': b'In file included from \x1b[01m\x1b[K/home/limitbreakers/breakers_ws/src/sllidar_ros2/./sdk/include/rplidar_protocol.h:36\x1b[m\x1b[K,\n'}
[36.983316] (sllidar_ros2) StderrLine: {'line': b'                 from \x1b[01m\x1b[K/home/limitbreakers/breakers_ws/src/sllidar_ros2/./sdk/include/rplidar.h:39\x1b[m\x1b[K,\n'}
[36.984096] (sllidar_ros2) StderrLine: {'line': b'                 from \x1b[01m\x1b[K/home/limitbreakers/breakers_ws/src/sllidar_ros2/./sdk/src/sdkcommon.h:49\x1b[m\x1b[K,\n'}
[36.985210] (sllidar_ros2) StderrLine: {'line': b'                 from \x1b[01m\x1b[K/home/limitbreakers/breakers_ws/src/sllidar_ros2/sdk/src/hal/thread.cpp:35\x1b[m\x1b[K:\n'}
[36.986246] (sllidar_ros2) StderrLine: {'line': b'\x1b[01m\x1b[K/home/limitbreakers/breakers_ws/src/sllidar_ros2/./sdk/include/sl_lidar_protocol.h:66:16:\x1b[m\x1b[K \x1b[01;35m\x1b[Kwarning: \x1b[m\x1b[KISO C++ forbids zero-size array \xe2\x80\x98\x1b[01m\x1b[Kdata\x1b[m\x1b[K\xe2\x80\x99 [\x1b[01;35m\x1b[K\x1b]8;;https://gcc.gnu.org/onlinedocs/gcc/Warning-Options.html#index-Wpedantic\x07-Wpedantic\x1b]8;;\x07\x1b[m\x1b[K]\n'}
[36.987260] (sllidar_ros2) StderrLine: {'line': b'   66 |     sl_u8 data[\x1b[01;35m\x1b[K0\x1b[m\x1b[K];\n'}
[36.988087] (sllidar_ros2) StderrLine: {'line': b'      |                \x1b[01;35m\x1b[K^\x1b[m\x1b[K\n'}
[36.990168] (sllidar_ros2) StderrLine: {'line': b'In file included from \x1b[01m\x1b[K/home/limitbreakers/breakers_ws/src/sllidar_ros2/./sdk/include/rplidar_cmd.h:36\x1b[m\x1b[K,\n'}
[36.991139] (sllidar_ros2) StderrLine: {'line': b'                 from \x1b[01m\x1b[K/home/limitbreakers/breakers_ws/src/sllidar_ros2/./sdk/include/rplidar.h:40\x1b[m\x1b[K,\n'}
[36.991962] (sllidar_ros2) StderrLine: {'line': b'                 from \x1b[01m\x1b[K/home/limitbreakers/breakers_ws/src/sllidar_ros2/./sdk/src/sdkcommon.h:49\x1b[m\x1b[K,\n'}
[36.992955] (sllidar_ros2) StderrLine: {'line': b'                 from \x1b[01m\x1b[K/home/limitbreakers/breakers_ws/src/sllidar_ros2/sdk/src/hal/thread.cpp:35\x1b[m\x1b[K:\n'}
[37.002074] (sllidar_ros2) StderrLine: {'line': b'\x1b[01m\x1b[K/home/limitbreakers/breakers_ws/src/sllidar_ros2/./sdk/include/sl_lidar_cmd.h:324:20:\x1b[m\x1b[K \x1b[01;35m\x1b[Kwarning: \x1b[m\x1b[KISO C++ forbids zero-size array \xe2\x80\x98\x1b[01m\x1b[Kpayload\x1b[m\x1b[K\xe2\x80\x99 [\x1b[01;35m\x1b[K\x1b]8;;https://gcc.gnu.org/onlinedocs/gcc/Warning-Options.html#index-Wpedantic\x07-Wpedantic\x1b]8;;\x07\x1b[m\x1b[K]\n'}
[37.002945] (sllidar_ros2) StderrLine: {'line': b'  324 |     sl_u8  payload[\x1b[01;35m\x1b[K0\x1b[m\x1b[K];\n'}
[37.003879] (sllidar_ros2) StderrLine: {'line': b'      |                    \x1b[01;35m\x1b[K^\x1b[m\x1b[K\n'}
[37.035365] (-) TimerEvent: {}
[37.137273] (-) TimerEvent: {}
[37.238453] (-) TimerEvent: {}
[37.340502] (-) TimerEvent: {}
[37.442693] (-) TimerEvent: {}
[37.485662] (sllidar_ros2) StderrLine: {'line': b'In file included from \x1b[01m\x1b[K/home/limitbreakers/breakers_ws/src/sllidar_ros2/sdk/src/hal/thread.cpp:43\x1b[m\x1b[K:\n'}
[37.486535] (sllidar_ros2) StderrLine: {'line': b'\x1b[01m\x1b[K/home/limitbreakers/breakers_ws/src/sllidar_ros2/./sdk/src/arch/linux/thread.hpp:\x1b[m\x1b[K In static member function \xe2\x80\x98\x1b[01m\x1b[Kstatic rp::hal::Thread rp::hal::Thread::create(thread_proc_t, void*)\x1b[m\x1b[K\xe2\x80\x99:\n'}
[37.487395] (sllidar_ros2) StderrLine: {'line': b'\x1b[01m\x1b[K/home/limitbreakers/breakers_ws/src/sllidar_ros2/./sdk/src/arch/linux/thread.hpp:52:57:\x1b[m\x1b[K \x1b[01;35m\x1b[Kwarning: \x1b[m\x1b[Kcast between incompatible function types from \xe2\x80\x98\x1b[01m\x1b[Kthread_proc_t\x1b[m\x1b[K\xe2\x80\x99 {aka \xe2\x80\x98\x1b[01m\x1b[Klong unsigned int (*)(void*)\x1b[m\x1b[K\xe2\x80\x99} to \xe2\x80\x98\x1b[01m\x1b[Kvoid* (*)(void*)\x1b[m\x1b[K\xe2\x80\x99 [\x1b[01;35m\x1b[K\x1b]8;;https://gcc.gnu.org/onlinedocs/gcc/Warning-Options.html#index-Wcast-function-type\x07-Wcast-function-type\x1b]8;;\x07\x1b[m\x1b[K]\n'}
[37.488209] (sllidar_ros2) StderrLine: {'line': b'   52 |     pthread_create((pthread_t *)&newborn._handle, NULL, \x1b[01;35m\x1b[K(void * (*)(void *))proc\x1b[m\x1b[K, data);\n'}
[37.489769] (sllidar_ros2) StderrLine: {'line': b'      |                                                         \x1b[01;35m\x1b[K^~~~~~~~~~~~~~~~~~~~~~~~\x1b[m\x1b[K\n'}
[37.491032] (sllidar_ros2) StderrLine: {'line': b'\x1b[01m\x1b[K/home/limitbreakers/breakers_ws/src/sllidar_ros2/./sdk/src/arch/linux/thread.hpp:\x1b[m\x1b[K In member function \xe2\x80\x98\x1b[01m\x1b[Ku_result rp::hal::Thread::join(long unsigned int)\x1b[m\x1b[K\xe2\x80\x99:\n'}
[37.491606] (sllidar_ros2) StderrLine: {'line': b'\x1b[01m\x1b[K/home/limitbreakers/breakers_ws/src/sllidar_ros2/./sdk/src/arch/linux/thread.hpp:176:37:\x1b[m\x1b[K \x1b[01;35m\x1b[Kwarning: \x1b[m\x1b[Kunused parameter \xe2\x80\x98\x1b[01m\x1b[Ktimeout\x1b[m\x1b[K\xe2\x80\x99 [\x1b[01;35m\x1b[K\x1b]8;;https://gcc.gnu.org/onlinedocs/gcc/Warning-Options.html#index-Wunused-parameter\x07-Wunused-parameter\x1b]8;;\x07\x1b[m\x1b[K]\n'}
[37.492143] (sllidar_ros2) StderrLine: {'line': b'  176 | u_result Thread::join(\x1b[01;35m\x1b[Kunsigned long timeout\x1b[m\x1b[K)\n'}
[37.492719] (sllidar_ros2) StderrLine: {'line': b'      |                       \x1b[01;35m\x1b[K~~~~~~~~~~~~~~^~~~~~~\x1b[m\x1b[K\n'}
[37.542938] (-) TimerEvent: {}
[37.612072] (sllidar_ros2) StderrLine: {'line': b'In file included from \x1b[01m\x1b[K/home/limitbreakers/breakers_ws/src/sllidar_ros2/sdk/src/dataunpacker/unpacker/handler_normalnode.cpp:40\x1b[m\x1b[K:\n'}
[37.612924] (sllidar_ros2) StderrLine: {'line': b'\x1b[01m\x1b[K/home/limitbreakers/breakers_ws/src/sllidar_ros2/sdk/src/dataunpacker/unpacker/../dataunpacker.h:\x1b[m\x1b[K In member function \xe2\x80\x98\x1b[01m\x1b[Kvirtual void sl::internal::LIDARSampleDataListener::onCustomSampleDataDecoded(_u8, _u32, const void*, size_t)\x1b[m\x1b[K\xe2\x80\x99:\n'}
[37.613784] (sllidar_ros2) StderrLine: {'line': b'\x1b[01m\x1b[K/home/limitbreakers/breakers_ws/src/sllidar_ros2/sdk/src/dataunpacker/unpacker/../dataunpacker.h:54:52:\x1b[m\x1b[K \x1b[01;35m\x1b[Kwarning: \x1b[m\x1b[Kunused parameter \xe2\x80\x98\x1b[01m\x1b[KansType\x1b[m\x1b[K\xe2\x80\x99 [\x1b[01;35m\x1b[K\x1b]8;;https://gcc.gnu.org/onlinedocs/gcc/Warning-Options.html#index-Wunused-parameter\x07-Wunused-parameter\x1b]8;;\x07\x1b[m\x1b[K]\n'}
[37.614612] (sllidar_ros2) StderrLine: {'line': b'   54 |         virtual void onCustomSampleDataDecoded(\x1b[01;35m\x1b[K_u8 ansType\x1b[m\x1b[K, _u32 customCode, const void* data, size_t size) {}\n'}
[37.615398] (sllidar_ros2) StderrLine: {'line': b'      |                                                \x1b[01;35m\x1b[K~~~~^~~~~~~\x1b[m\x1b[K\n'}
[37.617291] (sllidar_ros2) StderrLine: {'line': b'\x1b[01m\x1b[K/home/limitbreakers/breakers_ws/src/sllidar_ros2/sdk/src/dataunpacker/unpacker/../dataunpacker.h:54:66:\x1b[m\x1b[K \x1b[01;35m\x1b[Kwarning: \x1b[m\x1b[Kunused parameter \xe2\x80\x98\x1b[01m\x1b[KcustomCode\x1b[m\x1b[K\xe2\x80\x99 [\x1b[01;35m\x1b[K\x1b]8;;https://gcc.gnu.org/onlinedocs/gcc/Warning-Options.html#index-Wunused-parameter\x07-Wunused-parameter\x1b]8;;\x07\x1b[m\x1b[K]\n'}
[37.618308] (sllidar_ros2) StderrLine: {'line': b'   54 |         virtual void onCustomSampleDataDecoded(_u8 ansType, \x1b[01;35m\x1b[K_u32 customCode\x1b[m\x1b[K, const void* data, size_t size) {}\n'}
[37.619080] (sllidar_ros2) StderrLine: {'line': b'      |                                                             \x1b[01;35m\x1b[K~~~~~^~~~~~~~~~\x1b[m\x1b[K\n'}
[37.619815] (sllidar_ros2) StderrLine: {'line': b'\x1b[01m\x1b[K/home/limitbreakers/breakers_ws/src/sllidar_ros2/sdk/src/dataunpacker/unpacker/../dataunpacker.h:54:90:\x1b[m\x1b[K \x1b[01;35m\x1b[Kwarning: \x1b[m\x1b[Kunused parameter \xe2\x80\x98\x1b[01m\x1b[Kdata\x1b[m\x1b[K\xe2\x80\x99 [\x1b[01;35m\x1b[K\x1b]8;;https://gcc.gnu.org/onlinedocs/gcc/Warning-Options.html#index-Wunused-parameter\x07-Wunused-parameter\x1b]8;;\x07\x1b[m\x1b[K]\n'}
[37.620709] (sllidar_ros2) StderrLine: {'line': b'   54 |         virtual void onCustomSampleDataDecoded(_u8 ansType, _u32 customCode, \x1b[01;35m\x1b[Kconst void* data\x1b[m\x1b[K, size_t size) {}\n'}
[37.621509] (sllidar_ros2) StderrLine: {'line': b'      |                                                                              \x1b[01;35m\x1b[K~~~~~~~~~~~~^~~~\x1b[m\x1b[K\n'}
[37.622268] (sllidar_ros2) StderrLine: {'line': b'\x1b[01m\x1b[K/home/limitbreakers/breakers_ws/src/sllidar_ros2/sdk/src/dataunpacker/unpacker/../dataunpacker.h:54:103:\x1b[m\x1b[K \x1b[01;35m\x1b[Kwarning: \x1b[m\x1b[Kunused parameter \xe2\x80\x98\x1b[01m\x1b[Ksize\x1b[m\x1b[K\xe2\x80\x99 [\x1b[01;35m\x1b[K\x1b]8;;https://gcc.gnu.org/onlinedocs/gcc/Warning-Options.html#index-Wunused-parameter\x07-Wunused-parameter\x1b]8;;\x07\x1b[m\x1b[K]\n'}
[37.622997] (sllidar_ros2) StderrLine: {'line': b'   54 |         virtual void onCustomSampleDataDecoded(_u8 ansType, _u32 customCode, const void* data, \x1b[01;35m\x1b[Ksize_t size\x1b[m\x1b[K) {}\n'}
[37.623748] (sllidar_ros2) StderrLine: {'line': b'      |                                                                                                \x1b[01;35m\x1b[K~~~~~~~^~~~\x1b[m\x1b[K\n'}
[37.624512] (sllidar_ros2) StderrLine: {'line': b'\x1b[01m\x1b[K/home/limitbreakers/breakers_ws/src/sllidar_ros2/sdk/src/dataunpacker/unpacker/../dataunpacker.h:\x1b[m\x1b[K In member function \xe2\x80\x98\x1b[01m\x1b[Kvirtual void sl::internal::LIDARSampleDataListener::onDecodingError(int, _u8, const void*, size_t)\x1b[m\x1b[K\xe2\x80\x99:\n'}
[37.641556] (sllidar_ros2) StderrLine: {'line': b'\x1b[01m\x1b[K/home/limitbreakers/breakers_ws/src/sllidar_ros2/sdk/src/dataunpacker/unpacker/../dataunpacker.h:56:42:\x1b[m\x1b[K \x1b[01;35m\x1b[Kwarning: \x1b[m\x1b[Kunused parameter \xe2\x80\x98\x1b[01m\x1b[KerrMsg\x1b[m\x1b[K\xe2\x80\x99 [\x1b[01;35m\x1b[K\x1b]8;;https://gcc.gnu.org/onlinedocs/gcc/Warning-Options.html#index-Wunused-parameter\x07-Wunused-parameter\x1b]8;;\x07\x1b[m\x1b[K]\n'}
[37.642610] (sllidar_ros2) StderrLine: {'line': b'   56 |         virtual void onDecodingError(\x1b[01;35m\x1b[Kint errMsg\x1b[m\x1b[K, _u8 ansType, const void* payload, size_t size) {}\n'}
[37.643348] (-) TimerEvent: {}
[37.644921] (sllidar_ros2) StderrLine: {'line': b'      |                                      \x1b[01;35m\x1b[K~~~~^~~~~~\x1b[m\x1b[K\n'}
[37.645891] (sllidar_ros2) StderrLine: {'line': b'\x1b[01m\x1b[K/home/limitbreakers/breakers_ws/src/sllidar_ros2/sdk/src/dataunpacker/unpacker/../dataunpacker.h:56:54:\x1b[m\x1b[K \x1b[01;35m\x1b[Kwarning: \x1b[m\x1b[Kunused parameter \xe2\x80\x98\x1b[01m\x1b[KansType\x1b[m\x1b[K\xe2\x80\x99 [\x1b[01;35m\x1b[K\x1b]8;;https://gcc.gnu.org/onlinedocs/gcc/Warning-Options.html#index-Wunused-parameter\x07-Wunused-parameter\x1b]8;;\x07\x1b[m\x1b[K]\n'}
[37.646740] (sllidar_ros2) StderrLine: {'line': b'   56 |         virtual void onDecodingError(int errMsg, \x1b[01;35m\x1b[K_u8 ansType\x1b[m\x1b[K, const void* payload, size_t size) {}\n'}
[37.647497] (sllidar_ros2) StderrLine: {'line': b'      |                                                  \x1b[01;35m\x1b[K~~~~^~~~~~~\x1b[m\x1b[K\n'}
[37.648276] (sllidar_ros2) StderrLine: {'line': b'\x1b[01m\x1b[K/home/limitbreakers/breakers_ws/src/sllidar_ros2/sdk/src/dataunpacker/unpacker/../dataunpacker.h:56:75:\x1b[m\x1b[K \x1b[01;35m\x1b[Kwarning: \x1b[m\x1b[Kunused parameter \xe2\x80\x98\x1b[01m\x1b[Kpayload\x1b[m\x1b[K\xe2\x80\x99 [\x1b[01;35m\x1b[K\x1b]8;;https://gcc.gnu.org/onlinedocs/gcc/Warning-Options.html#index-Wunused-parameter\x07-Wunused-parameter\x1b]8;;\x07\x1b[m\x1b[K]\n'}
[37.668330] (sllidar_ros2) StderrLine: {'line': b'   56 |         virtual void onDecodingError(int errMsg, _u8 ansType, \x1b[01;35m\x1b[Kconst void* payload\x1b[m\x1b[K, size_t size) {}\n'}
[37.669200] (sllidar_ros2) StderrLine: {'line': b'      |                                                               \x1b[01;35m\x1b[K~~~~~~~~~~~~^~~~~~~\x1b[m\x1b[K\n'}
[37.670058] (sllidar_ros2) StderrLine: {'line': b'\x1b[01m\x1b[K/home/limitbreakers/breakers_ws/src/sllidar_ros2/sdk/src/dataunpacker/unpacker/../dataunpacker.h:56:91:\x1b[m\x1b[K \x1b[01;35m\x1b[Kwarning: \x1b[m\x1b[Kunused parameter \xe2\x80\x98\x1b[01m\x1b[Ksize\x1b[m\x1b[K\xe2\x80\x99 [\x1b[01;35m\x1b[K\x1b]8;;https://gcc.gnu.org/onlinedocs/gcc/Warning-Options.html#index-Wunused-parameter\x07-Wunused-parameter\x1b]8;;\x07\x1b[m\x1b[K]\n'}
[37.670905] (sllidar_ros2) StderrLine: {'line': b'   56 |         virtual void onDecodingError(int errMsg, _u8 ansType, const void* payload, \x1b[01;35m\x1b[Ksize_t size\x1b[m\x1b[K) {}\n'}
[37.671680] (sllidar_ros2) StderrLine: {'line': b'      |                                                                                    \x1b[01;35m\x1b[K~~~~~~~^~~~\x1b[m\x1b[K\n'}
[37.743671] (-) TimerEvent: {}
[37.844744] (-) TimerEvent: {}
[37.945742] (-) TimerEvent: {}
[38.046757] (-) TimerEvent: {}
[38.147808] (-) TimerEvent: {}
[38.249251] (-) TimerEvent: {}
[38.351212] (-) TimerEvent: {}
[38.452239] (-) TimerEvent: {}
[38.480025] (sllidar_ros2) StdoutLine: {'line': b'[ 55%] \x1b[32mBuilding CXX object CMakeFiles/sllidar_node.dir/sdk/src/rplidar_driver.cpp.o\x1b[0m\n'}
[38.552544] (-) TimerEvent: {}
[38.654550] (-) TimerEvent: {}
[38.756223] (-) TimerEvent: {}
[38.857905] (-) TimerEvent: {}
[38.871096] (sllidar_ros2) StdoutLine: {'line': b'[ 60%] \x1b[32mBuilding CXX object CMakeFiles/sllidar_node.dir/sdk/src/sl_async_transceiver.cpp.o\x1b[0m\n'}
[38.958154] (-) TimerEvent: {}
[39.059965] (-) TimerEvent: {}
[39.161521] (-) TimerEvent: {}
[39.262408] (-) TimerEvent: {}
[39.363344] (-) TimerEvent: {}
[39.464181] (-) TimerEvent: {}
[39.565109] (-) TimerEvent: {}
[39.666058] (-) TimerEvent: {}
[39.768054] (-) TimerEvent: {}
[39.871492] (-) TimerEvent: {}
[39.973357] (-) TimerEvent: {}
[40.049176] (serial) StdoutLine: {'line': b'[ 71%] \x1b[32m\x1b[1mLinking CXX static library libgtest.a\x1b[0m\n'}
[40.073504] (-) TimerEvent: {}
[40.174526] (-) TimerEvent: {}
[40.276204] (-) TimerEvent: {}
[40.379690] (-) TimerEvent: {}
[40.480768] (-) TimerEvent: {}
[40.582154] (-) TimerEvent: {}
[40.683877] (-) TimerEvent: {}
[40.739302] (serial) StdoutLine: {'line': b'[ 71%] Built target gtest\n'}
[40.784161] (-) TimerEvent: {}
[40.885480] (-) TimerEvent: {}
[40.986620] (-) TimerEvent: {}
[41.058918] (serial) StdoutLine: {'line': b'[ 78%] \x1b[32mBuilding CXX object tests/CMakeFiles/serial-test.dir/unix_serial_tests.cc.o\x1b[0m\n'}
[41.086860] (-) TimerEvent: {}
[41.096309] (serial) StdoutLine: {'line': b'[ 85%] \x1b[32mBuilding CXX object tests/CMakeFiles/serial-test-timer.dir/unit/unix_timer_tests.cc.o\x1b[0m\n'}
[41.187179] (-) TimerEvent: {}
[41.288340] (-) TimerEvent: {}
[41.389880] (-) TimerEvent: {}
[41.491678] (-) TimerEvent: {}
[41.593567] (-) TimerEvent: {}
[41.695138] (-) TimerEvent: {}
[41.797514] (-) TimerEvent: {}
[41.899259] (-) TimerEvent: {}
[42.001511] (-) TimerEvent: {}
[42.103289] (-) TimerEvent: {}
[42.131987] (sllidar_ros2) StderrLine: {'line': b'In file included from \x1b[01m\x1b[K/home/limitbreakers/breakers_ws/src/sllidar_ros2/./sdk/include/rplidar_protocol.h:36\x1b[m\x1b[K,\n'}
[42.132871] (sllidar_ros2) StderrLine: {'line': b'                 from \x1b[01m\x1b[K/home/limitbreakers/breakers_ws/src/sllidar_ros2/./sdk/include/rplidar.h:39\x1b[m\x1b[K,\n'}
[42.133657] (sllidar_ros2) StderrLine: {'line': b'                 from \x1b[01m\x1b[K/home/limitbreakers/breakers_ws/src/sllidar_ros2/sdk/src/sdkcommon.h:49\x1b[m\x1b[K,\n'}
[42.134424] (sllidar_ros2) StderrLine: {'line': b'                 from \x1b[01m\x1b[K/home/limitbreakers/breakers_ws/src/sllidar_ros2/sdk/src/rplidar_driver.cpp:33\x1b[m\x1b[K:\n'}
[42.135160] (sllidar_ros2) StderrLine: {'line': b'\x1b[01m\x1b[K/home/limitbreakers/breakers_ws/src/sllidar_ros2/./sdk/include/sl_lidar_protocol.h:66:16:\x1b[m\x1b[K \x1b[01;35m\x1b[Kwarning: \x1b[m\x1b[KISO C++ forbids zero-size array \xe2\x80\x98\x1b[01m\x1b[Kdata\x1b[m\x1b[K\xe2\x80\x99 [\x1b[01;35m\x1b[K\x1b]8;;https://gcc.gnu.org/onlinedocs/gcc/Warning-Options.html#index-Wpedantic\x07-Wpedantic\x1b]8;;\x07\x1b[m\x1b[K]\n'}
[42.135926] (sllidar_ros2) StderrLine: {'line': b'   66 |     sl_u8 data[\x1b[01;35m\x1b[K0\x1b[m\x1b[K];\n'}
[42.136516] (sllidar_ros2) StderrLine: {'line': b'      |                \x1b[01;35m\x1b[K^\x1b[m\x1b[K\n'}
[42.142615] (sllidar_ros2) StderrLine: {'line': b'In file included from \x1b[01m\x1b[K/home/limitbreakers/breakers_ws/src/sllidar_ros2/./sdk/include/rplidar_cmd.h:36\x1b[m\x1b[K,\n'}
[42.143903] (sllidar_ros2) StderrLine: {'line': b'                 from \x1b[01m\x1b[K/home/limitbreakers/breakers_ws/src/sllidar_ros2/./sdk/include/rplidar.h:40\x1b[m\x1b[K,\n'}
[42.144993] (sllidar_ros2) StderrLine: {'line': b'                 from \x1b[01m\x1b[K/home/limitbreakers/breakers_ws/src/sllidar_ros2/sdk/src/sdkcommon.h:49\x1b[m\x1b[K,\n'}
[42.145963] (sllidar_ros2) StderrLine: {'line': b'                 from \x1b[01m\x1b[K/home/limitbreakers/breakers_ws/src/sllidar_ros2/sdk/src/rplidar_driver.cpp:33\x1b[m\x1b[K:\n'}
[42.147195] (sllidar_ros2) StderrLine: {'line': b'\x1b[01m\x1b[K/home/limitbreakers/breakers_ws/src/sllidar_ros2/./sdk/include/sl_lidar_cmd.h:324:20:\x1b[m\x1b[K \x1b[01;35m\x1b[Kwarning: \x1b[m\x1b[KISO C++ forbids zero-size array \xe2\x80\x98\x1b[01m\x1b[Kpayload\x1b[m\x1b[K\xe2\x80\x99 [\x1b[01;35m\x1b[K\x1b]8;;https://gcc.gnu.org/onlinedocs/gcc/Warning-Options.html#index-Wpedantic\x07-Wpedantic\x1b]8;;\x07\x1b[m\x1b[K]\n'}
[42.148386] (sllidar_ros2) StderrLine: {'line': b'  324 |     sl_u8  payload[\x1b[01;35m\x1b[K0\x1b[m\x1b[K];\n'}
[42.149587] (sllidar_ros2) StderrLine: {'line': b'      |                    \x1b[01;35m\x1b[K^\x1b[m\x1b[K\n'}
[42.203706] (-) TimerEvent: {}
[42.306559] (-) TimerEvent: {}
[42.408566] (-) TimerEvent: {}
[42.510473] (-) TimerEvent: {}
[42.539268] (sllidar_ros2) StderrLine: {'line': b'In file included from \x1b[01m\x1b[K/home/limitbreakers/breakers_ws/src/sllidar_ros2/./sdk/include/rplidar_protocol.h:36\x1b[m\x1b[K,\n'}
[42.540241] (sllidar_ros2) StderrLine: {'line': b'                 from \x1b[01m\x1b[K/home/limitbreakers/breakers_ws/src/sllidar_ros2/./sdk/include/rplidar.h:39\x1b[m\x1b[K,\n'}
[42.541194] (sllidar_ros2) StderrLine: {'line': b'                 from \x1b[01m\x1b[K/home/limitbreakers/breakers_ws/src/sllidar_ros2/sdk/src/sdkcommon.h:49\x1b[m\x1b[K,\n'}
[42.542148] (sllidar_ros2) StderrLine: {'line': b'                 from \x1b[01m\x1b[K/home/limitbreakers/breakers_ws/src/sllidar_ros2/sdk/src/sl_async_transceiver.cpp:35\x1b[m\x1b[K:\n'}
[42.543135] (sllidar_ros2) StderrLine: {'line': b'\x1b[01m\x1b[K/home/limitbreakers/breakers_ws/src/sllidar_ros2/./sdk/include/sl_lidar_protocol.h:66:16:\x1b[m\x1b[K \x1b[01;35m\x1b[Kwarning: \x1b[m\x1b[KISO C++ forbids zero-size array \xe2\x80\x98\x1b[01m\x1b[Kdata\x1b[m\x1b[K\xe2\x80\x99 [\x1b[01;35m\x1b[K\x1b]8;;https://gcc.gnu.org/onlinedocs/gcc/Warning-Options.html#index-Wpedantic\x07-Wpedantic\x1b]8;;\x07\x1b[m\x1b[K]\n'}
[42.543935] (sllidar_ros2) StderrLine: {'line': b'   66 |     sl_u8 data[\x1b[01;35m\x1b[K0\x1b[m\x1b[K];\n'}
[42.544805] (sllidar_ros2) StderrLine: {'line': b'      |                \x1b[01;35m\x1b[K^\x1b[m\x1b[K\n'}
[42.553980] (sllidar_ros2) StderrLine: {'line': b'In file included from \x1b[01m\x1b[K/home/limitbreakers/breakers_ws/src/sllidar_ros2/./sdk/include/rplidar_cmd.h:36\x1b[m\x1b[K,\n'}
[42.554825] (sllidar_ros2) StderrLine: {'line': b'                 from \x1b[01m\x1b[K/home/limitbreakers/breakers_ws/src/sllidar_ros2/./sdk/include/rplidar.h:40\x1b[m\x1b[K,\n'}
[42.555594] (sllidar_ros2) StderrLine: {'line': b'                 from \x1b[01m\x1b[K/home/limitbreakers/breakers_ws/src/sllidar_ros2/sdk/src/sdkcommon.h:49\x1b[m\x1b[K,\n'}
[42.556523] (sllidar_ros2) StderrLine: {'line': b'                 from \x1b[01m\x1b[K/home/limitbreakers/breakers_ws/src/sllidar_ros2/sdk/src/sl_async_transceiver.cpp:35\x1b[m\x1b[K:\n'}
[42.557412] (sllidar_ros2) StderrLine: {'line': b'\x1b[01m\x1b[K/home/limitbreakers/breakers_ws/src/sllidar_ros2/./sdk/include/sl_lidar_cmd.h:324:20:\x1b[m\x1b[K \x1b[01;35m\x1b[Kwarning: \x1b[m\x1b[KISO C++ forbids zero-size array \xe2\x80\x98\x1b[01m\x1b[Kpayload\x1b[m\x1b[K\xe2\x80\x99 [\x1b[01;35m\x1b[K\x1b]8;;https://gcc.gnu.org/onlinedocs/gcc/Warning-Options.html#index-Wpedantic\x07-Wpedantic\x1b]8;;\x07\x1b[m\x1b[K]\n'}
[42.558234] (sllidar_ros2) StderrLine: {'line': b'  324 |     sl_u8  payload[\x1b[01;35m\x1b[K0\x1b[m\x1b[K];\n'}
[42.559000] (sllidar_ros2) StderrLine: {'line': b'      |                    \x1b[01;35m\x1b[K^\x1b[m\x1b[K\n'}
[42.610727] (-) TimerEvent: {}
[42.712692] (-) TimerEvent: {}
[42.814837] (-) TimerEvent: {}
[42.917227] (-) TimerEvent: {}
[43.019536] (-) TimerEvent: {}
[43.121533] (-) TimerEvent: {}
[43.222599] (-) TimerEvent: {}
[43.323877] (-) TimerEvent: {}
[43.425266] (-) TimerEvent: {}
[43.528271] (-) TimerEvent: {}
[43.630080] (-) TimerEvent: {}
[43.731954] (-) TimerEvent: {}
[43.834056] (-) TimerEvent: {}
[43.917015] (sllidar_ros2) StderrLine: {'line': b'In file included from \x1b[01m\x1b[K/home/limitbreakers/breakers_ws/src/sllidar_ros2/sdk/src/sl_async_transceiver.cpp:44\x1b[m\x1b[K:\n'}
[43.925974] (sllidar_ros2) StderrLine: {'line': b'\x1b[01m\x1b[K/home/limitbreakers/breakers_ws/src/sllidar_ros2/sdk/src/sl_async_transceiver.h:\x1b[m\x1b[K In member function \xe2\x80\x98\x1b[01m\x1b[Kvirtual void sl::internal::IAsyncProtocolCodec::onChannelError(u_result)\x1b[m\x1b[K\xe2\x80\x99:\n'}
[43.927065] (sllidar_ros2) StderrLine: {'line': b'\x1b[01m\x1b[K/home/limitbreakers/breakers_ws/src/sllidar_ros2/sdk/src/sl_async_transceiver.h:90:48:\x1b[m\x1b[K \x1b[01;35m\x1b[Kwarning: \x1b[m\x1b[Kunused parameter \xe2\x80\x98\x1b[01m\x1b[KerrCode\x1b[m\x1b[K\xe2\x80\x99 [\x1b[01;35m\x1b[K\x1b]8;;https://gcc.gnu.org/onlinedocs/gcc/Warning-Options.html#index-Wunused-parameter\x07-Wunused-parameter\x1b]8;;\x07\x1b[m\x1b[K]\n'}
[43.927883] (sllidar_ros2) StderrLine: {'line': b'   90 |         virtual void   onChannelError(\x1b[01;35m\x1b[Ku_result errCode\x1b[m\x1b[K) {}\n'}
[43.928750] (sllidar_ros2) StderrLine: {'line': b'      |                                       \x1b[01;35m\x1b[K~~~~~~~~~^~~~~~~\x1b[m\x1b[K\n'}
[43.934320] (-) TimerEvent: {}
[43.947157] (sllidar_ros2) StderrLine: {'line': b'\x1b[01m\x1b[K/home/limitbreakers/breakers_ws/src/sllidar_ros2/sdk/src/rplidar_driver.cpp:\x1b[m\x1b[K In member function \xe2\x80\x98\x1b[01m\x1b[Ku_result rp::standalone::rplidar::RPlidarDriver::connect(const char*, _u32, _u32)\x1b[m\x1b[K\xe2\x80\x99:\n'}
[43.948044] (sllidar_ros2) StderrLine: {'line': b'\x1b[01m\x1b[K/home/limitbreakers/breakers_ws/src/sllidar_ros2/sdk/src/rplidar_driver.cpp:67:77:\x1b[m\x1b[K \x1b[01;35m\x1b[Kwarning: \x1b[m\x1b[Kunused parameter \xe2\x80\x98\x1b[01m\x1b[Kflag\x1b[m\x1b[K\xe2\x80\x99 [\x1b[01;35m\x1b[K\x1b]8;;https://gcc.gnu.org/onlinedocs/gcc/Warning-Options.html#index-Wunused-parameter\x07-Wunused-parameter\x1b]8;;\x07\x1b[m\x1b[K]\n'}
[43.949155] (sllidar_ros2) StderrLine: {'line': b'   67 |     u_result RPlidarDriver::connect(const char *path, _u32 portOrBaud, \x1b[01;35m\x1b[K_u32 flag\x1b[m\x1b[K)\n'}
[43.950043] (sllidar_ros2) StderrLine: {'line': b'      |                                                                        \x1b[01;35m\x1b[K~~~~~^~~~\x1b[m\x1b[K\n'}
[43.950813] (sllidar_ros2) StderrLine: {'line': b'\x1b[01m\x1b[K/home/limitbreakers/breakers_ws/src/sllidar_ros2/sdk/src/rplidar_driver.cpp:\x1b[m\x1b[K In member function \xe2\x80\x98\x1b[01m\x1b[Ku_result rp::standalone::rplidar::RPlidarDriver::reset(_u32)\x1b[m\x1b[K\xe2\x80\x99:\n'}
[43.951645] (sllidar_ros2) StderrLine: {'line': b'\x1b[01m\x1b[K/home/limitbreakers/breakers_ws/src/sllidar_ros2/sdk/src/rplidar_driver.cpp:101:40:\x1b[m\x1b[K \x1b[01;35m\x1b[Kwarning: \x1b[m\x1b[Kunused parameter \xe2\x80\x98\x1b[01m\x1b[Ktimeout\x1b[m\x1b[K\xe2\x80\x99 [\x1b[01;35m\x1b[K\x1b]8;;https://gcc.gnu.org/onlinedocs/gcc/Warning-Options.html#index-Wunused-parameter\x07-Wunused-parameter\x1b]8;;\x07\x1b[m\x1b[K]\n'}
[43.952395] (sllidar_ros2) StderrLine: {'line': b'  101 |     u_result RPlidarDriver::reset(\x1b[01;35m\x1b[K_u32 timeout\x1b[m\x1b[K)\n'}
[43.953120] (sllidar_ros2) StderrLine: {'line': b'      |                                   \x1b[01;35m\x1b[K~~~~~^~~~~~~\x1b[m\x1b[K\n'}
[43.955015] (sllidar_ros2) StderrLine: {'line': b'\x1b[01m\x1b[K/home/limitbreakers/breakers_ws/src/sllidar_ros2/sdk/src/rplidar_driver.cpp:\x1b[m\x1b[K In member function \xe2\x80\x98\x1b[01m\x1b[Ku_result rp::standalone::rplidar::RPlidarDriver::getScanDataWithInterval(rplidar_response_measurement_node_t*, size_t&)\x1b[m\x1b[K\xe2\x80\x99:\n'}
[43.962415] (sllidar_ros2) StderrLine: {'line': b'\x1b[01m\x1b[K/home/limitbreakers/breakers_ws/src/sllidar_ros2/sdk/src/rplidar_driver.cpp:180:91:\x1b[m\x1b[K \x1b[01;35m\x1b[Kwarning: \x1b[m\x1b[Kunused parameter \xe2\x80\x98\x1b[01m\x1b[Knodebuffer\x1b[m\x1b[K\xe2\x80\x99 [\x1b[01;35m\x1b[K\x1b]8;;https://gcc.gnu.org/onlinedocs/gcc/Warning-Options.html#index-Wunused-parameter\x07-Wunused-parameter\x1b]8;;\x07\x1b[m\x1b[K]\n'}
[43.963212] (sllidar_ros2) StderrLine: {'line': b'  180 |     u_result RPlidarDriver::getScanDataWithInterval(\x1b[01;35m\x1b[Krplidar_response_measurement_node_t * nodebuffer\x1b[m\x1b[K, size_t & count)\n'}
[43.963955] (sllidar_ros2) StderrLine: {'line': b'      |                                                     \x1b[01;35m\x1b[K~~~~~~~~~~~~~~~~~~~~~~~~~~~~~~~~~~~~~~^~~~~~~~~~\x1b[m\x1b[K\n'}
[43.964714] (sllidar_ros2) StderrLine: {'line': b'\x1b[01m\x1b[K/home/limitbreakers/breakers_ws/src/sllidar_ros2/sdk/src/rplidar_driver.cpp:180:112:\x1b[m\x1b[K \x1b[01;35m\x1b[Kwarning: \x1b[m\x1b[Kunused parameter \xe2\x80\x98\x1b[01m\x1b[Kcount\x1b[m\x1b[K\xe2\x80\x99 [\x1b[01;35m\x1b[K\x1b]8;;https://gcc.gnu.org/onlinedocs/gcc/Warning-Options.html#index-Wunused-parameter\x07-Wunused-parameter\x1b]8;;\x07\x1b[m\x1b[K]\n'}
[43.965504] (sllidar_ros2) StderrLine: {'line': b'  180 |     u_result RPlidarDriver::getScanDataWithInterval(rplidar_response_measurement_node_t * nodebuffer, \x1b[01;35m\x1b[Ksize_t & count\x1b[m\x1b[K)\n'}
[43.966366] (sllidar_ros2) StderrLine: {'line': b'      |                                                                                                       \x1b[01;35m\x1b[K~~~~~~~~~^~~~~\x1b[m\x1b[K\n'}
[44.034700] (-) TimerEvent: {}
[44.135822] (-) TimerEvent: {}
[44.237106] (-) TimerEvent: {}
[44.339294] (-) TimerEvent: {}
[44.442108] (-) TimerEvent: {}
[44.545208] (-) TimerEvent: {}
[44.647345] (-) TimerEvent: {}
[44.750553] (-) TimerEvent: {}
[44.851722] (-) TimerEvent: {}
[44.952874] (-) TimerEvent: {}
[45.054041] (-) TimerEvent: {}
[45.155588] (-) TimerEvent: {}
[45.256868] (-) TimerEvent: {}
[45.358427] (-) TimerEvent: {}
[45.459915] (-) TimerEvent: {}
[45.560962] (-) TimerEvent: {}
[45.663712] (-) TimerEvent: {}
[45.766016] (-) TimerEvent: {}
[45.868203] (-) TimerEvent: {}
[45.970102] (-) TimerEvent: {}
[46.072158] (-) TimerEvent: {}
[46.174660] (-) TimerEvent: {}
[46.277901] (-) TimerEvent: {}
[46.380981] (-) TimerEvent: {}
[46.483860] (-) TimerEvent: {}
[46.586744] (-) TimerEvent: {}
[46.690347] (-) TimerEvent: {}
[46.793578] (-) TimerEvent: {}
[46.897137] (-) TimerEvent: {}
[47.000736] (-) TimerEvent: {}
[47.104434] (-) TimerEvent: {}
[47.208074] (-) TimerEvent: {}
[47.309813] (-) TimerEvent: {}
[47.411680] (-) TimerEvent: {}
[47.513642] (-) TimerEvent: {}
[47.615542] (-) TimerEvent: {}
[47.717484] (-) TimerEvent: {}
[47.821142] (-) TimerEvent: {}
[47.925656] (-) TimerEvent: {}
[48.029265] (-) TimerEvent: {}
[48.130983] (-) TimerEvent: {}
[48.232983] (-) TimerEvent: {}
[48.335003] (-) TimerEvent: {}
[48.436977] (-) TimerEvent: {}
[48.538659] (-) TimerEvent: {}
[48.640018] (-) TimerEvent: {}
[48.741644] (-) TimerEvent: {}
[48.843257] (-) TimerEvent: {}
[48.945229] (-) TimerEvent: {}
[49.047119] (-) TimerEvent: {}
[49.149068] (-) TimerEvent: {}
[49.250617] (-) TimerEvent: {}
[49.352337] (-) TimerEvent: {}
[49.454088] (-) TimerEvent: {}
[49.557559] (-) TimerEvent: {}
[49.660703] (-) TimerEvent: {}
[49.763538] (-) TimerEvent: {}
[49.866869] (-) TimerEvent: {}
[49.968981] (-) TimerEvent: {}
[50.071069] (-) TimerEvent: {}
[50.173107] (-) TimerEvent: {}
[50.275000] (-) TimerEvent: {}
[50.376567] (-) TimerEvent: {}
[50.477644] (-) TimerEvent: {}
[50.578960] (-) TimerEvent: {}
[50.681275] (-) TimerEvent: {}
[50.783474] (-) TimerEvent: {}
[50.886069] (-) TimerEvent: {}
[50.978819] (serial) StderrLine: {'line': b'In file included from \x1b[01m\x1b[K/usr/include/boost/bind.hpp:30\x1b[m\x1b[K,\n'}
[50.980302] (serial) StderrLine: {'line': b'                 from \x1b[01m\x1b[K/home/limitbreakers/breakers_ws/src/serial/tests/unix_serial_tests.cc:23\x1b[m\x1b[K:\n'}
[50.981251] (serial) StderrLine: {'line': b'\x1b[01m\x1b[K/usr/include/boost/bind.hpp:36:1:\x1b[m\x1b[K \x1b[01;36m\x1b[Knote: \x1b[m\x1b[K\xe2\x80\x98\x1b[01m\x1b[K#pragma message: The practice of declaring the Bind placeholders (_1, _2, ...) in the global namespace is deprecated. Please use <boost/bind/bind.hpp> + using namespace boost::placeholders, or define BOOST_BIND_GLOBAL_PLACEHOLDERS to retain the current behavior.\x1b[m\x1b[K\xe2\x80\x99\n'}
[50.982412] (serial) StderrLine: {'line': b'   36 | \x1b[01;36m\x1b[KBOOST_PRAGMA_MESSAGE\x1b[m\x1b[K(\n'}
[50.983418] (serial) StderrLine: {'line': b'      | \x1b[01;36m\x1b[K^~~~~~~~~~~~~~~~~~~~\x1b[m\x1b[K\n'}
[50.986354] (-) TimerEvent: {}
[51.088600] (-) TimerEvent: {}
[51.190637] (-) TimerEvent: {}
[51.295265] (-) TimerEvent: {}
[51.396397] (-) TimerEvent: {}
[51.497538] (-) TimerEvent: {}
[51.598701] (-) TimerEvent: {}
[51.699987] (-) TimerEvent: {}
[51.801276] (-) TimerEvent: {}
[51.902553] (-) TimerEvent: {}
[52.003833] (-) TimerEvent: {}
[52.105092] (-) TimerEvent: {}
[52.206370] (-) TimerEvent: {}
[52.307572] (-) TimerEvent: {}
[52.313965] (serial) StdoutLine: {'line': b'[ 92%] \x1b[32m\x1b[1mLinking CXX executable serial-test\x1b[0m\n'}
[52.407949] (-) TimerEvent: {}
[52.488793] (serial) StdoutLine: {'line': b'[100%] \x1b[32m\x1b[1mLinking CXX executable serial-test-timer\x1b[0m\n'}
[52.508238] (-) TimerEvent: {}
[52.610316] (-) TimerEvent: {}
[52.712430] (-) TimerEvent: {}
[52.815405] (-) TimerEvent: {}
[52.918373] (-) TimerEvent: {}
[53.020161] (-) TimerEvent: {}
[53.122830] (-) TimerEvent: {}
[53.225461] (-) TimerEvent: {}
[53.327316] (-) TimerEvent: {}
[53.341628] (serial) StdoutLine: {'line': b'[100%] Built target serial-test\n'}
[53.425520] (serial) StdoutLine: {'line': b'[100%] Built target serial-test-timer\n'}
[53.427578] (-) TimerEvent: {}
[53.486318] (serial) CommandEnded: {'returncode': 0}
[53.497824] (serial) JobProgress: {'identifier': 'serial', 'progress': 'install'}
[53.498293] (serial) Command: {'cmd': ['/usr/bin/cmake', '--install', '/home/limitbreakers/breakers_ws/build/serial'], 'cwd': '/home/limitbreakers/breakers_ws/build/serial', 'env': OrderedDict([('LESSOPEN', '| /usr/bin/lesspipe %s'), ('USER', 'limitbreakers'), ('SSH_CLIENT', '192.168.0.103 37368 22'), ('LC_TIME', 'C.UTF-8'), ('XDG_SESSION_TYPE', 'tty'), ('GIT_ASKPASS', '/home/limitbreakers/.vscode-server/cli/servers/Stable-6f17636121051a53c88d3e605c491d22af2ba755/server/extensions/git/dist/askpass.sh'), ('SHLVL', '2'), ('LD_LIBRARY_PATH', '/home/limitbreakers/breakers_ws/install/diffdrive_arduino/lib:/home/limitbreakers/breakers_ws/install/serial/lib:/home/limitbreakers/ros2_ws/install/serial/lib:/home/limitbreakers/ros2_ws/install/diffdrive_arduino/lib:/opt/ros/humble/opt/rviz_ogre_vendor/lib:/opt/ros/humble/lib/aarch64-linux-gnu:/opt/ros/humble/lib'), ('BROWSER', '/home/limitbreakers/.vscode-server/cli/servers/Stable-6f17636121051a53c88d3e605c491d22af2ba755/server/bin/helpers/browser.sh'), ('MOTD_SHOWN', 'pam'), ('HOME', '/home/limitbreakers'), ('OLDPWD', '/home/limitbreakers/breakers_ws/src'), ('TERM_PROGRAM_VERSION', '1.103.2'), ('VSCODE_IPC_HOOK_CLI', '/run/user/1000/vscode-ipc-1336b97d-b370-4369-a2a8-aecd27e3c16e.sock'), ('ROS_PYTHON_VERSION', '3'), ('VSCODE_GIT_ASKPASS_MAIN', '/home/limitbreakers/.vscode-server/cli/servers/Stable-6f17636121051a53c88d3e605c491d22af2ba755/server/extensions/git/dist/askpass-main.js'), ('LC_MONETARY', 'C.UTF-8'), ('VSCODE_GIT_ASKPASS_NODE', '/home/limitbreakers/.vscode-server/cli/servers/Stable-6f17636121051a53c88d3e605c491d22af2ba755/server/node'), ('SSL_CERT_FILE', '/usr/lib/ssl/certs/ca-certificates.crt'), ('DBUS_SESSION_BUS_ADDRESS', 'unix:path=/run/user/1000/bus'), ('COLORTERM', 'truecolor'), ('COLCON_PREFIX_PATH', '/home/limitbreakers/breakers_ws/install:/home/limitbreakers/ros2_ws/install'), ('ROS_DISTRO', 'humble'), ('LOGNAME', 'limitbreakers'), ('_', '/usr/bin/colcon'), ('ROS_VERSION', '2'), ('XDG_SESSION_CLASS', 'user'), ('TERM', 'xterm-256color'), ('XDG_SESSION_ID', '1'), ('ROS_LOCALHOST_ONLY', '0'), ('PATH', '/home/limitbreakers/.vscode-server/cli/servers/Stable-6f17636121051a53c88d3e605c491d22af2ba755/server/bin/remote-cli:/opt/ros/humble/bin:/usr/local/sbin:/usr/local/bin:/usr/sbin:/usr/bin:/sbin:/bin:/usr/games:/usr/local/games:/snap/bin'), ('LC_ADDRESS', 'C.UTF-8'), ('XDG_RUNTIME_DIR', '/run/user/1000'), ('SSL_CERT_DIR', '/usr/lib/ssl/certs'), ('LANG', 'C.UTF-8'), ('LC_TELEPHONE', 'C.UTF-8'), ('LS_COLORS', 'rs=0:di=01;34:ln=01;36:mh=00:pi=40;33:so=01;35:do=01;35:bd=40;33;01:cd=40;33;01:or=40;31;01:mi=00:su=37;41:sg=30;43:ca=30;41:tw=30;42:ow=34;42:st=37;44:ex=01;32:*.tar=01;31:*.tgz=01;31:*.arc=01;31:*.arj=01;31:*.taz=01;31:*.lha=01;31:*.lz4=01;31:*.lzh=01;31:*.lzma=01;31:*.tlz=01;31:*.txz=01;31:*.tzo=01;31:*.t7z=01;31:*.zip=01;31:*.z=01;31:*.dz=01;31:*.gz=01;31:*.lrz=01;31:*.lz=01;31:*.lzo=01;31:*.xz=01;31:*.zst=01;31:*.tzst=01;31:*.bz2=01;31:*.bz=01;31:*.tbz=01;31:*.tbz2=01;31:*.tz=01;31:*.deb=01;31:*.rpm=01;31:*.jar=01;31:*.war=01;31:*.ear=01;31:*.sar=01;31:*.rar=01;31:*.alz=01;31:*.ace=01;31:*.zoo=01;31:*.cpio=01;31:*.7z=01;31:*.rz=01;31:*.cab=01;31:*.wim=01;31:*.swm=01;31:*.dwm=01;31:*.esd=01;31:*.jpg=01;35:*.jpeg=01;35:*.mjpg=01;35:*.mjpeg=01;35:*.gif=01;35:*.bmp=01;35:*.pbm=01;35:*.pgm=01;35:*.ppm=01;35:*.tga=01;35:*.xbm=01;35:*.xpm=01;35:*.tif=01;35:*.tiff=01;35:*.png=01;35:*.svg=01;35:*.svgz=01;35:*.mng=01;35:*.pcx=01;35:*.mov=01;35:*.mpg=01;35:*.mpeg=01;35:*.m2v=01;35:*.mkv=01;35:*.webm=01;35:*.webp=01;35:*.ogm=01;35:*.mp4=01;35:*.m4v=01;35:*.mp4v=01;35:*.vob=01;35:*.qt=01;35:*.nuv=01;35:*.wmv=01;35:*.asf=01;35:*.rm=01;35:*.rmvb=01;35:*.flc=01;35:*.avi=01;35:*.fli=01;35:*.flv=01;35:*.gl=01;35:*.dl=01;35:*.xcf=01;35:*.xwd=01;35:*.yuv=01;35:*.cgm=01;35:*.emf=01;35:*.ogv=01;35:*.ogx=01;35:*.aac=00;36:*.au=00;36:*.flac=00;36:*.m4a=00;36:*.mid=00;36:*.midi=00;36:*.mka=00;36:*.mp3=00;36:*.mpc=00;36:*.ogg=00;36:*.ra=00;36:*.wav=00;36:*.oga=00;36:*.opus=00;36:*.spx=00;36:*.xspf=00;36:'), ('VSCODE_GIT_IPC_HANDLE', '/run/user/1000/vscode-git-c127e37d50.sock'), ('TERM_PROGRAM', 'vscode'), ('AMENT_PREFIX_PATH', '/home/limitbreakers/breakers_ws/install/sllidar_ros2:/home/limitbreakers/breakers_ws/install/diffdrive_arduino:/home/limitbreakers/breakers_ws/install/serial:/home/limitbreakers/breakers_ws/install/dojo:/home/limitbreakers/ros2_ws/install/serial:/home/limitbreakers/ros2_ws/install/rplidar_ros:/home/limitbreakers/ros2_ws/install/diffdrive_arduino:/home/limitbreakers/ros2_ws/install/articubot_one:/opt/ros/humble'), ('SHELL', '/bin/bash'), ('LC_NAME', 'C.UTF-8'), ('LESSCLOSE', '/usr/bin/lesspipe %s %s'), ('LC_MEASUREMENT', 'C.UTF-8'), ('LC_IDENTIFICATION', 'C.UTF-8'), ('VSCODE_GIT_ASKPASS_EXTRA_ARGS', ''), ('PWD', '/home/limitbreakers/breakers_ws/build/serial'), ('SSH_CONNECTION', '192.168.0.103 37368 192.168.0.104 22'), ('XDG_DATA_DIRS', '/usr/local/share:/usr/share:/var/lib/snapd/desktop'), ('PYTHONPATH', '/opt/ros/humble/lib/python3.10/site-packages:/opt/ros/humble/local/lib/python3.10/dist-packages'), ('LC_NUMERIC', 'C.UTF-8'), ('LC_PAPER', 'C.UTF-8'), ('COLCON', '1'), ('CMAKE_PREFIX_PATH', '/home/limitbreakers/breakers_ws/install/sllidar_ros2:/home/limitbreakers/breakers_ws/install/diffdrive_arduino:/home/limitbreakers/breakers_ws/install/serial:/home/limitbreakers/breakers_ws/install/dojo:/home/limitbreakers/ros2_ws/install/serial:/home/limitbreakers/ros2_ws/install/rplidar_ros:/home/limitbreakers/ros2_ws/install/diffdrive_arduino:/home/limitbreakers/ros2_ws/install/articubot_one:/opt/ros/humble')]), 'shell': False}
[53.527816] (-) TimerEvent: {}
[53.538702] (serial) StdoutLine: {'line': b'-- Install configuration: ""\n'}
[53.542215] (serial) StdoutLine: {'line': b'-- Execute custom install script\n'}
[53.547123] (serial) StdoutLine: {'line': b'-- Symlinking: /home/limitbreakers/breakers_ws/install/serial/lib/libserial.a\n'}
[53.596745] (serial) StdoutLine: {'line': b'-- Symlinking: /home/limitbreakers/breakers_ws/install/serial/include/serial/serial.h\n'}
[53.628071] (-) TimerEvent: {}
[53.649719] (serial) StdoutLine: {'line': b'-- Symlinking: /home/limitbreakers/breakers_ws/install/serial/include/serial/v8stdint.h\n'}
[53.695121] (serial) StdoutLine: {'line': b'-- Symlinking: /home/limitbreakers/breakers_ws/install/serial/share/serial/environment/library_path.sh\n'}
[53.728377] (-) TimerEvent: {}
[53.741344] (serial) StdoutLine: {'line': b'-- Symlinking: /home/limitbreakers/breakers_ws/install/serial/share/serial/environment/library_path.dsv\n'}
[53.786747] (serial) StdoutLine: {'line': b'-- Symlinking: /home/limitbreakers/breakers_ws/install/serial/share/ament_index/resource_index/package_run_dependencies/serial\n'}
[53.828681] (-) TimerEvent: {}
[53.832958] (serial) StdoutLine: {'line': b'-- Symlinking: /home/limitbreakers/breakers_ws/install/serial/share/ament_index/resource_index/parent_prefix_path/serial\n'}
[53.878565] (serial) StdoutLine: {'line': b'-- Symlinking: /home/limitbreakers/breakers_ws/install/serial/share/serial/environment/ament_prefix_path.sh\n'}
[53.924801] (serial) StdoutLine: {'line': b'-- Symlinking: /home/limitbreakers/breakers_ws/install/serial/share/serial/environment/ament_prefix_path.dsv\n'}
[53.928882] (-) TimerEvent: {}
[53.970006] (serial) StdoutLine: {'line': b'-- Symlinking: /home/limitbreakers/breakers_ws/install/serial/share/serial/environment/path.sh\n'}
[54.016527] (serial) StdoutLine: {'line': b'-- Symlinking: /home/limitbreakers/breakers_ws/install/serial/share/serial/environment/path.dsv\n'}
[54.029106] (-) TimerEvent: {}
[54.062156] (serial) StdoutLine: {'line': b'-- Symlinking: /home/limitbreakers/breakers_ws/install/serial/share/serial/local_setup.bash\n'}
[54.106990] (serial) StdoutLine: {'line': b'-- Symlinking: /home/limitbreakers/breakers_ws/install/serial/share/serial/local_setup.sh\n'}
[54.129450] (-) TimerEvent: {}
[54.153916] (serial) StdoutLine: {'line': b'-- Symlinking: /home/limitbreakers/breakers_ws/install/serial/share/serial/local_setup.zsh\n'}
[54.197876] (serial) StdoutLine: {'line': b'-- Symlinking: /home/limitbreakers/breakers_ws/install/serial/share/serial/local_setup.dsv\n'}
[54.229587] (-) TimerEvent: {}
[54.242166] (serial) StdoutLine: {'line': b'-- Symlinking: /home/limitbreakers/breakers_ws/install/serial/share/serial/package.dsv\n'}
[54.286766] (serial) StdoutLine: {'line': b'-- Symlinking: /home/limitbreakers/breakers_ws/install/serial/share/ament_index/resource_index/packages/serial\n'}
[54.329794] (-) TimerEvent: {}
[54.332451] (serial) StdoutLine: {'line': b'-- Symlinking: /home/limitbreakers/breakers_ws/install/serial/share/serial/cmake/ament_cmake_export_include_directories-extras.cmake\n'}
[54.377920] (serial) StdoutLine: {'line': b'-- Symlinking: /home/limitbreakers/breakers_ws/install/serial/share/serial/cmake/ament_cmake_export_libraries-extras.cmake\n'}
[54.421251] (serial) StdoutLine: {'line': b'-- Symlinking: /home/limitbreakers/breakers_ws/install/serial/share/serial/cmake/serialConfig.cmake\n'}
[54.430037] (-) TimerEvent: {}
[54.470245] (serial) StdoutLine: {'line': b'-- Symlinking: /home/limitbreakers/breakers_ws/install/serial/share/serial/cmake/serialConfig-version.cmake\n'}
[54.518875] (serial) StdoutLine: {'line': b'-- Symlinking: /home/limitbreakers/breakers_ws/install/serial/share/serial/package.xml\n'}
[54.530310] (-) TimerEvent: {}
[54.586975] (serial) CommandEnded: {'returncode': 0}
[54.631122] (-) TimerEvent: {}
[54.703652] (serial) JobEnded: {'identifier': 'serial', 'rc': 0}
[54.708177] (diffdrive_arduino) JobStarted: {'identifier': 'diffdrive_arduino'}
[54.731456] (-) TimerEvent: {}
[54.773375] (diffdrive_arduino) JobProgress: {'identifier': 'diffdrive_arduino', 'progress': 'cmake'}
[54.780766] (diffdrive_arduino) Command: {'cmd': ['/usr/bin/cmake', '/home/limitbreakers/breakers_ws/src/diffdrive_arduino', '-DAMENT_CMAKE_SYMLINK_INSTALL=1', '-DCMAKE_INSTALL_PREFIX=/home/limitbreakers/breakers_ws/install/diffdrive_arduino'], 'cwd': '/home/limitbreakers/breakers_ws/build/diffdrive_arduino', 'env': OrderedDict([('LESSOPEN', '| /usr/bin/lesspipe %s'), ('USER', 'limitbreakers'), ('SSH_CLIENT', '192.168.0.103 37368 22'), ('LC_TIME', 'C.UTF-8'), ('XDG_SESSION_TYPE', 'tty'), ('GIT_ASKPASS', '/home/limitbreakers/.vscode-server/cli/servers/Stable-6f17636121051a53c88d3e605c491d22af2ba755/server/extensions/git/dist/askpass.sh'), ('SHLVL', '2'), ('LD_LIBRARY_PATH', '/home/limitbreakers/breakers_ws/install/diffdrive_arduino/lib:/home/limitbreakers/breakers_ws/install/serial/lib:/home/limitbreakers/ros2_ws/install/serial/lib:/home/limitbreakers/ros2_ws/install/diffdrive_arduino/lib:/opt/ros/humble/opt/rviz_ogre_vendor/lib:/opt/ros/humble/lib/aarch64-linux-gnu:/opt/ros/humble/lib'), ('BROWSER', '/home/limitbreakers/.vscode-server/cli/servers/Stable-6f17636121051a53c88d3e605c491d22af2ba755/server/bin/helpers/browser.sh'), ('MOTD_SHOWN', 'pam'), ('HOME', '/home/limitbreakers'), ('OLDPWD', '/home/limitbreakers/breakers_ws/src'), ('TERM_PROGRAM_VERSION', '1.103.2'), ('VSCODE_IPC_HOOK_CLI', '/run/user/1000/vscode-ipc-1336b97d-b370-4369-a2a8-aecd27e3c16e.sock'), ('ROS_PYTHON_VERSION', '3'), ('VSCODE_GIT_ASKPASS_MAIN', '/home/limitbreakers/.vscode-server/cli/servers/Stable-6f17636121051a53c88d3e605c491d22af2ba755/server/extensions/git/dist/askpass-main.js'), ('LC_MONETARY', 'C.UTF-8'), ('VSCODE_GIT_ASKPASS_NODE', '/home/limitbreakers/.vscode-server/cli/servers/Stable-6f17636121051a53c88d3e605c491d22af2ba755/server/node'), ('SSL_CERT_FILE', '/usr/lib/ssl/certs/ca-certificates.crt'), ('DBUS_SESSION_BUS_ADDRESS', 'unix:path=/run/user/1000/bus'), ('COLORTERM', 'truecolor'), ('COLCON_PREFIX_PATH', '/home/limitbreakers/breakers_ws/install:/home/limitbreakers/ros2_ws/install'), ('ROS_DISTRO', 'humble'), ('LOGNAME', 'limitbreakers'), ('_', '/usr/bin/colcon'), ('ROS_VERSION', '2'), ('XDG_SESSION_CLASS', 'user'), ('TERM', 'xterm-256color'), ('XDG_SESSION_ID', '1'), ('ROS_LOCALHOST_ONLY', '0'), ('PATH', '/home/limitbreakers/.vscode-server/cli/servers/Stable-6f17636121051a53c88d3e605c491d22af2ba755/server/bin/remote-cli:/opt/ros/humble/bin:/usr/local/sbin:/usr/local/bin:/usr/sbin:/usr/bin:/sbin:/bin:/usr/games:/usr/local/games:/snap/bin'), ('LC_ADDRESS', 'C.UTF-8'), ('XDG_RUNTIME_DIR', '/run/user/1000'), ('SSL_CERT_DIR', '/usr/lib/ssl/certs'), ('LANG', 'C.UTF-8'), ('LC_TELEPHONE', 'C.UTF-8'), ('LS_COLORS', 'rs=0:di=01;34:ln=01;36:mh=00:pi=40;33:so=01;35:do=01;35:bd=40;33;01:cd=40;33;01:or=40;31;01:mi=00:su=37;41:sg=30;43:ca=30;41:tw=30;42:ow=34;42:st=37;44:ex=01;32:*.tar=01;31:*.tgz=01;31:*.arc=01;31:*.arj=01;31:*.taz=01;31:*.lha=01;31:*.lz4=01;31:*.lzh=01;31:*.lzma=01;31:*.tlz=01;31:*.txz=01;31:*.tzo=01;31:*.t7z=01;31:*.zip=01;31:*.z=01;31:*.dz=01;31:*.gz=01;31:*.lrz=01;31:*.lz=01;31:*.lzo=01;31:*.xz=01;31:*.zst=01;31:*.tzst=01;31:*.bz2=01;31:*.bz=01;31:*.tbz=01;31:*.tbz2=01;31:*.tz=01;31:*.deb=01;31:*.rpm=01;31:*.jar=01;31:*.war=01;31:*.ear=01;31:*.sar=01;31:*.rar=01;31:*.alz=01;31:*.ace=01;31:*.zoo=01;31:*.cpio=01;31:*.7z=01;31:*.rz=01;31:*.cab=01;31:*.wim=01;31:*.swm=01;31:*.dwm=01;31:*.esd=01;31:*.jpg=01;35:*.jpeg=01;35:*.mjpg=01;35:*.mjpeg=01;35:*.gif=01;35:*.bmp=01;35:*.pbm=01;35:*.pgm=01;35:*.ppm=01;35:*.tga=01;35:*.xbm=01;35:*.xpm=01;35:*.tif=01;35:*.tiff=01;35:*.png=01;35:*.svg=01;35:*.svgz=01;35:*.mng=01;35:*.pcx=01;35:*.mov=01;35:*.mpg=01;35:*.mpeg=01;35:*.m2v=01;35:*.mkv=01;35:*.webm=01;35:*.webp=01;35:*.ogm=01;35:*.mp4=01;35:*.m4v=01;35:*.mp4v=01;35:*.vob=01;35:*.qt=01;35:*.nuv=01;35:*.wmv=01;35:*.asf=01;35:*.rm=01;35:*.rmvb=01;35:*.flc=01;35:*.avi=01;35:*.fli=01;35:*.flv=01;35:*.gl=01;35:*.dl=01;35:*.xcf=01;35:*.xwd=01;35:*.yuv=01;35:*.cgm=01;35:*.emf=01;35:*.ogv=01;35:*.ogx=01;35:*.aac=00;36:*.au=00;36:*.flac=00;36:*.m4a=00;36:*.mid=00;36:*.midi=00;36:*.mka=00;36:*.mp3=00;36:*.mpc=00;36:*.ogg=00;36:*.ra=00;36:*.wav=00;36:*.oga=00;36:*.opus=00;36:*.spx=00;36:*.xspf=00;36:'), ('VSCODE_GIT_IPC_HANDLE', '/run/user/1000/vscode-git-c127e37d50.sock'), ('TERM_PROGRAM', 'vscode'), ('AMENT_PREFIX_PATH', '/home/limitbreakers/breakers_ws/install/sllidar_ros2:/home/limitbreakers/breakers_ws/install/diffdrive_arduino:/home/limitbreakers/breakers_ws/install/serial:/home/limitbreakers/breakers_ws/install/dojo:/home/limitbreakers/ros2_ws/install/serial:/home/limitbreakers/ros2_ws/install/rplidar_ros:/home/limitbreakers/ros2_ws/install/diffdrive_arduino:/home/limitbreakers/ros2_ws/install/articubot_one:/opt/ros/humble'), ('SHELL', '/bin/bash'), ('LC_NAME', 'C.UTF-8'), ('LESSCLOSE', '/usr/bin/lesspipe %s %s'), ('LC_MEASUREMENT', 'C.UTF-8'), ('LC_IDENTIFICATION', 'C.UTF-8'), ('VSCODE_GIT_ASKPASS_EXTRA_ARGS', ''), ('PWD', '/home/limitbreakers/breakers_ws/build/diffdrive_arduino'), ('SSH_CONNECTION', '192.168.0.103 37368 192.168.0.104 22'), ('XDG_DATA_DIRS', '/usr/local/share:/usr/share:/var/lib/snapd/desktop'), ('PYTHONPATH', '/opt/ros/humble/lib/python3.10/site-packages:/opt/ros/humble/local/lib/python3.10/dist-packages'), ('LC_NUMERIC', 'C.UTF-8'), ('LC_PAPER', 'C.UTF-8'), ('COLCON', '1'), ('CMAKE_PREFIX_PATH', '/home/limitbreakers/breakers_ws/install/serial:/home/limitbreakers/breakers_ws/install/sllidar_ros2:/home/limitbreakers/breakers_ws/install/diffdrive_arduino:/home/limitbreakers/breakers_ws/install/dojo:/home/limitbreakers/ros2_ws/install/serial:/home/limitbreakers/ros2_ws/install/rplidar_ros:/home/limitbreakers/ros2_ws/install/diffdrive_arduino:/home/limitbreakers/ros2_ws/install/articubot_one:/opt/ros/humble')]), 'shell': False}
[54.831731] (-) TimerEvent: {}
[54.932829] (-) TimerEvent: {}
[55.034018] (-) TimerEvent: {}
[55.123068] (diffdrive_arduino) StdoutLine: {'line': b'-- The C compiler identification is GNU 11.4.0\n'}
[55.134222] (-) TimerEvent: {}
[55.235916] (-) TimerEvent: {}
[55.338105] (-) TimerEvent: {}
[55.440036] (-) TimerEvent: {}
[55.500060] (diffdrive_arduino) StdoutLine: {'line': b'-- The CXX compiler identification is GNU 11.4.0\n'}
[55.532554] (diffdrive_arduino) StdoutLine: {'line': b'-- Detecting C compiler ABI info\n'}
[55.540260] (-) TimerEvent: {}
[55.641766] (-) TimerEvent: {}
[55.742761] (-) TimerEvent: {}
[55.843532] (-) TimerEvent: {}
[55.908037] (diffdrive_arduino) StdoutLine: {'line': b'-- Detecting C compiler ABI info - done\n'}
[55.935876] (diffdrive_arduino) StdoutLine: {'line': b'-- Check for working C compiler: /usr/bin/cc - skipped\n'}
[55.936942] (diffdrive_arduino) StdoutLine: {'line': b'-- Detecting C compile features\n'}
[55.939340] (diffdrive_arduino) StdoutLine: {'line': b'-- Detecting C compile features - done\n'}
[55.943753] (-) TimerEvent: {}
[55.958371] (diffdrive_arduino) StdoutLine: {'line': b'-- Detecting CXX compiler ABI info\n'}
[56.044015] (-) TimerEvent: {}
[56.145935] (-) TimerEvent: {}
[56.247514] (-) TimerEvent: {}
[56.349085] (-) TimerEvent: {}
[56.451872] (-) TimerEvent: {}
[56.463150] (diffdrive_arduino) StdoutLine: {'line': b'-- Detecting CXX compiler ABI info - done\n'}
[56.498663] (diffdrive_arduino) StdoutLine: {'line': b'-- Check for working CXX compiler: /usr/bin/c++ - skipped\n'}
[56.500086] (diffdrive_arduino) StdoutLine: {'line': b'-- Detecting CXX compile features\n'}
[56.502382] (diffdrive_arduino) StdoutLine: {'line': b'-- Detecting CXX compile features - done\n'}
[56.552187] (-) TimerEvent: {}
[56.556715] (diffdrive_arduino) StdoutLine: {'line': b'-- Found ament_cmake: 1.3.12 (/opt/ros/humble/share/ament_cmake/cmake)\n'}
[56.652516] (-) TimerEvent: {}
[56.754391] (-) TimerEvent: {}
[56.856245] (-) TimerEvent: {}
[56.913199] (sllidar_ros2) StdoutLine: {'line': b'[ 65%] \x1b[32mBuilding CXX object CMakeFiles/sllidar_node.dir/sdk/src/sl_lidar_driver.cpp.o\x1b[0m\n'}
[56.956587] (-) TimerEvent: {}
[57.058270] (-) TimerEvent: {}
[57.159084] (-) TimerEvent: {}
[57.260052] (-) TimerEvent: {}
[57.361427] (-) TimerEvent: {}
[57.462536] (-) TimerEvent: {}
[57.563773] (-) TimerEvent: {}
[57.581032] (diffdrive_arduino) StdoutLine: {'line': b'-- Found Python3: /usr/bin/python3 (found version "3.10.12") found components: Interpreter \n'}
[57.664039] (-) TimerEvent: {}
[57.765625] (-) TimerEvent: {}
[57.866941] (-) TimerEvent: {}
[57.968487] (-) TimerEvent: {}
[58.060869] (diffdrive_arduino) StdoutLine: {'line': b'-- Override CMake install command with custom implementation using symlinks instead of copying resources\n'}
[58.068726] (-) TimerEvent: {}
[58.170423] (-) TimerEvent: {}
[58.272174] (-) TimerEvent: {}
[58.373248] (-) TimerEvent: {}
[58.474319] (-) TimerEvent: {}
[58.513804] (diffdrive_arduino) StdoutLine: {'line': b'-- Found serial: 1.2.1 (/home/limitbreakers/breakers_ws/install/serial/share/serial/cmake)\n'}
[58.550754] (diffdrive_arduino) StdoutLine: {'line': b'-- Found hardware_interface: 2.51.0 (/opt/ros/humble/share/hardware_interface/cmake)\n'}
[58.574518] (-) TimerEvent: {}
[58.676250] (-) TimerEvent: {}
[58.778297] (-) TimerEvent: {}
[58.879895] (-) TimerEvent: {}
[58.981468] (-) TimerEvent: {}
[59.053685] (diffdrive_arduino) StdoutLine: {'line': b'-- Found rosidl_generator_c: 3.1.7 (/opt/ros/humble/share/rosidl_generator_c/cmake)\n'}
[59.081652] (-) TimerEvent: {}
[59.124631] (diffdrive_arduino) StdoutLine: {'line': b'-- Found rosidl_adapter: 3.1.7 (/opt/ros/humble/share/rosidl_adapter/cmake)\n'}
[59.181906] (-) TimerEvent: {}
[59.221216] (diffdrive_arduino) StdoutLine: {'line': b'-- Found rosidl_generator_cpp: 3.1.7 (/opt/ros/humble/share/rosidl_generator_cpp/cmake)\n'}
[59.282196] (-) TimerEvent: {}
[59.340266] (diffdrive_arduino) StdoutLine: {'line': b'-- Using all available rosidl_typesupport_c: rosidl_typesupport_fastrtps_c;rosidl_typesupport_introspection_c\n'}
[59.382431] (-) TimerEvent: {}
[59.423754] (sllidar_ros2) StderrLine: {'line': b'In file included from \x1b[01m\x1b[K/home/limitbreakers/breakers_ws/src/sllidar_ros2/./sdk/include/rplidar_protocol.h:36\x1b[m\x1b[K,\n'}
[59.424466] (sllidar_ros2) StderrLine: {'line': b'                 from \x1b[01m\x1b[K/home/limitbreakers/breakers_ws/src/sllidar_ros2/./sdk/include/rplidar.h:39\x1b[m\x1b[K,\n'}
[59.425131] (sllidar_ros2) StderrLine: {'line': b'                 from \x1b[01m\x1b[K/home/limitbreakers/breakers_ws/src/sllidar_ros2/sdk/src/sdkcommon.h:49\x1b[m\x1b[K,\n'}
[59.426268] (sllidar_ros2) StderrLine: {'line': b'                 from \x1b[01m\x1b[K/home/limitbreakers/breakers_ws/src/sllidar_ros2/sdk/src/sl_lidar_driver.cpp:33\x1b[m\x1b[K:\n'}
[59.426839] (sllidar_ros2) StderrLine: {'line': b'\x1b[01m\x1b[K/home/limitbreakers/breakers_ws/src/sllidar_ros2/./sdk/include/sl_lidar_protocol.h:66:16:\x1b[m\x1b[K \x1b[01;35m\x1b[Kwarning: \x1b[m\x1b[KISO C++ forbids zero-size array \xe2\x80\x98\x1b[01m\x1b[Kdata\x1b[m\x1b[K\xe2\x80\x99 [\x1b[01;35m\x1b[K\x1b]8;;https://gcc.gnu.org/onlinedocs/gcc/Warning-Options.html#index-Wpedantic\x07-Wpedantic\x1b]8;;\x07\x1b[m\x1b[K]\n'}
[59.427423] (sllidar_ros2) StderrLine: {'line': b'   66 |     sl_u8 data[\x1b[01;35m\x1b[K0\x1b[m\x1b[K];\n'}
[59.427931] (sllidar_ros2) StderrLine: {'line': b'      |                \x1b[01;35m\x1b[K^\x1b[m\x1b[K\n'}
[59.428612] (sllidar_ros2) StderrLine: {'line': b'In file included from \x1b[01m\x1b[K/home/limitbreakers/breakers_ws/src/sllidar_ros2/./sdk/include/rplidar_cmd.h:36\x1b[m\x1b[K,\n'}
[59.429414] (sllidar_ros2) StderrLine: {'line': b'                 from \x1b[01m\x1b[K/home/limitbreakers/breakers_ws/src/sllidar_ros2/./sdk/include/rplidar.h:40\x1b[m\x1b[K,\n'}
[59.430046] (sllidar_ros2) StderrLine: {'line': b'                 from \x1b[01m\x1b[K/home/limitbreakers/breakers_ws/src/sllidar_ros2/sdk/src/sdkcommon.h:49\x1b[m\x1b[K,\n'}
[59.430642] (sllidar_ros2) StderrLine: {'line': b'                 from \x1b[01m\x1b[K/home/limitbreakers/breakers_ws/src/sllidar_ros2/sdk/src/sl_lidar_driver.cpp:33\x1b[m\x1b[K:\n'}
[59.431221] (sllidar_ros2) StderrLine: {'line': b'\x1b[01m\x1b[K/home/limitbreakers/breakers_ws/src/sllidar_ros2/./sdk/include/sl_lidar_cmd.h:324:20:\x1b[m\x1b[K \x1b[01;35m\x1b[Kwarning: \x1b[m\x1b[KISO C++ forbids zero-size array \xe2\x80\x98\x1b[01m\x1b[Kpayload\x1b[m\x1b[K\xe2\x80\x99 [\x1b[01;35m\x1b[K\x1b]8;;https://gcc.gnu.org/onlinedocs/gcc/Warning-Options.html#index-Wpedantic\x07-Wpedantic\x1b]8;;\x07\x1b[m\x1b[K]\n'}
[59.431809] (sllidar_ros2) StderrLine: {'line': b'  324 |     sl_u8  payload[\x1b[01;35m\x1b[K0\x1b[m\x1b[K];\n'}
[59.432313] (sllidar_ros2) StderrLine: {'line': b'      |                    \x1b[01;35m\x1b[K^\x1b[m\x1b[K\n'}
[59.482661] (-) TimerEvent: {}
[59.498913] (diffdrive_arduino) StdoutLine: {'line': b'-- Using all available rosidl_typesupport_cpp: rosidl_typesupport_fastrtps_cpp;rosidl_typesupport_introspection_cpp\n'}
[59.583182] (-) TimerEvent: {}
[59.685162] (-) TimerEvent: {}
[59.788206] (-) TimerEvent: {}
[59.889170] (-) TimerEvent: {}
[59.991014] (-) TimerEvent: {}
[60.092817] (-) TimerEvent: {}
[60.194636] (-) TimerEvent: {}
[60.296865] (-) TimerEvent: {}
[60.398816] (-) TimerEvent: {}
[60.500706] (-) TimerEvent: {}
[60.602697] (-) TimerEvent: {}
[60.704521] (-) TimerEvent: {}
[60.744900] (sllidar_ros2) StderrLine: {'line': b'In file included from \x1b[01m\x1b[K/home/limitbreakers/breakers_ws/src/sllidar_ros2/sdk/src/sl_lidar_driver.cpp:50\x1b[m\x1b[K:\n'}
[60.745734] (sllidar_ros2) StderrLine: {'line': b'\x1b[01m\x1b[K/home/limitbreakers/breakers_ws/src/sllidar_ros2/sdk/src/dataunpacker/dataunpacker.h:\x1b[m\x1b[K In member function \xe2\x80\x98\x1b[01m\x1b[Kvirtual void sl::internal::LIDARSampleDataListener::onCustomSampleDataDecoded(_u8, _u32, const void*, size_t)\x1b[m\x1b[K\xe2\x80\x99:\n'}
[60.746354] (sllidar_ros2) StderrLine: {'line': b'\x1b[01m\x1b[K/home/limitbreakers/breakers_ws/src/sllidar_ros2/sdk/src/dataunpacker/dataunpacker.h:54:52:\x1b[m\x1b[K \x1b[01;35m\x1b[Kwarning: \x1b[m\x1b[Kunused parameter \xe2\x80\x98\x1b[01m\x1b[KansType\x1b[m\x1b[K\xe2\x80\x99 [\x1b[01;35m\x1b[K\x1b]8;;https://gcc.gnu.org/onlinedocs/gcc/Warning-Options.html#index-Wunused-parameter\x07-Wunused-parameter\x1b]8;;\x07\x1b[m\x1b[K]\n'}
[60.747314] (sllidar_ros2) StderrLine: {'line': b'   54 |         virtual void onCustomSampleDataDecoded(\x1b[01;35m\x1b[K_u8 ansType\x1b[m\x1b[K, _u32 customCode, const void* data, size_t size) {}\n'}
[60.747974] (sllidar_ros2) StderrLine: {'line': b'      |                                                \x1b[01;35m\x1b[K~~~~^~~~~~~\x1b[m\x1b[K\n'}
[60.748674] (sllidar_ros2) StderrLine: {'line': b'\x1b[01m\x1b[K/home/limitbreakers/breakers_ws/src/sllidar_ros2/sdk/src/dataunpacker/dataunpacker.h:54:66:\x1b[m\x1b[K \x1b[01;35m\x1b[Kwarning: \x1b[m\x1b[Kunused parameter \xe2\x80\x98\x1b[01m\x1b[KcustomCode\x1b[m\x1b[K\xe2\x80\x99 [\x1b[01;35m\x1b[K\x1b]8;;https://gcc.gnu.org/onlinedocs/gcc/Warning-Options.html#index-Wunused-parameter\x07-Wunused-parameter\x1b]8;;\x07\x1b[m\x1b[K]\n'}
[60.749383] (sllidar_ros2) StderrLine: {'line': b'   54 |         virtual void onCustomSampleDataDecoded(_u8 ansType, \x1b[01;35m\x1b[K_u32 customCode\x1b[m\x1b[K, const void* data, size_t size) {}\n'}
[60.749988] (sllidar_ros2) StderrLine: {'line': b'      |                                                             \x1b[01;35m\x1b[K~~~~~^~~~~~~~~~\x1b[m\x1b[K\n'}
[60.750564] (sllidar_ros2) StderrLine: {'line': b'\x1b[01m\x1b[K/home/limitbreakers/breakers_ws/src/sllidar_ros2/sdk/src/dataunpacker/dataunpacker.h:54:90:\x1b[m\x1b[K \x1b[01;35m\x1b[Kwarning: \x1b[m\x1b[Kunused parameter \xe2\x80\x98\x1b[01m\x1b[Kdata\x1b[m\x1b[K\xe2\x80\x99 [\x1b[01;35m\x1b[K\x1b]8;;https://gcc.gnu.org/onlinedocs/gcc/Warning-Options.html#index-Wunused-parameter\x07-Wunused-parameter\x1b]8;;\x07\x1b[m\x1b[K]\n'}
[60.751159] (sllidar_ros2) StderrLine: {'line': b'   54 |         virtual void onCustomSampleDataDecoded(_u8 ansType, _u32 customCode, \x1b[01;35m\x1b[Kconst void* data\x1b[m\x1b[K, size_t size) {}\n'}
[60.751707] (sllidar_ros2) StderrLine: {'line': b'      |                                                                              \x1b[01;35m\x1b[K~~~~~~~~~~~~^~~~\x1b[m\x1b[K\n'}
[60.752254] (sllidar_ros2) StderrLine: {'line': b'\x1b[01m\x1b[K/home/limitbreakers/breakers_ws/src/sllidar_ros2/sdk/src/dataunpacker/dataunpacker.h:54:103:\x1b[m\x1b[K \x1b[01;35m\x1b[Kwarning: \x1b[m\x1b[Kunused parameter \xe2\x80\x98\x1b[01m\x1b[Ksize\x1b[m\x1b[K\xe2\x80\x99 [\x1b[01;35m\x1b[K\x1b]8;;https://gcc.gnu.org/onlinedocs/gcc/Warning-Options.html#index-Wunused-parameter\x07-Wunused-parameter\x1b]8;;\x07\x1b[m\x1b[K]\n'}
[60.752815] (sllidar_ros2) StderrLine: {'line': b'   54 |       virtual void onCustomSampleDataDecoded(_u8 ansType, _u32 customCode, const void* data, \x1b[01;35m\x1b[Ksize_t size\x1b[m\x1b[K) {}\n'}
[60.753398] (sllidar_ros2) StderrLine: {'line': b'      |                                                                                              \x1b[01;35m\x1b[K~~~~~~~^~~~\x1b[m\x1b[K\n'}
[60.753954] (sllidar_ros2) StderrLine: {'line': b'\n'}
[60.754472] (sllidar_ros2) StderrLine: {'line': b'\x1b[01m\x1b[K/home/limitbreakers/breakers_ws/src/sllidar_ros2/sdk/src/dataunpacker/dataunpacker.h:\x1b[m\x1b[K In member function \xe2\x80\x98\x1b[01m\x1b[Kvirtual void sl::internal::LIDARSampleDataListener::onDecodingError(int, _u8, const void*, size_t)\x1b[m\x1b[K\xe2\x80\x99:\n'}
[60.755001] (sllidar_ros2) StderrLine: {'line': b'\x1b[01m\x1b[K/home/limitbreakers/breakers_ws/src/sllidar_ros2/sdk/src/dataunpacker/dataunpacker.h:56:42:\x1b[m\x1b[K \x1b[01;35m\x1b[Kwarning: \x1b[m\x1b[Kunused parameter \xe2\x80\x98\x1b[01m\x1b[KerrMsg\x1b[m\x1b[K\xe2\x80\x99 [\x1b[01;35m\x1b[K\x1b]8;;https://gcc.gnu.org/onlinedocs/gcc/Warning-Options.html#index-Wunused-parameter\x07-Wunused-parameter\x1b]8;;\x07\x1b[m\x1b[K]\n'}
[60.755538] (sllidar_ros2) StderrLine: {'line': b'   56 |         virtual void onDecodingError(\x1b[01;35m\x1b[Kint errMsg\x1b[m\x1b[K, _u8 ansType, const void* payload, size_t size) {}\n'}
[60.756088] (sllidar_ros2) StderrLine: {'line': b'      |                                      \x1b[01;35m\x1b[K~~~~^~~~~~\x1b[m\x1b[K\n'}
[60.756810] (sllidar_ros2) StderrLine: {'line': b'\x1b[01m\x1b[K/home/limitbreakers/breakers_ws/src/sllidar_ros2/sdk/src/dataunpacker/dataunpacker.h:56:54:\x1b[m\x1b[K \x1b[01;35m\x1b[Kwarning: \x1b[m\x1b[Kunused parameter \xe2\x80\x98\x1b[01m\x1b[KansType\x1b[m\x1b[K\xe2\x80\x99 [\x1b[01;35m\x1b[K\x1b]8;;https://gcc.gnu.org/onlinedocs/gcc/Warning-Options.html#index-Wunused-parameter\x07-Wunused-parameter\x1b]8;;\x07\x1b[m\x1b[K]\n'}
[60.770041] (sllidar_ros2) StderrLine: {'line': b'   56 |         virtual void onDecodingError(int errMsg, \x1b[01;35m\x1b[K_u8 ansType\x1b[m\x1b[K, const void* payload, size_t size) {}\n'}
[60.770643] (sllidar_ros2) StderrLine: {'line': b'      |                                                  \x1b[01;35m\x1b[K~~~~^~~~~~~\x1b[m\x1b[K\n'}
[60.771200] (sllidar_ros2) StderrLine: {'line': b'\x1b[01m\x1b[K/home/limitbreakers/breakers_ws/src/sllidar_ros2/sdk/src/dataunpacker/dataunpacker.h:56:75:\x1b[m\x1b[K \x1b[01;35m\x1b[Kwarning: \x1b[m\x1b[Kunused parameter \xe2\x80\x98\x1b[01m\x1b[Kpayload\x1b[m\x1b[K\xe2\x80\x99 [\x1b[01;35m\x1b[K\x1b]8;;https://gcc.gnu.org/onlinedocs/gcc/Warning-Options.html#index-Wunused-parameter\x07-Wunused-parameter\x1b]8;;\x07\x1b[m\x1b[K]\n'}
[60.771804] (sllidar_ros2) StderrLine: {'line': b'   56 |         virtual void onDecodingError(int errMsg, _u8 ansType, \x1b[01;35m\x1b[Kconst void* payload\x1b[m\x1b[K, size_t size) {}\n'}
[60.772327] (sllidar_ros2) StderrLine: {'line': b'      |                                                               \x1b[01;35m\x1b[K~~~~~~~~~~~~^~~~~~~\x1b[m\x1b[K\n'}
[60.772842] (sllidar_ros2) StderrLine: {'line': b'\x1b[01m\x1b[K/home/limitbreakers/breakers_ws/src/sllidar_ros2/sdk/src/dataunpacker/dataunpacker.h:56:91:\x1b[m\x1b[K \x1b[01;35m\x1b[Kwarning: \x1b[m\x1b[Kunused parameter \xe2\x80\x98\x1b[01m\x1b[Ksize\x1b[m\x1b[K\xe2\x80\x99 [\x1b[01;35m\x1b[K\x1b]8;;https://gcc.gnu.org/onlinedocs/gcc/Warning-Options.html#index-Wunused-parameter\x07-Wunused-parameter\x1b]8;;\x07\x1b[m\x1b[K]\n'}
[60.774250] (sllidar_ros2) StderrLine: {'line': b'   56 |         virtual void onDecodingError(int errMsg, _u8 ansType, const void* payload, \x1b[01;35m\x1b[Ksize_t size\x1b[m\x1b[K) {}\n'}
[60.774975] (sllidar_ros2) StderrLine: {'line': b'      |                                                                                    \x1b[01;35m\x1b[K~~~~~~~^~~~\x1b[m\x1b[K\n'}
[60.795119] (sllidar_ros2) StderrLine: {'line': b'In file included from \x1b[01m\x1b[K/home/limitbreakers/breakers_ws/src/sllidar_ros2/sdk/src/sl_lidar_driver.cpp:51\x1b[m\x1b[K:\n'}
[60.795857] (sllidar_ros2) StderrLine: {'line': b'\x1b[01m\x1b[K/home/limitbreakers/breakers_ws/src/sllidar_ros2/sdk/src/sl_async_transceiver.h:\x1b[m\x1b[K In member function \xe2\x80\x98\x1b[01m\x1b[Kvirtual void sl::internal::IAsyncProtocolCodec::onChannelError(u_result)\x1b[m\x1b[K\xe2\x80\x99:\n'}
[60.796492] (sllidar_ros2) StderrLine: {'line': b'\x1b[01m\x1b[K/home/limitbreakers/breakers_ws/src/sllidar_ros2/sdk/src/sl_async_transceiver.h:90:48:\x1b[m\x1b[K \x1b[01;35m\x1b[Kwarning: \x1b[m\x1b[Kunused parameter \xe2\x80\x98\x1b[01m\x1b[KerrCode\x1b[m\x1b[K\xe2\x80\x99 [\x1b[01;35m\x1b[K\x1b]8;;https://gcc.gnu.org/onlinedocs/gcc/Warning-Options.html#index-Wunused-parameter\x07-Wunused-parameter\x1b]8;;\x07\x1b[m\x1b[K]\n'}
[60.797074] (sllidar_ros2) StderrLine: {'line': b'   90 |         virtual void   onChannelError(\x1b[01;35m\x1b[Ku_result errCode\x1b[m\x1b[K) {}\n'}
[60.797697] (sllidar_ros2) StderrLine: {'line': b'      |                                       \x1b[01;35m\x1b[K~~~~~~~~~^~~~~~~\x1b[m\x1b[K\n'}
[60.804804] (-) TimerEvent: {}
[60.906439] (-) TimerEvent: {}
[60.910147] (sllidar_ros2) StderrLine: {'line': b'\x1b[01m\x1b[K/home/limitbreakers/breakers_ws/src/sllidar_ros2/sdk/src/sl_lidar_driver.cpp:\x1b[m\x1b[K In member function \xe2\x80\x98\x1b[01m\x1b[Kvirtual sl_result sl::SlamtecLidarDriver::reset(sl_u32)\x1b[m\x1b[K\xe2\x80\x99:\n'}
[60.910871] (sllidar_ros2) StderrLine: {'line': b'\x1b[01m\x1b[K/home/limitbreakers/breakers_ws/src/sllidar_ros2/sdk/src/sl_lidar_driver.cpp:511:32:\x1b[m\x1b[K \x1b[01;35m\x1b[Kwarning: \x1b[m\x1b[Kunused parameter \xe2\x80\x98\x1b[01m\x1b[KtimeoutInMs\x1b[m\x1b[K\xe2\x80\x99 [\x1b[01;35m\x1b[K\x1b]8;;https://gcc.gnu.org/onlinedocs/gcc/Warning-Options.html#index-Wunused-parameter\x07-Wunused-parameter\x1b]8;;\x07\x1b[m\x1b[K]\n'}
[60.911513] (sllidar_ros2) StderrLine: {'line': b'  511 |         sl_result reset(\x1b[01;35m\x1b[Ksl_u32 timeoutInMs = DEFAULT_TIMEOUT\x1b[m\x1b[K)\n'}
[60.913377] (sllidar_ros2) StderrLine: {'line': b'      |                         \x1b[01;35m\x1b[K~~~~~~~^~~~~~~~~~~~~~~~~~~~~~~~~~~~~\x1b[m\x1b[K\n'}
[60.930853] (sllidar_ros2) StderrLine: {'line': b'\x1b[01m\x1b[K/home/limitbreakers/breakers_ws/src/sllidar_ros2/sdk/src/sl_lidar_driver.cpp:\x1b[m\x1b[K In member function \xe2\x80\x98\x1b[01m\x1b[Kvirtual sl_result sl::SlamtecLidarDriver::startScan(bool, bool, sl_u32, sl::LidarScanMode*)\x1b[m\x1b[K\xe2\x80\x99:\n'}
[60.931722] (sllidar_ros2) StderrLine: {'line': b'\x1b[01m\x1b[K/home/limitbreakers/breakers_ws/src/sllidar_ros2/sdk/src/sl_lidar_driver.cpp:586:69:\x1b[m\x1b[K \x1b[01;35m\x1b[Kwarning: \x1b[m\x1b[Kunused parameter \xe2\x80\x98\x1b[01m\x1b[Koptions\x1b[m\x1b[K\xe2\x80\x99 [\x1b[01;35m\x1b[K\x1b]8;;https://gcc.gnu.org/onlinedocs/gcc/Warning-Options.html#index-Wunused-parameter\x07-Wunused-parameter\x1b]8;;\x07\x1b[m\x1b[K]\n'}
[60.932436] (sllidar_ros2) StderrLine: {'line': b'  586 |         sl_result startScan(bool force, bool useTypicalScan, \x1b[01;35m\x1b[Ksl_u32 options = 0\x1b[m\x1b[K, LidarScanMode* outUsedScanMode = nullptr)\n'}
[60.933115] (sllidar_ros2) StderrLine: {'line': b'      |                                                              \x1b[01;35m\x1b[K~~~~~~~^~~~~~~~~~~\x1b[m\x1b[K\n'}
[60.944048] (sllidar_ros2) StderrLine: {'line': b'\x1b[01m\x1b[K/home/limitbreakers/breakers_ws/src/sllidar_ros2/sdk/src/sl_lidar_driver.cpp:\x1b[m\x1b[K In member function \xe2\x80\x98\x1b[01m\x1b[Kvirtual sl_result sl::SlamtecLidarDriver::stop(sl_u32)\x1b[m\x1b[K\xe2\x80\x99:\n'}
[60.944785] (sllidar_ros2) StderrLine: {'line': b'\x1b[01m\x1b[K/home/limitbreakers/breakers_ws/src/sllidar_ros2/sdk/src/sl_lidar_driver.cpp:763:31:\x1b[m\x1b[K \x1b[01;35m\x1b[Kwarning: \x1b[m\x1b[Kunused parameter \xe2\x80\x98\x1b[01m\x1b[Ktimeout\x1b[m\x1b[K\xe2\x80\x99 [\x1b[01;35m\x1b[K\x1b]8;;https://gcc.gnu.org/onlinedocs/gcc/Warning-Options.html#index-Wunused-parameter\x07-Wunused-parameter\x1b]8;;\x07\x1b[m\x1b[K]\n'}
[60.945473] (sllidar_ros2) StderrLine: {'line': b'  763 |         sl_result stop(\x1b[01;35m\x1b[Ksl_u32 timeout = DEFAULT_TIMEOUT\x1b[m\x1b[K)\n'}
[60.946057] (sllidar_ros2) StderrLine: {'line': b'      |                        \x1b[01;35m\x1b[K~~~~~~~^~~~~~~~~~~~~~~~~~~~~~~~~\x1b[m\x1b[K\n'}
[60.954776] (sllidar_ros2) StderrLine: {'line': b'\x1b[01m\x1b[K/home/limitbreakers/breakers_ws/src/sllidar_ros2/sdk/src/sl_lidar_driver.cpp:\x1b[m\x1b[K In member function \xe2\x80\x98\x1b[01m\x1b[Kvirtual sl_result sl::SlamtecLidarDriver::getFrequency(const sl::LidarScanMode&, const sl_lidar_response_measurement_node_hq_t*, size_t, float&)\x1b[m\x1b[K\xe2\x80\x99:\n'}
[60.955600] (sllidar_ros2) StderrLine: {'line': b'\x1b[01m\x1b[K/home/limitbreakers/breakers_ws/src/sllidar_ros2/sdk/src/sl_lidar_driver.cpp:880:110:\x1b[m\x1b[K \x1b[01;35m\x1b[Kwarning: \x1b[m\x1b[Kunused parameter \xe2\x80\x98\x1b[01m\x1b[Knodes\x1b[m\x1b[K\xe2\x80\x99 [\x1b[01;35m\x1b[K\x1b]8;;https://gcc.gnu.org/onlinedocs/gcc/Warning-Options.html#index-Wunused-parameter\x07-Wunused-parameter\x1b]8;;\x07\x1b[m\x1b[K]\n'}
[60.956230] (sllidar_ros2) StderrLine: {'line': b'  880 | esult getFrequency(const LidarScanMode& scanMode, \x1b[01;35m\x1b[Kconst sl_lidar_response_measurement_node_hq_t* nodes\x1b[m\x1b[K, size_t count, float& frequency)\n'}
[60.956891] (sllidar_ros2) StderrLine: {'line': b'      |                                                   \x1b[01;35m\x1b[K~~~~~~~~~~~~~~~~~~~~~~~~~~~~~~~~~~~~~~~~~~~~~~~^~~~~\x1b[m\x1b[K\n'}
[60.957656] (sllidar_ros2) StderrLine: {'line': b'\n'}
[60.970553] (sllidar_ros2) StderrLine: {'line': b'\x1b[01m\x1b[K/home/limitbreakers/breakers_ws/src/sllidar_ros2/sdk/src/sl_lidar_driver.cpp:\x1b[m\x1b[K In member function \xe2\x80\x98\x1b[01m\x1b[Kvirtual sl_result sl::SlamtecLidarDriver::getMotorInfo(sl::LidarMotorInfo&, sl_u32)\x1b[m\x1b[K\xe2\x80\x99:\n'}
[60.971433] (sllidar_ros2) StderrLine: {'line': b'\x1b[01m\x1b[K/home/limitbreakers/breakers_ws/src/sllidar_ros2/sdk/src/sl_lidar_driver.cpp:1023:66:\x1b[m\x1b[K \x1b[01;35m\x1b[Kwarning: \x1b[m\x1b[Kunused parameter \xe2\x80\x98\x1b[01m\x1b[KtimeoutInMs\x1b[m\x1b[K\xe2\x80\x99 [\x1b[01;35m\x1b[K\x1b]8;;https://gcc.gnu.org/onlinedocs/gcc/Warning-Options.html#index-Wunused-parameter\x07-Wunused-parameter\x1b]8;;\x07\x1b[m\x1b[K]\n'}
[60.972186] (sllidar_ros2) StderrLine: {'line': b' 1023 |         sl_result getMotorInfo(LidarMotorInfo &motorInfo, \x1b[01;35m\x1b[Ksl_u32 timeoutInMs\x1b[m\x1b[K)\n'}
[60.972942] (sllidar_ros2) StderrLine: {'line': b'      |                                                           \x1b[01;35m\x1b[K~~~~~~~^~~~~~~~~~~\x1b[m\x1b[K\n'}
[60.980572] (sllidar_ros2) StderrLine: {'line': b'\x1b[01m\x1b[K/home/limitbreakers/breakers_ws/src/sllidar_ros2/sdk/src/sl_lidar_driver.cpp:\x1b[m\x1b[K In member function \xe2\x80\x98\x1b[01m\x1b[Ku_result sl::SlamtecLidarDriver::getScanModeCount(sl_u16&, sl_u32)\x1b[m\x1b[K\xe2\x80\x99:\n'}
[60.981486] (sllidar_ros2) StderrLine: {'line': b'\x1b[01m\x1b[K/home/limitbreakers/breakers_ws/src/sllidar_ros2/sdk/src/sl_lidar_driver.cpp:1199:61:\x1b[m\x1b[K \x1b[01;35m\x1b[Kwarning: \x1b[m\x1b[Kunused parameter \xe2\x80\x98\x1b[01m\x1b[KtimeoutInMs\x1b[m\x1b[K\xe2\x80\x99 [\x1b[01;35m\x1b[K\x1b]8;;https://gcc.gnu.org/onlinedocs/gcc/Warning-Options.html#index-Wunused-parameter\x07-Wunused-parameter\x1b]8;;\x07\x1b[m\x1b[K]\n'}
[60.982214] (sllidar_ros2) StderrLine: {'line': b' 1199 |         u_result getScanModeCount(sl_u16& modeCount, \x1b[01;35m\x1b[Ksl_u32 timeoutInMs = DEFAULT_TIMEOUT\x1b[m\x1b[K)\n'}
[60.982808] (sllidar_ros2) StderrLine: {'line': b'      |                                                      \x1b[01;35m\x1b[K~~~~~~~^~~~~~~~~~~~~~~~~~~~~~~~~~~~~\x1b[m\x1b[K\n'}
[61.006696] (-) TimerEvent: {}
[61.108456] (-) TimerEvent: {}
[61.210368] (-) TimerEvent: {}
[61.251872] (sllidar_ros2) StderrLine: {'line': b'/home/limitbreakers/breakers_ws/src/sllidar_ros2/sdk/src/sl_lidar_driver.cpp: In instantiation of \xe2\x80\x98\x1b[01m\x1b[Kvoid sl::RawSampleNodeHolder<T>::pushNode(_u64, const T*) [with T = sl_lidar_response_measurement_node_hq_t; _u64 = long unsigned int]\x1b[m\x1b[K\xe2\x80\x99:\n'}
[61.252654] (sllidar_ros2) StderrLine: {'line': b'\x1b[01m\x1b[K/home/limitbreakers/breakers_ws/src/sllidar_ros2/sdk/src/sl_lidar_driver.cpp:1648:42:\x1b[m\x1b[K   required from here\n'}
[61.253186] (sllidar_ros2) StderrLine: {'line': b'\x1b[01m\x1b[K/home/limitbreakers/breakers_ws/src/sllidar_ros2/sdk/src/sl_lidar_driver.cpp:202:28:\x1b[m\x1b[K \x1b[01;35m\x1b[Kwarning: \x1b[m\x1b[Kunused parameter \xe2\x80\x98\x1b[01m\x1b[Ktimestamp_uS\x1b[m\x1b[K\xe2\x80\x99 [\x1b[01;35m\x1b[K\x1b]8;;https://gcc.gnu.org/onlinedocs/gcc/Warning-Options.html#index-Wunused-parameter\x07-Wunused-parameter\x1b]8;;\x07\x1b[m\x1b[K]\n'}
[61.253827] (sllidar_ros2) StderrLine: {'line': b'  202 |         void pushNode(\x1b[01;35m\x1b[K_u64 timestamp_uS\x1b[m\x1b[K, const T* node)\n'}
[61.254336] (sllidar_ros2) StderrLine: {'line': b'      |                       \x1b[01;35m\x1b[K~~~~~^~~~~~~~~~~~\x1b[m\x1b[K\n'}
[61.310572] (-) TimerEvent: {}
[61.412088] (-) TimerEvent: {}
[61.421602] (diffdrive_arduino) StdoutLine: {'line': b'-- Found rmw_implementation_cmake: 6.1.2 (/opt/ros/humble/share/rmw_implementation_cmake/cmake)\n'}
[61.460276] (diffdrive_arduino) StdoutLine: {'line': b'-- Found rmw_fastrtps_cpp: 6.2.8 (/opt/ros/humble/share/rmw_fastrtps_cpp/cmake)\n'}
[61.512332] (-) TimerEvent: {}
[61.613185] (-) TimerEvent: {}
[61.713716] (diffdrive_arduino) StdoutLine: {'line': b'-- Found TinyXML2 via Config file: TinyXML2_DIR-NOTFOUND\n'}
[61.714414] (-) TimerEvent: {}
[61.799598] (sllidar_ros2) StderrLine: {'line': b'\x1b[01m\x1b[K/home/limitbreakers/breakers_ws/src/sllidar_ros2/sdk/src/sl_lidar_driver.cpp:\x1b[m\x1b[K At global scope:\n'}
[61.801027] (sllidar_ros2) StderrLine: {'line': b'\x1b[01m\x1b[K/home/limitbreakers/breakers_ws/src/sllidar_ros2/sdk/src/sl_lidar_driver.cpp:83:17:\x1b[m\x1b[K \x1b[01;35m\x1b[Kwarning: \x1b[m\x1b[K\xe2\x80\x98\x1b[01m\x1b[Kvoid sl::convert(const sl_lidar_response_measurement_node_hq_t&, sl_lidar_response_measurement_node_t&)\x1b[m\x1b[K\xe2\x80\x99 defined but not used [\x1b[01;35m\x1b[K\x1b]8;;https://gcc.gnu.org/onlinedocs/gcc/Warning-Options.html#index-Wunused-function\x07-Wunused-function\x1b]8;;\x07\x1b[m\x1b[K]\n'}
[61.802255] (sllidar_ros2) StderrLine: {'line': b'   83 |     static void \x1b[01;35m\x1b[Kconvert\x1b[m\x1b[K(const sl_lidar_response_measurement_node_hq_t& from, sl_lidar_response_measurement_node_t& to)\n'}
[61.802846] (sllidar_ros2) StderrLine: {'line': b'      |                 \x1b[01;35m\x1b[K^~~~~~~\x1b[m\x1b[K\n'}
[61.803336] (sllidar_ros2) StderrLine: {'line': b'\x1b[01m\x1b[K/home/limitbreakers/breakers_ws/src/sllidar_ros2/sdk/src/sl_lidar_driver.cpp:75:17:\x1b[m\x1b[K \x1b[01;35m\x1b[Kwarning: \x1b[m\x1b[K\xe2\x80\x98\x1b[01m\x1b[Kvoid sl::convert(const sl_lidar_response_measurement_node_t&, sl_lidar_response_measurement_node_hq_t&)\x1b[m\x1b[K\xe2\x80\x99 defined but not used [\x1b[01;35m\x1b[K\x1b]8;;https://gcc.gnu.org/onlinedocs/gcc/Warning-Options.html#index-Wunused-function\x07-Wunused-function\x1b]8;;\x07\x1b[m\x1b[K]\n'}
[61.803890] (sllidar_ros2) StderrLine: {'line': b'   75 |     static void \x1b[01;35m\x1b[Kconvert\x1b[m\x1b[K(const sl_lidar_response_measurement_node_t& from, sl_lidar_response_measurement_node_hq_t& to)\n'}
[61.804963] (sllidar_ros2) StderrLine: {'line': b'      |                 \x1b[01;35m\x1b[K^~~~~~~\x1b[m\x1b[K\n'}
[61.806007] (sllidar_ros2) StderrLine: {'line': b'\x1b[01m\x1b[K/home/limitbreakers/breakers_ws/src/sllidar_ros2/sdk/src/sl_lidar_driver.cpp:70:17:\x1b[m\x1b[K \x1b[01;35m\x1b[Kwarning: \x1b[m\x1b[K\xe2\x80\x98\x1b[01m\x1b[Kvoid sl::printDeprecationWarn(const char*, const char*)\x1b[m\x1b[K\xe2\x80\x99 defined but not used [\x1b[01;35m\x1b[K\x1b]8;;https://gcc.gnu.org/onlinedocs/gcc/Warning-Options.html#index-Wunused-function\x07-Wunused-function\x1b]8;;\x07\x1b[m\x1b[K]\n'}
[61.807353] (sllidar_ros2) StderrLine: {'line': b'   70 |     static void \x1b[01;35m\x1b[KprintDeprecationWarn\x1b[m\x1b[K(const char* fn, const char* replacement)\n'}
[61.808411] (sllidar_ros2) StderrLine: {'line': b'      |                 \x1b[01;35m\x1b[K^~~~~~~~~~~~~~~~~~~~\x1b[m\x1b[K\n'}
[61.814696] (-) TimerEvent: {}
[61.916740] (-) TimerEvent: {}
[62.018785] (-) TimerEvent: {}
[62.032455] (diffdrive_arduino) StdoutLine: {'line': b'-- Found OpenSSL: /usr/lib/aarch64-linux-gnu/libcrypto.so (found version "3.0.2")  \n'}
[62.050311] (diffdrive_arduino) StdoutLine: {'line': b'-- Found TinyXML2 via Config file: TinyXML2_DIR-NOTFOUND\n'}
[62.119030] (-) TimerEvent: {}
[62.141643] (diffdrive_arduino) StdoutLine: {'line': b'-- Found FastRTPS: /opt/ros/humble/include  \n'}
[62.158760] (diffdrive_arduino) StdoutLine: {'line': b'-- Found TinyXML2 via Config file: TinyXML2_DIR-NOTFOUND\n'}
[62.198365] (diffdrive_arduino) StdoutLine: {'line': b'-- Found TinyXML2 via Config file: TinyXML2_DIR-NOTFOUND\n'}
[62.219331] (-) TimerEvent: {}
[62.242530] (diffdrive_arduino) StdoutLine: {'line': b"-- Using RMW implementation 'rmw_fastrtps_cpp' as default\n"}
[62.319562] (-) TimerEvent: {}
[62.361880] (diffdrive_arduino) StdoutLine: {'line': b'-- Looking for pthread.h\n'}
[62.419813] (-) TimerEvent: {}
[62.520721] (-) TimerEvent: {}
[62.621798] (-) TimerEvent: {}
[62.723177] (-) TimerEvent: {}
[62.800214] (diffdrive_arduino) StdoutLine: {'line': b'-- Looking for pthread.h - found\n'}
[62.803079] (diffdrive_arduino) StdoutLine: {'line': b'-- Performing Test CMAKE_HAVE_LIBC_PTHREAD\n'}
[62.823332] (-) TimerEvent: {}
[62.924665] (-) TimerEvent: {}
[63.026486] (-) TimerEvent: {}
[63.127545] (-) TimerEvent: {}
[63.228676] (-) TimerEvent: {}
[63.276513] (diffdrive_arduino) StdoutLine: {'line': b'-- Performing Test CMAKE_HAVE_LIBC_PTHREAD - Success\n'}
[63.282356] (diffdrive_arduino) StdoutLine: {'line': b'-- Found Threads: TRUE  \n'}
[63.329011] (-) TimerEvent: {}
[63.430230] (-) TimerEvent: {}
[63.531379] (-) TimerEvent: {}
[63.606653] (sllidar_ros2) StdoutLine: {'line': b'[ 70%] \x1b[32mBuilding CXX object CMakeFiles/sllidar_node.dir/sdk/src/sl_lidarprotocol_codec.cpp.o\x1b[0m\n'}
[63.631628] (-) TimerEvent: {}
[63.647881] (diffdrive_arduino) StdoutLine: {'line': b'-- Found controller_manager: 2.51.0 (/opt/ros/humble/share/controller_manager/cmake)\n'}
[63.731932] (-) TimerEvent: {}
[63.834396] (-) TimerEvent: {}
[63.935850] (-) TimerEvent: {}
[64.036797] (-) TimerEvent: {}
[64.137822] (-) TimerEvent: {}
[64.238920] (-) TimerEvent: {}
[64.340011] (-) TimerEvent: {}
[64.440839] (-) TimerEvent: {}
[64.542360] (-) TimerEvent: {}
[64.633877] (diffdrive_arduino) StdoutLine: {'line': b'-- Configuring done\n'}
[64.642589] (-) TimerEvent: {}
[64.743382] (-) TimerEvent: {}
[64.844266] (-) TimerEvent: {}
[64.945181] (-) TimerEvent: {}
[65.044882] (diffdrive_arduino) StdoutLine: {'line': b'-- Generating done\n'}
[65.045731] (-) TimerEvent: {}
[65.086210] (diffdrive_arduino) StdoutLine: {'line': b'-- Build files have been written to: /home/limitbreakers/breakers_ws/build/diffdrive_arduino\n'}
[65.154624] (diffdrive_arduino) CommandEnded: {'returncode': 0}
[65.156434] (-) TimerEvent: {}
[65.158077] (diffdrive_arduino) JobProgress: {'identifier': 'diffdrive_arduino', 'progress': 'build'}
[65.158365] (diffdrive_arduino) Command: {'cmd': ['/usr/bin/cmake', '--build', '/home/limitbreakers/breakers_ws/build/diffdrive_arduino', '--', '-j4', '-l4'], 'cwd': '/home/limitbreakers/breakers_ws/build/diffdrive_arduino', 'env': OrderedDict([('LESSOPEN', '| /usr/bin/lesspipe %s'), ('USER', 'limitbreakers'), ('SSH_CLIENT', '192.168.0.103 37368 22'), ('LC_TIME', 'C.UTF-8'), ('XDG_SESSION_TYPE', 'tty'), ('GIT_ASKPASS', '/home/limitbreakers/.vscode-server/cli/servers/Stable-6f17636121051a53c88d3e605c491d22af2ba755/server/extensions/git/dist/askpass.sh'), ('SHLVL', '2'), ('LD_LIBRARY_PATH', '/home/limitbreakers/breakers_ws/install/diffdrive_arduino/lib:/home/limitbreakers/breakers_ws/install/serial/lib:/home/limitbreakers/ros2_ws/install/serial/lib:/home/limitbreakers/ros2_ws/install/diffdrive_arduino/lib:/opt/ros/humble/opt/rviz_ogre_vendor/lib:/opt/ros/humble/lib/aarch64-linux-gnu:/opt/ros/humble/lib'), ('BROWSER', '/home/limitbreakers/.vscode-server/cli/servers/Stable-6f17636121051a53c88d3e605c491d22af2ba755/server/bin/helpers/browser.sh'), ('MOTD_SHOWN', 'pam'), ('HOME', '/home/limitbreakers'), ('OLDPWD', '/home/limitbreakers/breakers_ws/src'), ('TERM_PROGRAM_VERSION', '1.103.2'), ('VSCODE_IPC_HOOK_CLI', '/run/user/1000/vscode-ipc-1336b97d-b370-4369-a2a8-aecd27e3c16e.sock'), ('ROS_PYTHON_VERSION', '3'), ('VSCODE_GIT_ASKPASS_MAIN', '/home/limitbreakers/.vscode-server/cli/servers/Stable-6f17636121051a53c88d3e605c491d22af2ba755/server/extensions/git/dist/askpass-main.js'), ('LC_MONETARY', 'C.UTF-8'), ('VSCODE_GIT_ASKPASS_NODE', '/home/limitbreakers/.vscode-server/cli/servers/Stable-6f17636121051a53c88d3e605c491d22af2ba755/server/node'), ('SSL_CERT_FILE', '/usr/lib/ssl/certs/ca-certificates.crt'), ('DBUS_SESSION_BUS_ADDRESS', 'unix:path=/run/user/1000/bus'), ('COLORTERM', 'truecolor'), ('COLCON_PREFIX_PATH', '/home/limitbreakers/breakers_ws/install:/home/limitbreakers/ros2_ws/install'), ('ROS_DISTRO', 'humble'), ('LOGNAME', 'limitbreakers'), ('_', '/usr/bin/colcon'), ('ROS_VERSION', '2'), ('XDG_SESSION_CLASS', 'user'), ('TERM', 'xterm-256color'), ('XDG_SESSION_ID', '1'), ('ROS_LOCALHOST_ONLY', '0'), ('PATH', '/home/limitbreakers/.vscode-server/cli/servers/Stable-6f17636121051a53c88d3e605c491d22af2ba755/server/bin/remote-cli:/opt/ros/humble/bin:/usr/local/sbin:/usr/local/bin:/usr/sbin:/usr/bin:/sbin:/bin:/usr/games:/usr/local/games:/snap/bin'), ('LC_ADDRESS', 'C.UTF-8'), ('XDG_RUNTIME_DIR', '/run/user/1000'), ('SSL_CERT_DIR', '/usr/lib/ssl/certs'), ('LANG', 'C.UTF-8'), ('LC_TELEPHONE', 'C.UTF-8'), ('LS_COLORS', 'rs=0:di=01;34:ln=01;36:mh=00:pi=40;33:so=01;35:do=01;35:bd=40;33;01:cd=40;33;01:or=40;31;01:mi=00:su=37;41:sg=30;43:ca=30;41:tw=30;42:ow=34;42:st=37;44:ex=01;32:*.tar=01;31:*.tgz=01;31:*.arc=01;31:*.arj=01;31:*.taz=01;31:*.lha=01;31:*.lz4=01;31:*.lzh=01;31:*.lzma=01;31:*.tlz=01;31:*.txz=01;31:*.tzo=01;31:*.t7z=01;31:*.zip=01;31:*.z=01;31:*.dz=01;31:*.gz=01;31:*.lrz=01;31:*.lz=01;31:*.lzo=01;31:*.xz=01;31:*.zst=01;31:*.tzst=01;31:*.bz2=01;31:*.bz=01;31:*.tbz=01;31:*.tbz2=01;31:*.tz=01;31:*.deb=01;31:*.rpm=01;31:*.jar=01;31:*.war=01;31:*.ear=01;31:*.sar=01;31:*.rar=01;31:*.alz=01;31:*.ace=01;31:*.zoo=01;31:*.cpio=01;31:*.7z=01;31:*.rz=01;31:*.cab=01;31:*.wim=01;31:*.swm=01;31:*.dwm=01;31:*.esd=01;31:*.jpg=01;35:*.jpeg=01;35:*.mjpg=01;35:*.mjpeg=01;35:*.gif=01;35:*.bmp=01;35:*.pbm=01;35:*.pgm=01;35:*.ppm=01;35:*.tga=01;35:*.xbm=01;35:*.xpm=01;35:*.tif=01;35:*.tiff=01;35:*.png=01;35:*.svg=01;35:*.svgz=01;35:*.mng=01;35:*.pcx=01;35:*.mov=01;35:*.mpg=01;35:*.mpeg=01;35:*.m2v=01;35:*.mkv=01;35:*.webm=01;35:*.webp=01;35:*.ogm=01;35:*.mp4=01;35:*.m4v=01;35:*.mp4v=01;35:*.vob=01;35:*.qt=01;35:*.nuv=01;35:*.wmv=01;35:*.asf=01;35:*.rm=01;35:*.rmvb=01;35:*.flc=01;35:*.avi=01;35:*.fli=01;35:*.flv=01;35:*.gl=01;35:*.dl=01;35:*.xcf=01;35:*.xwd=01;35:*.yuv=01;35:*.cgm=01;35:*.emf=01;35:*.ogv=01;35:*.ogx=01;35:*.aac=00;36:*.au=00;36:*.flac=00;36:*.m4a=00;36:*.mid=00;36:*.midi=00;36:*.mka=00;36:*.mp3=00;36:*.mpc=00;36:*.ogg=00;36:*.ra=00;36:*.wav=00;36:*.oga=00;36:*.opus=00;36:*.spx=00;36:*.xspf=00;36:'), ('VSCODE_GIT_IPC_HANDLE', '/run/user/1000/vscode-git-c127e37d50.sock'), ('TERM_PROGRAM', 'vscode'), ('AMENT_PREFIX_PATH', '/home/limitbreakers/breakers_ws/install/sllidar_ros2:/home/limitbreakers/breakers_ws/install/diffdrive_arduino:/home/limitbreakers/breakers_ws/install/serial:/home/limitbreakers/breakers_ws/install/dojo:/home/limitbreakers/ros2_ws/install/serial:/home/limitbreakers/ros2_ws/install/rplidar_ros:/home/limitbreakers/ros2_ws/install/diffdrive_arduino:/home/limitbreakers/ros2_ws/install/articubot_one:/opt/ros/humble'), ('SHELL', '/bin/bash'), ('LC_NAME', 'C.UTF-8'), ('LESSCLOSE', '/usr/bin/lesspipe %s %s'), ('LC_MEASUREMENT', 'C.UTF-8'), ('LC_IDENTIFICATION', 'C.UTF-8'), ('VSCODE_GIT_ASKPASS_EXTRA_ARGS', ''), ('PWD', '/home/limitbreakers/breakers_ws/build/diffdrive_arduino'), ('SSH_CONNECTION', '192.168.0.103 37368 192.168.0.104 22'), ('XDG_DATA_DIRS', '/usr/local/share:/usr/share:/var/lib/snapd/desktop'), ('PYTHONPATH', '/opt/ros/humble/lib/python3.10/site-packages:/opt/ros/humble/local/lib/python3.10/dist-packages'), ('LC_NUMERIC', 'C.UTF-8'), ('LC_PAPER', 'C.UTF-8'), ('COLCON', '1'), ('CMAKE_PREFIX_PATH', '/home/limitbreakers/breakers_ws/install/serial:/home/limitbreakers/breakers_ws/install/sllidar_ros2:/home/limitbreakers/breakers_ws/install/diffdrive_arduino:/home/limitbreakers/breakers_ws/install/dojo:/home/limitbreakers/ros2_ws/install/serial:/home/limitbreakers/ros2_ws/install/rplidar_ros:/home/limitbreakers/ros2_ws/install/diffdrive_arduino:/home/limitbreakers/ros2_ws/install/articubot_one:/opt/ros/humble')]), 'shell': False}
[65.256659] (-) TimerEvent: {}
[65.358489] (-) TimerEvent: {}
[65.454602] (diffdrive_arduino) StdoutLine: {'line': b'[ 14%] \x1b[32mBuilding CXX object CMakeFiles/diffdrive_arduino.dir/src/diffdrive_arduino.cpp.o\x1b[0m\n'}
[65.458748] (-) TimerEvent: {}
[65.560573] (-) TimerEvent: {}
[65.662333] (-) TimerEvent: {}
[65.763420] (-) TimerEvent: {}
[65.864559] (-) TimerEvent: {}
[65.965822] (-) TimerEvent: {}
[66.044557] (sllidar_ros2) StderrLine: {'line': b'In file included from \x1b[01m\x1b[K/home/limitbreakers/breakers_ws/src/sllidar_ros2/./sdk/include/rplidar_protocol.h:36\x1b[m\x1b[K,\n'}
[66.045456] (sllidar_ros2) StderrLine: {'line': b'                 from \x1b[01m\x1b[K/home/limitbreakers/breakers_ws/src/sllidar_ros2/./sdk/include/rplidar.h:39\x1b[m\x1b[K,\n'}
[66.046061] (sllidar_ros2) StderrLine: {'line': b'                 from \x1b[01m\x1b[K/home/limitbreakers/breakers_ws/src/sllidar_ros2/sdk/src/sdkcommon.h:49\x1b[m\x1b[K,\n'}
[66.046556] (sllidar_ros2) StderrLine: {'line': b'                 from \x1b[01m\x1b[K/home/limitbreakers/breakers_ws/src/sllidar_ros2/sdk/src/sl_lidarprotocol_codec.cpp:35\x1b[m\x1b[K:\n'}
[66.047358] (sllidar_ros2) StderrLine: {'line': b'\x1b[01m\x1b[K/home/limitbreakers/breakers_ws/src/sllidar_ros2/./sdk/include/sl_lidar_protocol.h:66:16:\x1b[m\x1b[K \x1b[01;35m\x1b[Kwarning: \x1b[m\x1b[KISO C++ forbids zero-size array \xe2\x80\x98\x1b[01m\x1b[Kdata\x1b[m\x1b[K\xe2\x80\x99 [\x1b[01;35m\x1b[K\x1b]8;;https://gcc.gnu.org/onlinedocs/gcc/Warning-Options.html#index-Wpedantic\x07-Wpedantic\x1b]8;;\x07\x1b[m\x1b[K]\n'}
[66.048408] (sllidar_ros2) StderrLine: {'line': b'   66 |     sl_u8 data[\x1b[01;35m\x1b[K0\x1b[m\x1b[K];\n'}
[66.048988] (sllidar_ros2) StderrLine: {'line': b'      |                \x1b[01;35m\x1b[K^\x1b[m\x1b[K\n'}
[66.049602] (sllidar_ros2) StderrLine: {'line': b'In file included from \x1b[01m\x1b[K/home/limitbreakers/breakers_ws/src/sllidar_ros2/./sdk/include/rplidar_cmd.h:36\x1b[m\x1b[K,\n'}
[66.050291] (sllidar_ros2) StderrLine: {'line': b'                 from \x1b[01m\x1b[K/home/limitbreakers/breakers_ws/src/sllidar_ros2/./sdk/include/rplidar.h:40\x1b[m\x1b[K,\n'}
[66.050859] (sllidar_ros2) StderrLine: {'line': b'                 from \x1b[01m\x1b[K/home/limitbreakers/breakers_ws/src/sllidar_ros2/sdk/src/sdkcommon.h:49\x1b[m\x1b[K,\n'}
[66.051378] (sllidar_ros2) StderrLine: {'line': b'                 from \x1b[01m\x1b[K/home/limitbreakers/breakers_ws/src/sllidar_ros2/sdk/src/sl_lidarprotocol_codec.cpp:35\x1b[m\x1b[K:\n'}
[66.051887] (sllidar_ros2) StderrLine: {'line': b'\x1b[01m\x1b[K/home/limitbreakers/breakers_ws/src/sllidar_ros2/./sdk/include/sl_lidar_cmd.h:324:20:\x1b[m\x1b[K \x1b[01;35m\x1b[Kwarning: \x1b[m\x1b[KISO C++ forbids zero-size array \xe2\x80\x98\x1b[01m\x1b[Kpayload\x1b[m\x1b[K\xe2\x80\x99 [\x1b[01;35m\x1b[K\x1b]8;;https://gcc.gnu.org/onlinedocs/gcc/Warning-Options.html#index-Wpedantic\x07-Wpedantic\x1b]8;;\x07\x1b[m\x1b[K]\n'}
[66.052424] (sllidar_ros2) StderrLine: {'line': b'  324 |     sl_u8  payload[\x1b[01;35m\x1b[K0\x1b[m\x1b[K];\n'}
[66.052982] (sllidar_ros2) StderrLine: {'line': b'      |                    \x1b[01;35m\x1b[K^\x1b[m\x1b[K\n'}
[66.066079] (-) TimerEvent: {}
[66.167852] (-) TimerEvent: {}
[66.269779] (-) TimerEvent: {}
[66.371569] (-) TimerEvent: {}
[66.473297] (-) TimerEvent: {}
[66.574611] (-) TimerEvent: {}
[66.675808] (-) TimerEvent: {}
[66.777549] (-) TimerEvent: {}
[66.879152] (-) TimerEvent: {}
[66.980910] (-) TimerEvent: {}
[67.038218] (sllidar_ros2) StderrLine: {'line': b'In file included from \x1b[01m\x1b[K/home/limitbreakers/breakers_ws/src/sllidar_ros2/sdk/src/sl_lidarprotocol_codec.cpp:49\x1b[m\x1b[K:\n'}
[67.038943] (sllidar_ros2) StderrLine: {'line': b'\x1b[01m\x1b[K/home/limitbreakers/breakers_ws/src/sllidar_ros2/sdk/src/sl_async_transceiver.h:\x1b[m\x1b[K In member function \xe2\x80\x98\x1b[01m\x1b[Kvirtual void sl::internal::IAsyncProtocolCodec::onChannelError(u_result)\x1b[m\x1b[K\xe2\x80\x99:\n'}
[67.039530] (sllidar_ros2) StderrLine: {'line': b'\x1b[01m\x1b[K/home/limitbreakers/breakers_ws/src/sllidar_ros2/sdk/src/sl_async_transceiver.h:90:48:\x1b[m\x1b[K \x1b[01;35m\x1b[Kwarning: \x1b[m\x1b[Kunused parameter \xe2\x80\x98\x1b[01m\x1b[KerrCode\x1b[m\x1b[K\xe2\x80\x99 [\x1b[01;35m\x1b[K\x1b]8;;https://gcc.gnu.org/onlinedocs/gcc/Warning-Options.html#index-Wunused-parameter\x07-Wunused-parameter\x1b]8;;\x07\x1b[m\x1b[K]\n'}
[67.040145] (sllidar_ros2) StderrLine: {'line': b'   90 |         virtual void   onChannelError(\x1b[01;35m\x1b[Ku_result errCode\x1b[m\x1b[K) {}\n'}
[67.040725] (sllidar_ros2) StderrLine: {'line': b'      |                                       \x1b[01;35m\x1b[K~~~~~~~~~^~~~~~~\x1b[m\x1b[K\n'}
[67.081154] (-) TimerEvent: {}
[67.182874] (-) TimerEvent: {}
[67.284679] (-) TimerEvent: {}
[67.386402] (-) TimerEvent: {}
[67.488078] (-) TimerEvent: {}
[67.589781] (-) TimerEvent: {}
[67.642401] (sllidar_ros2) StdoutLine: {'line': b'[ 75%] \x1b[32mBuilding CXX object CMakeFiles/sllidar_node.dir/sdk/src/sl_serial_channel.cpp.o\x1b[0m\n'}
[67.690053] (-) TimerEvent: {}
[67.791737] (-) TimerEvent: {}
[67.893195] (-) TimerEvent: {}
[67.995011] (-) TimerEvent: {}
[68.096209] (-) TimerEvent: {}
[68.197501] (-) TimerEvent: {}
[68.298515] (-) TimerEvent: {}
[68.399617] (-) TimerEvent: {}
[68.500609] (-) TimerEvent: {}
[68.601674] (-) TimerEvent: {}
[68.702689] (-) TimerEvent: {}
[68.803801] (-) TimerEvent: {}
[68.904883] (-) TimerEvent: {}
[69.006006] (-) TimerEvent: {}
[69.107143] (-) TimerEvent: {}
[69.180149] (sllidar_ros2) StderrLine: {'line': b'In file included from \x1b[01m\x1b[K/home/limitbreakers/breakers_ws/src/sllidar_ros2/./sdk/include/sl_lidar_cmd.h:41\x1b[m\x1b[K,\n'}
[69.181479] (sllidar_ros2) StderrLine: {'line': b'                 from \x1b[01m\x1b[K/home/limitbreakers/breakers_ws/src/sllidar_ros2/./sdk/include/sl_lidar_driver.h:54\x1b[m\x1b[K,\n'}
[69.182203] (sllidar_ros2) StderrLine: {'line': b'                 from \x1b[01m\x1b[K/home/limitbreakers/breakers_ws/src/sllidar_ros2/sdk/src/sl_serial_channel.cpp:33\x1b[m\x1b[K:\n'}
[69.182930] (sllidar_ros2) StderrLine: {'line': b'\x1b[01m\x1b[K/home/limitbreakers/breakers_ws/src/sllidar_ros2/./sdk/include/sl_lidar_protocol.h:66:16:\x1b[m\x1b[K \x1b[01;35m\x1b[Kwarning: \x1b[m\x1b[KISO C++ forbids zero-size array \xe2\x80\x98\x1b[01m\x1b[Kdata\x1b[m\x1b[K\xe2\x80\x99 [\x1b[01;35m\x1b[K\x1b]8;;https://gcc.gnu.org/onlinedocs/gcc/Warning-Options.html#index-Wpedantic\x07-Wpedantic\x1b]8;;\x07\x1b[m\x1b[K]\n'}
[69.183771] (sllidar_ros2) StderrLine: {'line': b'   66 |     sl_u8 data[\x1b[01;35m\x1b[K0\x1b[m\x1b[K];\n'}
[69.185213] (sllidar_ros2) StderrLine: {'line': b'      |                \x1b[01;35m\x1b[K^\x1b[m\x1b[K\n'}
[69.186047] (sllidar_ros2) StderrLine: {'line': b'In file included from \x1b[01m\x1b[K/home/limitbreakers/breakers_ws/src/sllidar_ros2/./sdk/include/sl_lidar_driver.h:54\x1b[m\x1b[K,\n'}
[69.186747] (sllidar_ros2) StderrLine: {'line': b'                 from \x1b[01m\x1b[K/home/limitbreakers/breakers_ws/src/sllidar_ros2/sdk/src/sl_serial_channel.cpp:33\x1b[m\x1b[K:\n'}
[69.187432] (sllidar_ros2) StderrLine: {'line': b'\x1b[01m\x1b[K/home/limitbreakers/breakers_ws/src/sllidar_ros2/./sdk/include/sl_lidar_cmd.h:324:20:\x1b[m\x1b[K \x1b[01;35m\x1b[Kwarning: \x1b[m\x1b[KISO C++ forbids zero-size array \xe2\x80\x98\x1b[01m\x1b[Kpayload\x1b[m\x1b[K\xe2\x80\x99 [\x1b[01;35m\x1b[K\x1b]8;;https://gcc.gnu.org/onlinedocs/gcc/Warning-Options.html#index-Wpedantic\x07-Wpedantic\x1b]8;;\x07\x1b[m\x1b[K]\n'}
[69.188215] (sllidar_ros2) StderrLine: {'line': b'  324 |     sl_u8  payload[\x1b[01;35m\x1b[K0\x1b[m\x1b[K];\n'}
[69.189175] (sllidar_ros2) StderrLine: {'line': b'      |                    \x1b[01;35m\x1b[K^\x1b[m\x1b[K\n'}
[69.207353] (-) TimerEvent: {}
[69.309601] (-) TimerEvent: {}
[69.412293] (-) TimerEvent: {}
[69.514534] (-) TimerEvent: {}
[69.544381] (sllidar_ros2) StdoutLine: {'line': b'[ 80%] \x1b[32mBuilding CXX object CMakeFiles/sllidar_node.dir/sdk/src/sl_tcp_channel.cpp.o\x1b[0m\n'}
[69.614743] (-) TimerEvent: {}
[69.716492] (-) TimerEvent: {}
[69.817537] (-) TimerEvent: {}
[69.918488] (-) TimerEvent: {}
[70.019467] (-) TimerEvent: {}
[70.120523] (-) TimerEvent: {}
[70.221676] (-) TimerEvent: {}
[70.322824] (-) TimerEvent: {}
[70.424027] (-) TimerEvent: {}
[70.525511] (-) TimerEvent: {}
[70.627790] (-) TimerEvent: {}
[70.729563] (-) TimerEvent: {}
[70.830644] (-) TimerEvent: {}
[70.931881] (-) TimerEvent: {}
[71.033169] (-) TimerEvent: {}
[71.070120] (sllidar_ros2) StderrLine: {'line': b'In file included from \x1b[01m\x1b[K/home/limitbreakers/breakers_ws/src/sllidar_ros2/./sdk/include/sl_lidar_cmd.h:41\x1b[m\x1b[K,\n'}
[71.071680] (sllidar_ros2) StderrLine: {'line': b'                 from \x1b[01m\x1b[K/home/limitbreakers/breakers_ws/src/sllidar_ros2/./sdk/include/sl_lidar_driver.h:54\x1b[m\x1b[K,\n'}
[71.072702] (sllidar_ros2) StderrLine: {'line': b'                 from \x1b[01m\x1b[K/home/limitbreakers/breakers_ws/src/sllidar_ros2/sdk/src/sl_tcp_channel.cpp:33\x1b[m\x1b[K:\n'}
[71.073991] (sllidar_ros2) StderrLine: {'line': b'\x1b[01m\x1b[K/home/limitbreakers/breakers_ws/src/sllidar_ros2/./sdk/include/sl_lidar_protocol.h:66:16:\x1b[m\x1b[K \x1b[01;35m\x1b[Kwarning: \x1b[m\x1b[KISO C++ forbids zero-size array \xe2\x80\x98\x1b[01m\x1b[Kdata\x1b[m\x1b[K\xe2\x80\x99 [\x1b[01;35m\x1b[K\x1b]8;;https://gcc.gnu.org/onlinedocs/gcc/Warning-Options.html#index-Wpedantic\x07-Wpedantic\x1b]8;;\x07\x1b[m\x1b[K]\n'}
[71.075217] (sllidar_ros2) StderrLine: {'line': b'   66 |     sl_u8 data[\x1b[01;35m\x1b[K0\x1b[m\x1b[K];\n'}
[71.076600] (sllidar_ros2) StderrLine: {'line': b'      |                \x1b[01;35m\x1b[K^\x1b[m\x1b[K\n'}
[71.077506] (sllidar_ros2) StderrLine: {'line': b'In file included from \x1b[01m\x1b[K/home/limitbreakers/breakers_ws/src/sllidar_ros2/./sdk/include/sl_lidar_driver.h:54\x1b[m\x1b[K,\n'}
[71.078346] (sllidar_ros2) StderrLine: {'line': b'                 from \x1b[01m\x1b[K/home/limitbreakers/breakers_ws/src/sllidar_ros2/sdk/src/sl_tcp_channel.cpp:33\x1b[m\x1b[K:\n'}
[71.079234] (sllidar_ros2) StderrLine: {'line': b'\x1b[01m\x1b[K/home/limitbreakers/breakers_ws/src/sllidar_ros2/./sdk/include/sl_lidar_cmd.h:324:20:\x1b[m\x1b[K \x1b[01;35m\x1b[Kwarning: \x1b[m\x1b[KISO C++ forbids zero-size array \xe2\x80\x98\x1b[01m\x1b[Kpayload\x1b[m\x1b[K\xe2\x80\x99 [\x1b[01;35m\x1b[K\x1b]8;;https://gcc.gnu.org/onlinedocs/gcc/Warning-Options.html#index-Wpedantic\x07-Wpedantic\x1b]8;;\x07\x1b[m\x1b[K]\n'}
[71.080195] (sllidar_ros2) StderrLine: {'line': b'  324 |     sl_u8  payload[\x1b[01;35m\x1b[K0\x1b[m\x1b[K];\n'}
[71.081010] (sllidar_ros2) StderrLine: {'line': b'      |                    \x1b[01;35m\x1b[K^\x1b[m\x1b[K\n'}
[71.105650] (sllidar_ros2) StderrLine: {'line': b'\x1b[01m\x1b[K/home/limitbreakers/breakers_ws/src/sllidar_ros2/sdk/src/sl_tcp_channel.cpp:\x1b[m\x1b[K In member function \xe2\x80\x98\x1b[01m\x1b[Kvoid sl::TcpChannel::setStatus(_u32)\x1b[m\x1b[K\xe2\x80\x99:\n'}
[71.106825] (sllidar_ros2) StderrLine: {'line': b'\x1b[01m\x1b[K/home/limitbreakers/breakers_ws/src/sllidar_ros2/sdk/src/sl_tcp_channel.cpp:109:29:\x1b[m\x1b[K \x1b[01;35m\x1b[Kwarning: \x1b[m\x1b[Kunused parameter \xe2\x80\x98\x1b[01m\x1b[Kflag\x1b[m\x1b[K\xe2\x80\x99 [\x1b[01;35m\x1b[K\x1b]8;;https://gcc.gnu.org/onlinedocs/gcc/Warning-Options.html#index-Wunused-parameter\x07-Wunused-parameter\x1b]8;;\x07\x1b[m\x1b[K]\n'}
[71.107624] (sllidar_ros2) StderrLine: {'line': b'  109 |         void setStatus(\x1b[01;35m\x1b[K_u32 flag\x1b[m\x1b[K){}\n'}
[71.108543] (sllidar_ros2) StderrLine: {'line': b'      |                        \x1b[01;35m\x1b[K~~~~~^~~~\x1b[m\x1b[K\n'}
[71.133484] (-) TimerEvent: {}
[71.235646] (-) TimerEvent: {}
[71.337717] (-) TimerEvent: {}
[71.419297] (sllidar_ros2) StdoutLine: {'line': b'[ 85%] \x1b[32mBuilding CXX object CMakeFiles/sllidar_node.dir/sdk/src/sl_udp_channel.cpp.o\x1b[0m\n'}
[71.437967] (-) TimerEvent: {}
[71.539659] (-) TimerEvent: {}
[71.640648] (-) TimerEvent: {}
[71.741849] (-) TimerEvent: {}
[71.842985] (-) TimerEvent: {}
[71.944026] (-) TimerEvent: {}
[72.045037] (-) TimerEvent: {}
[72.147027] (-) TimerEvent: {}
[72.248699] (-) TimerEvent: {}
[72.350501] (-) TimerEvent: {}
[72.452134] (-) TimerEvent: {}
[72.553915] (-) TimerEvent: {}
[72.657007] (-) TimerEvent: {}
[72.759101] (-) TimerEvent: {}
[72.860910] (-) TimerEvent: {}
[72.962772] (-) TimerEvent: {}
[73.063882] (-) TimerEvent: {}
[73.121833] (sllidar_ros2) StderrLine: {'line': b'In file included from \x1b[01m\x1b[K/home/limitbreakers/breakers_ws/src/sllidar_ros2/./sdk/include/sl_lidar_cmd.h:41\x1b[m\x1b[K,\n'}
[73.122641] (sllidar_ros2) StderrLine: {'line': b'                 from \x1b[01m\x1b[K/home/limitbreakers/breakers_ws/src/sllidar_ros2/./sdk/include/sl_lidar_driver.h:54\x1b[m\x1b[K,\n'}
[73.123297] (sllidar_ros2) StderrLine: {'line': b'                 from \x1b[01m\x1b[K/home/limitbreakers/breakers_ws/src/sllidar_ros2/sdk/src/sl_udp_channel.cpp:33\x1b[m\x1b[K:\n'}
[73.124040] (sllidar_ros2) StderrLine: {'line': b'\x1b[01m\x1b[K/home/limitbreakers/breakers_ws/src/sllidar_ros2/./sdk/include/sl_lidar_protocol.h:66:16:\x1b[m\x1b[K \x1b[01;35m\x1b[Kwarning: \x1b[m\x1b[KISO C++ forbids zero-size array \xe2\x80\x98\x1b[01m\x1b[Kdata\x1b[m\x1b[K\xe2\x80\x99 [\x1b[01;35m\x1b[K\x1b]8;;https://gcc.gnu.org/onlinedocs/gcc/Warning-Options.html#index-Wpedantic\x07-Wpedantic\x1b]8;;\x07\x1b[m\x1b[K]\n'}
[73.124728] (sllidar_ros2) StderrLine: {'line': b'   66 |     sl_u8 data[\x1b[01;35m\x1b[K0\x1b[m\x1b[K];\n'}
[73.125465] (sllidar_ros2) StderrLine: {'line': b'      |                \x1b[01;35m\x1b[K^\x1b[m\x1b[K\n'}
[73.126665] (sllidar_ros2) StderrLine: {'line': b'In file included from \x1b[01m\x1b[K/home/limitbreakers/breakers_ws/src/sllidar_ros2/./sdk/include/sl_lidar_driver.h:54\x1b[m\x1b[K,\n'}
[73.127373] (sllidar_ros2) StderrLine: {'line': b'                 from \x1b[01m\x1b[K/home/limitbreakers/breakers_ws/src/sllidar_ros2/sdk/src/sl_udp_channel.cpp:33\x1b[m\x1b[K:\n'}
[73.128044] (sllidar_ros2) StderrLine: {'line': b'\x1b[01m\x1b[K/home/limitbreakers/breakers_ws/src/sllidar_ros2/./sdk/include/sl_lidar_cmd.h:324:20:\x1b[m\x1b[K \x1b[01;35m\x1b[Kwarning: \x1b[m\x1b[KISO C++ forbids zero-size array \xe2\x80\x98\x1b[01m\x1b[Kpayload\x1b[m\x1b[K\xe2\x80\x99 [\x1b[01;35m\x1b[K\x1b]8;;https://gcc.gnu.org/onlinedocs/gcc/Warning-Options.html#index-Wpedantic\x07-Wpedantic\x1b]8;;\x07\x1b[m\x1b[K]\n'}
[73.128705] (sllidar_ros2) StderrLine: {'line': b'  324 |     sl_u8  payload[\x1b[01;35m\x1b[K0\x1b[m\x1b[K];\n'}
[73.129291] (sllidar_ros2) StderrLine: {'line': b'      |                    \x1b[01;35m\x1b[K^\x1b[m\x1b[K\n'}
[73.151545] (sllidar_ros2) StderrLine: {'line': b'\x1b[01m\x1b[K/home/limitbreakers/breakers_ws/src/sllidar_ros2/sdk/src/sl_udp_channel.cpp:\x1b[m\x1b[K In member function \xe2\x80\x98\x1b[01m\x1b[Kvoid sl::UdpChannel::setStatus(_u32)\x1b[m\x1b[K\xe2\x80\x99:\n'}
[73.152380] (sllidar_ros2) StderrLine: {'line': b'\x1b[01m\x1b[K/home/limitbreakers/breakers_ws/src/sllidar_ros2/sdk/src/sl_udp_channel.cpp:112:29:\x1b[m\x1b[K \x1b[01;35m\x1b[Kwarning: \x1b[m\x1b[Kunused parameter \xe2\x80\x98\x1b[01m\x1b[Kflag\x1b[m\x1b[K\xe2\x80\x99 [\x1b[01;35m\x1b[K\x1b]8;;https://gcc.gnu.org/onlinedocs/gcc/Warning-Options.html#index-Wunused-parameter\x07-Wunused-parameter\x1b]8;;\x07\x1b[m\x1b[K]\n'}
[73.153204] (sllidar_ros2) StderrLine: {'line': b'  112 |         void setStatus(\x1b[01;35m\x1b[K_u32 flag\x1b[m\x1b[K){}\n'}
[73.154058] (sllidar_ros2) StderrLine: {'line': b'      |                        \x1b[01;35m\x1b[K~~~~~^~~~\x1b[m\x1b[K\n'}
[73.164132] (-) TimerEvent: {}
[73.265146] (-) TimerEvent: {}
[73.366237] (-) TimerEvent: {}
[73.468406] (-) TimerEvent: {}
[73.478753] (sllidar_ros2) StdoutLine: {'line': b'[ 90%] \x1b[32mBuilding CXX object CMakeFiles/sllidar_node.dir/sdk/src/sl_crc.cpp.o\x1b[0m\n'}
[73.568649] (-) TimerEvent: {}
[73.609753] (sllidar_ros2) StderrLine: {'line': b'In file included from \x1b[01m\x1b[K/home/limitbreakers/breakers_ws/src/sllidar_ros2/./sdk/include/sl_lidar_cmd.h:41\x1b[m\x1b[K,\n'}
[73.610758] (sllidar_ros2) StderrLine: {'line': b'                 from \x1b[01m\x1b[K/home/limitbreakers/breakers_ws/src/sllidar_ros2/./sdk/include/sl_crc.h:36\x1b[m\x1b[K,\n'}
[73.611681] (sllidar_ros2) StderrLine: {'line': b'                 from \x1b[01m\x1b[K/home/limitbreakers/breakers_ws/src/sllidar_ros2/sdk/src/sl_crc.cpp:33\x1b[m\x1b[K:\n'}
[73.612566] (sllidar_ros2) StderrLine: {'line': b'\x1b[01m\x1b[K/home/limitbreakers/breakers_ws/src/sllidar_ros2/./sdk/include/sl_lidar_protocol.h:66:16:\x1b[m\x1b[K \x1b[01;35m\x1b[Kwarning: \x1b[m\x1b[KISO C++ forbids zero-size array \xe2\x80\x98\x1b[01m\x1b[Kdata\x1b[m\x1b[K\xe2\x80\x99 [\x1b[01;35m\x1b[K\x1b]8;;https://gcc.gnu.org/onlinedocs/gcc/Warning-Options.html#index-Wpedantic\x07-Wpedantic\x1b]8;;\x07\x1b[m\x1b[K]\n'}
[73.614051] (sllidar_ros2) StderrLine: {'line': b'   66 |     sl_u8 data[\x1b[01;35m\x1b[K0\x1b[m\x1b[K];\n'}
[73.614984] (sllidar_ros2) StderrLine: {'line': b'      |                \x1b[01;35m\x1b[K^\x1b[m\x1b[K\n'}
[73.615899] (sllidar_ros2) StderrLine: {'line': b'In file included from \x1b[01m\x1b[K/home/limitbreakers/breakers_ws/src/sllidar_ros2/./sdk/include/sl_crc.h:36\x1b[m\x1b[K,\n'}
[73.616593] (sllidar_ros2) StderrLine: {'line': b'                 from \x1b[01m\x1b[K/home/limitbreakers/breakers_ws/src/sllidar_ros2/sdk/src/sl_crc.cpp:33\x1b[m\x1b[K:\n'}
[73.617523] (sllidar_ros2) StderrLine: {'line': b'\x1b[01m\x1b[K/home/limitbreakers/breakers_ws/src/sllidar_ros2/./sdk/include/sl_lidar_cmd.h:324:20:\x1b[m\x1b[K \x1b[01;35m\x1b[Kwarning: \x1b[m\x1b[KISO C++ forbids zero-size array \xe2\x80\x98\x1b[01m\x1b[Kpayload\x1b[m\x1b[K\xe2\x80\x99 [\x1b[01;35m\x1b[K\x1b]8;;https://gcc.gnu.org/onlinedocs/gcc/Warning-Options.html#index-Wpedantic\x07-Wpedantic\x1b]8;;\x07\x1b[m\x1b[K]\n'}
[73.618586] (sllidar_ros2) StderrLine: {'line': b'  324 |     sl_u8  payload[\x1b[01;35m\x1b[K0\x1b[m\x1b[K];\n'}
[73.619545] (sllidar_ros2) StderrLine: {'line': b'      |                    \x1b[01;35m\x1b[K^\x1b[m\x1b[K\n'}
[73.669143] (-) TimerEvent: {}
[73.732687] (sllidar_ros2) StdoutLine: {'line': b'[ 95%] \x1b[32m\x1b[1mLinking CXX executable sllidar_node\x1b[0m\n'}
[73.769992] (-) TimerEvent: {}
[73.871881] (-) TimerEvent: {}
[73.974151] (-) TimerEvent: {}
[74.075614] (-) TimerEvent: {}
[74.177103] (-) TimerEvent: {}
[74.278694] (-) TimerEvent: {}
[74.380233] (-) TimerEvent: {}
[74.481360] (-) TimerEvent: {}
[74.582410] (-) TimerEvent: {}
[74.683392] (-) TimerEvent: {}
[74.784279] (-) TimerEvent: {}
[74.885145] (-) TimerEvent: {}
[74.986124] (-) TimerEvent: {}
[75.087372] (-) TimerEvent: {}
[75.189083] (-) TimerEvent: {}
[75.290224] (-) TimerEvent: {}
[75.391148] (-) TimerEvent: {}
[75.493499] (-) TimerEvent: {}
[75.596946] (-) TimerEvent: {}
[75.700564] (-) TimerEvent: {}
[75.716350] (sllidar_ros2) StdoutLine: {'line': b'[ 95%] Built target sllidar_node\n'}
[75.800983] (-) TimerEvent: {}
[75.886550] (sllidar_ros2) StdoutLine: {'line': b'[100%] \x1b[32m\x1b[1mLinking CXX executable sllidar_client\x1b[0m\n'}
[75.901190] (-) TimerEvent: {}
[76.002814] (-) TimerEvent: {}
[76.104144] (-) TimerEvent: {}
[76.205150] (-) TimerEvent: {}
[76.306138] (-) TimerEvent: {}
[76.407624] (-) TimerEvent: {}
[76.508871] (-) TimerEvent: {}
[76.610023] (-) TimerEvent: {}
[76.711089] (-) TimerEvent: {}
[76.812146] (-) TimerEvent: {}
[76.913258] (-) TimerEvent: {}
[77.014208] (-) TimerEvent: {}
[77.115149] (-) TimerEvent: {}
[77.215915] (-) TimerEvent: {}
[77.316902] (-) TimerEvent: {}
[77.418233] (-) TimerEvent: {}
[77.519036] (-) TimerEvent: {}
[77.620927] (-) TimerEvent: {}
[77.722879] (-) TimerEvent: {}
[77.823916] (-) TimerEvent: {}
[77.929613] (-) TimerEvent: {}
[78.020083] (sllidar_ros2) StdoutLine: {'line': b'[100%] Built target sllidar_client\n'}
[78.029831] (-) TimerEvent: {}
[78.084055] (sllidar_ros2) CommandEnded: {'returncode': 0}
[78.086608] (sllidar_ros2) JobProgress: {'identifier': 'sllidar_ros2', 'progress': 'install'}
[78.086945] (sllidar_ros2) Command: {'cmd': ['/usr/bin/cmake', '--install', '/home/limitbreakers/breakers_ws/build/sllidar_ros2'], 'cwd': '/home/limitbreakers/breakers_ws/build/sllidar_ros2', 'env': OrderedDict([('LESSOPEN', '| /usr/bin/lesspipe %s'), ('USER', 'limitbreakers'), ('SSH_CLIENT', '192.168.0.103 37368 22'), ('LC_TIME', 'C.UTF-8'), ('XDG_SESSION_TYPE', 'tty'), ('GIT_ASKPASS', '/home/limitbreakers/.vscode-server/cli/servers/Stable-6f17636121051a53c88d3e605c491d22af2ba755/server/extensions/git/dist/askpass.sh'), ('SHLVL', '2'), ('LD_LIBRARY_PATH', '/home/limitbreakers/breakers_ws/install/diffdrive_arduino/lib:/home/limitbreakers/breakers_ws/install/serial/lib:/home/limitbreakers/ros2_ws/install/serial/lib:/home/limitbreakers/ros2_ws/install/diffdrive_arduino/lib:/opt/ros/humble/opt/rviz_ogre_vendor/lib:/opt/ros/humble/lib/aarch64-linux-gnu:/opt/ros/humble/lib'), ('BROWSER', '/home/limitbreakers/.vscode-server/cli/servers/Stable-6f17636121051a53c88d3e605c491d22af2ba755/server/bin/helpers/browser.sh'), ('MOTD_SHOWN', 'pam'), ('HOME', '/home/limitbreakers'), ('OLDPWD', '/home/limitbreakers/breakers_ws/src'), ('TERM_PROGRAM_VERSION', '1.103.2'), ('VSCODE_IPC_HOOK_CLI', '/run/user/1000/vscode-ipc-1336b97d-b370-4369-a2a8-aecd27e3c16e.sock'), ('ROS_PYTHON_VERSION', '3'), ('VSCODE_GIT_ASKPASS_MAIN', '/home/limitbreakers/.vscode-server/cli/servers/Stable-6f17636121051a53c88d3e605c491d22af2ba755/server/extensions/git/dist/askpass-main.js'), ('LC_MONETARY', 'C.UTF-8'), ('VSCODE_GIT_ASKPASS_NODE', '/home/limitbreakers/.vscode-server/cli/servers/Stable-6f17636121051a53c88d3e605c491d22af2ba755/server/node'), ('SSL_CERT_FILE', '/usr/lib/ssl/certs/ca-certificates.crt'), ('DBUS_SESSION_BUS_ADDRESS', 'unix:path=/run/user/1000/bus'), ('COLORTERM', 'truecolor'), ('COLCON_PREFIX_PATH', '/home/limitbreakers/breakers_ws/install:/home/limitbreakers/ros2_ws/install'), ('ROS_DISTRO', 'humble'), ('LOGNAME', 'limitbreakers'), ('_', '/usr/bin/colcon'), ('ROS_VERSION', '2'), ('XDG_SESSION_CLASS', 'user'), ('TERM', 'xterm-256color'), ('XDG_SESSION_ID', '1'), ('ROS_LOCALHOST_ONLY', '0'), ('PATH', '/home/limitbreakers/.vscode-server/cli/servers/Stable-6f17636121051a53c88d3e605c491d22af2ba755/server/bin/remote-cli:/opt/ros/humble/bin:/usr/local/sbin:/usr/local/bin:/usr/sbin:/usr/bin:/sbin:/bin:/usr/games:/usr/local/games:/snap/bin'), ('LC_ADDRESS', 'C.UTF-8'), ('XDG_RUNTIME_DIR', '/run/user/1000'), ('SSL_CERT_DIR', '/usr/lib/ssl/certs'), ('LANG', 'C.UTF-8'), ('LC_TELEPHONE', 'C.UTF-8'), ('LS_COLORS', 'rs=0:di=01;34:ln=01;36:mh=00:pi=40;33:so=01;35:do=01;35:bd=40;33;01:cd=40;33;01:or=40;31;01:mi=00:su=37;41:sg=30;43:ca=30;41:tw=30;42:ow=34;42:st=37;44:ex=01;32:*.tar=01;31:*.tgz=01;31:*.arc=01;31:*.arj=01;31:*.taz=01;31:*.lha=01;31:*.lz4=01;31:*.lzh=01;31:*.lzma=01;31:*.tlz=01;31:*.txz=01;31:*.tzo=01;31:*.t7z=01;31:*.zip=01;31:*.z=01;31:*.dz=01;31:*.gz=01;31:*.lrz=01;31:*.lz=01;31:*.lzo=01;31:*.xz=01;31:*.zst=01;31:*.tzst=01;31:*.bz2=01;31:*.bz=01;31:*.tbz=01;31:*.tbz2=01;31:*.tz=01;31:*.deb=01;31:*.rpm=01;31:*.jar=01;31:*.war=01;31:*.ear=01;31:*.sar=01;31:*.rar=01;31:*.alz=01;31:*.ace=01;31:*.zoo=01;31:*.cpio=01;31:*.7z=01;31:*.rz=01;31:*.cab=01;31:*.wim=01;31:*.swm=01;31:*.dwm=01;31:*.esd=01;31:*.jpg=01;35:*.jpeg=01;35:*.mjpg=01;35:*.mjpeg=01;35:*.gif=01;35:*.bmp=01;35:*.pbm=01;35:*.pgm=01;35:*.ppm=01;35:*.tga=01;35:*.xbm=01;35:*.xpm=01;35:*.tif=01;35:*.tiff=01;35:*.png=01;35:*.svg=01;35:*.svgz=01;35:*.mng=01;35:*.pcx=01;35:*.mov=01;35:*.mpg=01;35:*.mpeg=01;35:*.m2v=01;35:*.mkv=01;35:*.webm=01;35:*.webp=01;35:*.ogm=01;35:*.mp4=01;35:*.m4v=01;35:*.mp4v=01;35:*.vob=01;35:*.qt=01;35:*.nuv=01;35:*.wmv=01;35:*.asf=01;35:*.rm=01;35:*.rmvb=01;35:*.flc=01;35:*.avi=01;35:*.fli=01;35:*.flv=01;35:*.gl=01;35:*.dl=01;35:*.xcf=01;35:*.xwd=01;35:*.yuv=01;35:*.cgm=01;35:*.emf=01;35:*.ogv=01;35:*.ogx=01;35:*.aac=00;36:*.au=00;36:*.flac=00;36:*.m4a=00;36:*.mid=00;36:*.midi=00;36:*.mka=00;36:*.mp3=00;36:*.mpc=00;36:*.ogg=00;36:*.ra=00;36:*.wav=00;36:*.oga=00;36:*.opus=00;36:*.spx=00;36:*.xspf=00;36:'), ('VSCODE_GIT_IPC_HANDLE', '/run/user/1000/vscode-git-c127e37d50.sock'), ('TERM_PROGRAM', 'vscode'), ('AMENT_PREFIX_PATH', '/home/limitbreakers/breakers_ws/install/sllidar_ros2:/home/limitbreakers/breakers_ws/install/diffdrive_arduino:/home/limitbreakers/breakers_ws/install/serial:/home/limitbreakers/breakers_ws/install/dojo:/home/limitbreakers/ros2_ws/install/serial:/home/limitbreakers/ros2_ws/install/rplidar_ros:/home/limitbreakers/ros2_ws/install/diffdrive_arduino:/home/limitbreakers/ros2_ws/install/articubot_one:/opt/ros/humble'), ('SHELL', '/bin/bash'), ('LC_NAME', 'C.UTF-8'), ('LESSCLOSE', '/usr/bin/lesspipe %s %s'), ('LC_MEASUREMENT', 'C.UTF-8'), ('LC_IDENTIFICATION', 'C.UTF-8'), ('VSCODE_GIT_ASKPASS_EXTRA_ARGS', ''), ('PWD', '/home/limitbreakers/breakers_ws/build/sllidar_ros2'), ('SSH_CONNECTION', '192.168.0.103 37368 192.168.0.104 22'), ('XDG_DATA_DIRS', '/usr/local/share:/usr/share:/var/lib/snapd/desktop'), ('PYTHONPATH', '/opt/ros/humble/lib/python3.10/site-packages:/opt/ros/humble/local/lib/python3.10/dist-packages'), ('LC_NUMERIC', 'C.UTF-8'), ('LC_PAPER', 'C.UTF-8'), ('COLCON', '1'), ('CMAKE_PREFIX_PATH', '/home/limitbreakers/breakers_ws/install/sllidar_ros2:/home/limitbreakers/breakers_ws/install/diffdrive_arduino:/home/limitbreakers/breakers_ws/install/serial:/home/limitbreakers/breakers_ws/install/dojo:/home/limitbreakers/ros2_ws/install/serial:/home/limitbreakers/ros2_ws/install/rplidar_ros:/home/limitbreakers/ros2_ws/install/diffdrive_arduino:/home/limitbreakers/ros2_ws/install/articubot_one:/opt/ros/humble')]), 'shell': False}
[78.130065] (-) TimerEvent: {}
[78.136035] (sllidar_ros2) StdoutLine: {'line': b'-- Install configuration: ""\n'}
[78.138006] (sllidar_ros2) StdoutLine: {'line': b'-- Execute custom install script\n'}
[78.140859] (sllidar_ros2) StdoutLine: {'line': b'-- Symlinking: /home/limitbreakers/breakers_ws/install/sllidar_ros2/share/sllidar_ros2/launch/sllidar_a1_launch.py\n'}
[78.185212] (sllidar_ros2) StdoutLine: {'line': b'-- Symlinking: /home/limitbreakers/breakers_ws/install/sllidar_ros2/share/sllidar_ros2/rviz/sllidar_ros2.rviz\n'}
[78.229039] (sllidar_ros2) StdoutLine: {'line': b'-- Symlinking: /home/limitbreakers/breakers_ws/install/sllidar_ros2/lib/sllidar_ros2/sllidar_node\n'}
[78.230245] (-) TimerEvent: {}
[78.275298] (sllidar_ros2) StdoutLine: {'line': b'-- Symlinking: /home/limitbreakers/breakers_ws/install/sllidar_ros2/lib/sllidar_ros2/sllidar_client\n'}
[78.321972] (sllidar_ros2) StdoutLine: {'line': b'-- Symlinking: /home/limitbreakers/breakers_ws/install/sllidar_ros2/share/ament_index/resource_index/package_run_dependencies/sllidar_ros2\n'}
[78.330598] (-) TimerEvent: {}
[78.371042] (sllidar_ros2) StdoutLine: {'line': b'-- Symlinking: /home/limitbreakers/breakers_ws/install/sllidar_ros2/share/ament_index/resource_index/parent_prefix_path/sllidar_ros2\n'}
[78.414487] (sllidar_ros2) StdoutLine: {'line': b'-- Symlinking: /home/limitbreakers/breakers_ws/install/sllidar_ros2/share/sllidar_ros2/environment/ament_prefix_path.sh\n'}
[78.430817] (-) TimerEvent: {}
[78.459007] (sllidar_ros2) StdoutLine: {'line': b'-- Symlinking: /home/limitbreakers/breakers_ws/install/sllidar_ros2/share/sllidar_ros2/environment/ament_prefix_path.dsv\n'}
[78.503243] (sllidar_ros2) StdoutLine: {'line': b'-- Symlinking: /home/limitbreakers/breakers_ws/install/sllidar_ros2/share/sllidar_ros2/environment/path.sh\n'}
[78.531141] (-) TimerEvent: {}
[78.548885] (sllidar_ros2) StdoutLine: {'line': b'-- Symlinking: /home/limitbreakers/breakers_ws/install/sllidar_ros2/share/sllidar_ros2/environment/path.dsv\n'}
[78.593272] (sllidar_ros2) StdoutLine: {'line': b'-- Symlinking: /home/limitbreakers/breakers_ws/install/sllidar_ros2/share/sllidar_ros2/local_setup.bash\n'}
[78.631375] (-) TimerEvent: {}
[78.638539] (sllidar_ros2) StdoutLine: {'line': b'-- Symlinking: /home/limitbreakers/breakers_ws/install/sllidar_ros2/share/sllidar_ros2/local_setup.sh\n'}
[78.700230] (sllidar_ros2) StdoutLine: {'line': b'-- Symlinking: /home/limitbreakers/breakers_ws/install/sllidar_ros2/share/sllidar_ros2/local_setup.zsh\n'}
[78.731711] (-) TimerEvent: {}
[78.768157] (sllidar_ros2) StdoutLine: {'line': b'-- Symlinking: /home/limitbreakers/breakers_ws/install/sllidar_ros2/share/sllidar_ros2/local_setup.dsv\n'}
[78.815577] (sllidar_ros2) StdoutLine: {'line': b'-- Symlinking: /home/limitbreakers/breakers_ws/install/sllidar_ros2/share/sllidar_ros2/package.dsv\n'}
[78.831974] (-) TimerEvent: {}
[78.867484] (sllidar_ros2) StdoutLine: {'line': b'-- Symlinking: /home/limitbreakers/breakers_ws/install/sllidar_ros2/share/ament_index/resource_index/packages/sllidar_ros2\n'}
[78.916756] (sllidar_ros2) StdoutLine: {'line': b'-- Symlinking: /home/limitbreakers/breakers_ws/install/sllidar_ros2/share/sllidar_ros2/cmake/ament_cmake_export_dependencies-extras.cmake\n'}
[78.932203] (-) TimerEvent: {}
[78.965091] (sllidar_ros2) StdoutLine: {'line': b'-- Symlinking: /home/limitbreakers/breakers_ws/install/sllidar_ros2/share/sllidar_ros2/cmake/ament_cmake_export_include_directories-extras.cmake\n'}
[79.018166] (sllidar_ros2) StdoutLine: {'line': b'-- Symlinking: /home/limitbreakers/breakers_ws/install/sllidar_ros2/share/sllidar_ros2/cmake/sllidar_ros2Config.cmake\n'}
[79.032974] (-) TimerEvent: {}
[79.060879] (sllidar_ros2) StdoutLine: {'line': b'-- Symlinking: /home/limitbreakers/breakers_ws/install/sllidar_ros2/share/sllidar_ros2/cmake/sllidar_ros2Config-version.cmake\n'}
[79.099348] (sllidar_ros2) StdoutLine: {'line': b'-- Symlinking: /home/limitbreakers/breakers_ws/install/sllidar_ros2/share/sllidar_ros2/package.xml\n'}
[79.133259] (-) TimerEvent: {}
[79.144429] (sllidar_ros2) CommandEnded: {'returncode': 0}
[79.229507] (sllidar_ros2) JobEnded: {'identifier': 'sllidar_ros2', 'rc': 0}
[79.236314] (-) TimerEvent: {}
[79.337716] (-) TimerEvent: {}
[79.438438] (-) TimerEvent: {}
[79.539179] (-) TimerEvent: {}
[79.639971] (-) TimerEvent: {}
[79.740730] (-) TimerEvent: {}
[79.841453] (-) TimerEvent: {}
[79.942175] (-) TimerEvent: {}
[79.962339] (diffdrive_arduino) StderrLine: {'line': b'In file included from \x1b[01m\x1b[K/home/limitbreakers/breakers_ws/src/diffdrive_arduino/include/diffdrive_arduino/diffdrive_arduino.h:13\x1b[m\x1b[K,\n'}
[79.963005] (diffdrive_arduino) StderrLine: {'line': b'                 from \x1b[01m\x1b[K/home/limitbreakers/breakers_ws/src/diffdrive_arduino/src/diffdrive_arduino.cpp:1\x1b[m\x1b[K:\n'}
[79.963388] (diffdrive_arduino) StderrLine: {'line': b'\x1b[01m\x1b[K/home/limitbreakers/breakers_ws/src/diffdrive_arduino/include/diffdrive_arduino/config.h:1:1:\x1b[m\x1b[K \x1b[01;31m\x1b[Kerror: \x1b[m\x1b[Kexpected unqualified-id before \xe2\x80\x98\x1b[01m\x1b[K<\x1b[m\x1b[K\xe2\x80\x99 token\n'}
[79.963729] (diffdrive_arduino) StderrLine: {'line': b'    1 | \x1b[01;31m\x1b[K<\x1b[m\x1b[K?xml version="1.0"?>\n'}
[79.964065] (diffdrive_arduino) StderrLine: {'line': b'      | \x1b[01;31m\x1b[K^\x1b[m\x1b[K\n'}
[79.986436] (diffdrive_arduino) StderrLine: {'line': b'In file included from \x1b[01m\x1b[K/home/limitbreakers/breakers_ws/src/diffdrive_arduino/src/diffdrive_arduino.cpp:1\x1b[m\x1b[K:\n'}
[79.987012] (diffdrive_arduino) StderrLine: {'line': b'\x1b[01m\x1b[K/home/limitbreakers/breakers_ws/src/diffdrive_arduino/include/diffdrive_arduino/diffdrive_arduino.h:48:3:\x1b[m\x1b[K \x1b[01;31m\x1b[Kerror: \x1b[m\x1b[K\xe2\x80\x98\x1b[01m\x1b[KConfig\x1b[m\x1b[K\xe2\x80\x99 does not name a type\n'}
[79.987431] (diffdrive_arduino) StderrLine: {'line': b'   48 |   \x1b[01;31m\x1b[KConfig\x1b[m\x1b[K cfg_;\n'}
[79.987746] (diffdrive_arduino) StderrLine: {'line': b'      |   \x1b[01;31m\x1b[K^~~~~~\x1b[m\x1b[K\n'}
[79.991570] (diffdrive_arduino) StderrLine: {'line': b'\x1b[01m\x1b[K/home/limitbreakers/breakers_ws/src/diffdrive_arduino/include/diffdrive_arduino/diffdrive_arduino.h:51:3:\x1b[m\x1b[K \x1b[01;31m\x1b[Kerror: \x1b[m\x1b[K\xe2\x80\x98\x1b[01m\x1b[KWheel\x1b[m\x1b[K\xe2\x80\x99 does not name a type\n'}
[79.992150] (diffdrive_arduino) StderrLine: {'line': b'   51 |   \x1b[01;31m\x1b[KWheel\x1b[m\x1b[K l_wheel_;\n'}
[79.992549] (diffdrive_arduino) StderrLine: {'line': b'      |   \x1b[01;31m\x1b[K^~~~~\x1b[m\x1b[K\n'}
[79.996690] (diffdrive_arduino) StderrLine: {'line': b'\x1b[01m\x1b[K/home/limitbreakers/breakers_ws/src/diffdrive_arduino/include/diffdrive_arduino/diffdrive_arduino.h:52:3:\x1b[m\x1b[K \x1b[01;31m\x1b[Kerror: \x1b[m\x1b[K\xe2\x80\x98\x1b[01m\x1b[KWheel\x1b[m\x1b[K\xe2\x80\x99 does not name a type\n'}
[79.997262] (diffdrive_arduino) StderrLine: {'line': b'   52 |   \x1b[01;31m\x1b[KWheel\x1b[m\x1b[K r_wheel_;\n'}
[79.997796] (diffdrive_arduino) StderrLine: {'line': b'      |   \x1b[01;31m\x1b[K^~~~~\x1b[m\x1b[K\n'}
[80.020830] (diffdrive_arduino) StderrLine: {'line': b'\x1b[01m\x1b[K/home/limitbreakers/breakers_ws/src/diffdrive_arduino/src/diffdrive_arduino.cpp:\x1b[m\x1b[K In member function \xe2\x80\x98\x1b[01m\x1b[Kvirtual hardware_interface::CallbackReturn diffdrive_arduino::DiffDriveArduino::on_init(const hardware_interface::HardwareInfo&)\x1b[m\x1b[K\xe2\x80\x99:\n'}
[80.021508] (diffdrive_arduino) StderrLine: {'line': b'\x1b[01m\x1b[K/home/limitbreakers/breakers_ws/src/diffdrive_arduino/src/diffdrive_arduino.cpp:28:3:\x1b[m\x1b[K \x1b[01;31m\x1b[Kerror: \x1b[m\x1b[K\xe2\x80\x98\x1b[01m\x1b[Kcfg_\x1b[m\x1b[K\xe2\x80\x99 was not declared in this scope\n'}
[80.021930] (diffdrive_arduino) StderrLine: {'line': b'   28 |   \x1b[01;31m\x1b[Kcfg_\x1b[m\x1b[K.left_wheel_name = info_.hardware_parameters["left_wheel_name"];\n'}
[80.022306] (diffdrive_arduino) StderrLine: {'line': b'      |   \x1b[01;31m\x1b[K^~~~\x1b[m\x1b[K\n'}
[80.042365] (-) TimerEvent: {}
[80.044799] (diffdrive_arduino) StderrLine: {'line': b'\x1b[01m\x1b[K/home/limitbreakers/breakers_ws/src/diffdrive_arduino/src/diffdrive_arduino.cpp:37:3:\x1b[m\x1b[K \x1b[01;31m\x1b[Kerror: \x1b[m\x1b[K\xe2\x80\x98\x1b[01m\x1b[Kl_wheel_\x1b[m\x1b[K\xe2\x80\x99 was not declared in this scope\n'}
[80.045509] (diffdrive_arduino) StderrLine: {'line': b'   37 |   \x1b[01;31m\x1b[Kl_wheel_\x1b[m\x1b[K.setup(cfg_.left_wheel_name, cfg_.enc_counts_per_rev);\n'}
[80.046037] (diffdrive_arduino) StderrLine: {'line': b'      |   \x1b[01;31m\x1b[K^~~~~~~~\x1b[m\x1b[K\n'}
[80.067003] (diffdrive_arduino) StderrLine: {'line': b'\x1b[01m\x1b[K/home/limitbreakers/breakers_ws/src/diffdrive_arduino/src/diffdrive_arduino.cpp:38:3:\x1b[m\x1b[K \x1b[01;31m\x1b[Kerror: \x1b[m\x1b[K\xe2\x80\x98\x1b[01m\x1b[Kr_wheel_\x1b[m\x1b[K\xe2\x80\x99 was not declared in this scope\n'}
[80.067549] (diffdrive_arduino) StderrLine: {'line': b'   38 |   \x1b[01;31m\x1b[Kr_wheel_\x1b[m\x1b[K.setup(cfg_.right_wheel_name, cfg_.enc_counts_per_rev);\n'}
[80.067909] (diffdrive_arduino) StderrLine: {'line': b'      |   \x1b[01;31m\x1b[K^~~~~~~~\x1b[m\x1b[K\n'}
[80.099378] (diffdrive_arduino) StderrLine: {'line': b'\x1b[01m\x1b[K/home/limitbreakers/breakers_ws/src/diffdrive_arduino/src/diffdrive_arduino.cpp:\x1b[m\x1b[K In member function \xe2\x80\x98\x1b[01m\x1b[Kvirtual std::vector<hardware_interface::StateInterface> diffdrive_arduino::DiffDriveArduino::export_state_interfaces()\x1b[m\x1b[K\xe2\x80\x99:\n'}
[80.100056] (diffdrive_arduino) StderrLine: {'line': b'\x1b[01m\x1b[K/home/limitbreakers/breakers_ws/src/diffdrive_arduino/src/diffdrive_arduino.cpp:54:68:\x1b[m\x1b[K \x1b[01;31m\x1b[Kerror: \x1b[m\x1b[K\xe2\x80\x98\x1b[01m\x1b[Kl_wheel_\x1b[m\x1b[K\xe2\x80\x99 was not declared in this scope\n'}
[80.100554] (diffdrive_arduino) StderrLine: {'line': b'   54 |   state_interfaces.emplace_back(hardware_interface::StateInterface(\x1b[01;31m\x1b[Kl_wheel_\x1b[m\x1b[K.name, hardware_interface::HW_IF_VELOCITY, &l_wheel_.vel));\n'}
[80.100947] (diffdrive_arduino) StderrLine: {'line': b'      |                                                                    \x1b[01;31m\x1b[K^~~~~~~~\x1b[m\x1b[K\n'}
[80.121597] (diffdrive_arduino) StderrLine: {'line': b'\x1b[01m\x1b[K/home/limitbreakers/breakers_ws/src/diffdrive_arduino/src/diffdrive_arduino.cpp:56:68:\x1b[m\x1b[K \x1b[01;31m\x1b[Kerror: \x1b[m\x1b[K\xe2\x80\x98\x1b[01m\x1b[Kr_wheel_\x1b[m\x1b[K\xe2\x80\x99 was not declared in this scope\n'}
[80.122142] (diffdrive_arduino) StderrLine: {'line': b'   56 |   state_interfaces.emplace_back(hardware_interface::StateInterface(\x1b[01;31m\x1b[Kr_wheel_\x1b[m\x1b[K.name, hardware_interface::HW_IF_VELOCITY, &r_wheel_.vel));\n'}
[80.122502] (diffdrive_arduino) StderrLine: {'line': b'      |                                                                    \x1b[01;31m\x1b[K^~~~~~~~\x1b[m\x1b[K\n'}
[80.142544] (-) TimerEvent: {}
[80.154084] (diffdrive_arduino) StderrLine: {'line': b'\x1b[01m\x1b[K/home/limitbreakers/breakers_ws/src/diffdrive_arduino/src/diffdrive_arduino.cpp:\x1b[m\x1b[K In member function \xe2\x80\x98\x1b[01m\x1b[Kvirtual std::vector<hardware_interface::CommandInterface> diffdrive_arduino::DiffDriveArduino::export_command_interfaces()\x1b[m\x1b[K\xe2\x80\x99:\n'}
[80.154776] (diffdrive_arduino) StderrLine: {'line': b'\x1b[01m\x1b[K/home/limitbreakers/breakers_ws/src/diffdrive_arduino/src/diffdrive_arduino.cpp:68:72:\x1b[m\x1b[K \x1b[01;31m\x1b[Kerror: \x1b[m\x1b[K\xe2\x80\x98\x1b[01m\x1b[Kl_wheel_\x1b[m\x1b[K\xe2\x80\x99 was not declared in this scope\n'}
[80.155299] (diffdrive_arduino) StderrLine: {'line': b'   68 |   command_interfaces.emplace_back(hardware_interface::CommandInterface(\x1b[01;31m\x1b[Kl_wheel_\x1b[m\x1b[K.name, hardware_interface::HW_IF_VELOCITY, &l_wheel_.cmd));\n'}
[80.155733] (diffdrive_arduino) StderrLine: {'line': b'      |                                                                        \x1b[01;31m\x1b[K^~~~~~~~\x1b[m\x1b[K\n'}
[80.175814] (diffdrive_arduino) StderrLine: {'line': b'\x1b[01m\x1b[K/home/limitbreakers/breakers_ws/src/diffdrive_arduino/src/diffdrive_arduino.cpp:69:72:\x1b[m\x1b[K \x1b[01;31m\x1b[Kerror: \x1b[m\x1b[K\xe2\x80\x98\x1b[01m\x1b[Kr_wheel_\x1b[m\x1b[K\xe2\x80\x99 was not declared in this scope\n'}
[80.176352] (diffdrive_arduino) StderrLine: {'line': b'   69 |   command_interfaces.emplace_back(hardware_interface::CommandInterface(\x1b[01;31m\x1b[Kr_wheel_\x1b[m\x1b[K.name, hardware_interface::HW_IF_VELOCITY, &r_wheel_.cmd));\n'}
[80.176784] (diffdrive_arduino) StderrLine: {'line': b'      |                                                                        \x1b[01;31m\x1b[K^~~~~~~~\x1b[m\x1b[K\n'}
[80.203823] (diffdrive_arduino) StderrLine: {'line': b'\x1b[01m\x1b[K/home/limitbreakers/breakers_ws/src/diffdrive_arduino/src/diffdrive_arduino.cpp:\x1b[m\x1b[K In member function \xe2\x80\x98\x1b[01m\x1b[Kvirtual hardware_interface::return_type diffdrive_arduino::DiffDriveArduino::read(const rclcpp::Time&, const rclcpp::Duration&)\x1b[m\x1b[K\xe2\x80\x99:\n'}
[80.204473] (diffdrive_arduino) StderrLine: {'line': b'\x1b[01m\x1b[K/home/limitbreakers/breakers_ws/src/diffdrive_arduino/src/diffdrive_arduino.cpp:110:30:\x1b[m\x1b[K \x1b[01;31m\x1b[Kerror: \x1b[m\x1b[K\xe2\x80\x98\x1b[01m\x1b[Kl_wheel_\x1b[m\x1b[K\xe2\x80\x99 was not declared in this scope\n'}
[80.204913] (diffdrive_arduino) StderrLine: {'line': b'  110 |   arduino_.readEncoderValues(\x1b[01;31m\x1b[Kl_wheel_\x1b[m\x1b[K.enc, r_wheel_.enc);\n'}
[80.205285] (diffdrive_arduino) StderrLine: {'line': b'      |                              \x1b[01;31m\x1b[K^~~~~~~~\x1b[m\x1b[K\n'}
[80.225627] (diffdrive_arduino) StderrLine: {'line': b'\x1b[01m\x1b[K/home/limitbreakers/breakers_ws/src/diffdrive_arduino/src/diffdrive_arduino.cpp:110:44:\x1b[m\x1b[K \x1b[01;31m\x1b[Kerror: \x1b[m\x1b[K\xe2\x80\x98\x1b[01m\x1b[Kr_wheel_\x1b[m\x1b[K\xe2\x80\x99 was not declared in this scope\n'}
[80.226346] (diffdrive_arduino) StderrLine: {'line': b'  110 |   arduino_.readEncoderValues(l_wheel_.enc, \x1b[01;31m\x1b[Kr_wheel_\x1b[m\x1b[K.enc);\n'}
[80.226866] (diffdrive_arduino) StderrLine: {'line': b'      |                                            \x1b[01;31m\x1b[K^~~~~~~~\x1b[m\x1b[K\n'}
[80.242743] (-) TimerEvent: {}
[80.248422] (diffdrive_arduino) StderrLine: {'line': b'\x1b[01m\x1b[K/home/limitbreakers/breakers_ws/src/diffdrive_arduino/src/diffdrive_arduino.cpp:\x1b[m\x1b[K In member function \xe2\x80\x98\x1b[01m\x1b[Kvirtual hardware_interface::return_type diffdrive_arduino::DiffDriveArduino::write(const rclcpp::Time&, const rclcpp::Duration&)\x1b[m\x1b[K\xe2\x80\x99:\n'}
[80.249212] (diffdrive_arduino) StderrLine: {'line': b'\x1b[01m\x1b[K/home/limitbreakers/breakers_ws/src/diffdrive_arduino/src/diffdrive_arduino.cpp:135:27:\x1b[m\x1b[K \x1b[01;31m\x1b[Kerror: \x1b[m\x1b[K\xe2\x80\x98\x1b[01m\x1b[Kl_wheel_\x1b[m\x1b[K\xe2\x80\x99 was not declared in this scope\n'}
[80.249932] (diffdrive_arduino) StderrLine: {'line': b'  135 |   arduino_.setMotorValues(\x1b[01;31m\x1b[Kl_wheel_\x1b[m\x1b[K.cmd / l_wheel_.rads_per_count / cfg_.loop_rate, r_wheel_.cmd / r_wheel_.rads_per_count / cfg_.loop_rate);\n'}
[80.250661] (diffdrive_arduino) StderrLine: {'line': b'      |                           \x1b[01;31m\x1b[K^~~~~~~~\x1b[m\x1b[K\n'}
[80.267757] (diffdrive_arduino) StderrLine: {'line': b'\x1b[01m\x1b[K/home/limitbreakers/breakers_ws/src/diffdrive_arduino/src/diffdrive_arduino.cpp:135:68:\x1b[m\x1b[K \x1b[01;31m\x1b[Kerror: \x1b[m\x1b[K\xe2\x80\x98\x1b[01m\x1b[Kcfg_\x1b[m\x1b[K\xe2\x80\x99 was not declared in this scope\n'}
[80.268400] (diffdrive_arduino) StderrLine: {'line': b'  135 |   arduino_.setMotorValues(l_wheel_.cmd / l_wheel_.rads_per_count / \x1b[01;31m\x1b[Kcfg_\x1b[m\x1b[K.loop_rate, r_wheel_.cmd / r_wheel_.rads_per_count / cfg_.loop_rate);\n'}
[80.268879] (diffdrive_arduino) StderrLine: {'line': b'      |                                                                    \x1b[01;31m\x1b[K^~~~\x1b[m\x1b[K\n'}
[80.289584] (diffdrive_arduino) StderrLine: {'line': b'\x1b[01m\x1b[K/home/limitbreakers/breakers_ws/src/diffdrive_arduino/src/diffdrive_arduino.cpp:135:84:\x1b[m\x1b[K \x1b[01;31m\x1b[Kerror: \x1b[m\x1b[K\xe2\x80\x98\x1b[01m\x1b[Kr_wheel_\x1b[m\x1b[K\xe2\x80\x99 was not declared in this scope\n'}
[80.290093] (diffdrive_arduino) StderrLine: {'line': b'  135 |   arduino_.setMotorValues(l_wheel_.cmd / l_wheel_.rads_per_count / cfg_.loop_rate, \x1b[01;31m\x1b[Kr_wheel_\x1b[m\x1b[K.cmd / r_wheel_.rads_per_count / cfg_.loop_rate);\n'}
[80.290495] (diffdrive_arduino) StderrLine: {'line': b'      |                                                                                    \x1b[01;31m\x1b[K^~~~~~~~\x1b[m\x1b[K\n'}
[80.342932] (-) TimerEvent: {}
[80.443668] (-) TimerEvent: {}
[80.544461] (-) TimerEvent: {}
[80.645188] (-) TimerEvent: {}
[80.745954] (-) TimerEvent: {}
[80.846707] (-) TimerEvent: {}
[80.947450] (-) TimerEvent: {}
[81.048200] (-) TimerEvent: {}
[81.148929] (-) TimerEvent: {}
[81.249859] (-) TimerEvent: {}
[81.350599] (-) TimerEvent: {}
[81.451329] (-) TimerEvent: {}
[81.552062] (-) TimerEvent: {}
[81.652795] (-) TimerEvent: {}
[81.753553] (-) TimerEvent: {}
[81.854298] (-) TimerEvent: {}
[81.955045] (-) TimerEvent: {}
[82.055779] (-) TimerEvent: {}
[82.156478] (-) TimerEvent: {}
[82.243836] (diffdrive_arduino) StderrLine: {'line': b'gmake[2]: *** [CMakeFiles/diffdrive_arduino.dir/build.make:76: CMakeFiles/diffdrive_arduino.dir/src/diffdrive_arduino.cpp.o] Error 1\n'}
[82.244596] (diffdrive_arduino) StderrLine: {'line': b'gmake[1]: *** [CMakeFiles/Makefile2:139: CMakeFiles/diffdrive_arduino.dir/all] Error 2\n'}
[82.245455] (diffdrive_arduino) StderrLine: {'line': b'gmake: *** [Makefile:146: all] Error 2\n'}
[82.251868] (diffdrive_arduino) CommandEnded: {'returncode': 2}
[82.256769] (-) TimerEvent: {}
[82.274495] (diffdrive_arduino) JobEnded: {'identifier': 'diffdrive_arduino', 'rc': 2}
[82.286318] (-) EventReactorShutdown: {}
