[0.000000] (-) TimerEvent: {}
[0.000149] (articubot_one) JobQueued: {'identifier': 'articubot_one', 'dependencies': OrderedDict()}
[0.000202] (diffdrive_arduino) JobQueued: {'identifier': 'diffdrive_arduino', 'dependencies': OrderedDict()}
[0.000240] (dojo) JobQueued: {'identifier': 'dojo', 'dependencies': OrderedDict()}
[0.000274] (joy_tester) JobQueued: {'identifier': 'joy_tester', 'dependencies': OrderedDict()}
[0.000305] (rdj2025_potato_disease_detection) JobQueued: {'identifier': 'rdj2025_potato_disease_detection', 'dependencies': OrderedDict()}
[0.000336] (sllidar_ros2) JobQueued: {'identifier': 'sllidar_ros2', 'dependencies': OrderedDict()}
[0.000865] (articubot_one) JobStarted: {'identifier': 'articubot_one'}
[0.100085] (-) TimerEvent: {}
[0.100753] (diffdrive_arduino) JobStarted: {'identifier': 'diffdrive_arduino'}
[0.105867] (dojo) JobStarted: {'identifier': 'dojo'}
[0.110570] (joy_tester) JobStarted: {'identifier': 'joy_tester'}
[0.141365] (articubot_one) JobProgress: {'identifier': 'articubot_one', 'progress': 'cmake'}
[0.182115] (articubot_one) JobProgress: {'identifier': 'articubot_one', 'progress': 'build'}
[0.182936] (articubot_one) Command: {'cmd': ['/usr/bin/cmake', '--build', '/home/nathan/ros2_ws/build/articubot_one', '--', '-j4', '-l4'], 'cwd': '/home/nathan/ros2_ws/build/articubot_one', 'env': OrderedDict([('LESSOPEN', '| /usr/bin/lesspipe %s'), ('USER', 'nathan'), ('LC_TIME', 'sw_KE'), ('XDG_SESSION_TYPE', 'wayland'), ('SHLVL', '1'), ('LD_LIBRARY_PATH', '/home/nathan/ros2_ws/install/diffdrive_arduino/lib:/usr/lib/x86_64-linux-gnu/gazebo-11/plugins:/opt/ros/humble/opt/rviz_ogre_vendor/lib:/opt/ros/humble/lib/x86_64-linux-gnu:/opt/ros/humble/lib'), ('HOME', '/home/nathan'), ('OLDPWD', '/home/nathan'), ('DESKTOP_SESSION', 'ubuntu'), ('ROS_PYTHON_VERSION', '3'), ('GNOME_SHELL_SESSION_MODE', 'ubuntu'), ('GTK_MODULES', 'gail:atk-bridge'), ('LC_MONETARY', 'sw_KE'), ('SYSTEMD_EXEC_PID', '1584'), ('DBUS_SESSION_BUS_ADDRESS', 'unix:path=/run/user/1000/bus'), ('COLORTERM', 'truecolor'), ('IM_CONFIG_PHASE', '1'), ('WAYLAND_DISPLAY', 'wayland-0'), ('COLCON_PREFIX_PATH', '/home/nathan/ros2_ws/install'), ('ROS_DISTRO', 'humble'), ('LOGNAME', 'nathan'), ('_', '/usr/bin/colcon'), ('ROS_VERSION', '2'), ('XDG_SESSION_CLASS', 'user'), ('USERNAME', 'nathan'), ('TERM', 'xterm-256color'), ('GNOME_DESKTOP_SESSION_ID', 'this-is-deprecated'), ('ROS_LOCALHOST_ONLY', '0'), ('PATH', '/opt/ros/humble/bin:/home/nathan/.local/bin:/usr/local/sbin:/usr/local/bin:/usr/sbin:/usr/bin:/sbin:/bin:/usr/games:/usr/local/games:/snap/bin:/snap/bin'), ('SESSION_MANAGER', 'local/nathan:@/tmp/.ICE-unix/1556,unix/nathan:/tmp/.ICE-unix/1556'), ('XDG_MENU_PREFIX', 'gnome-'), ('LC_ADDRESS', 'sw_KE'), ('GNOME_TERMINAL_SCREEN', '/org/gnome/Terminal/screen/82718a6d_e3c1_4342_ab85_cc6ec652b17e'), ('GNOME_SETUP_DISPLAY', ':1'), ('XDG_RUNTIME_DIR', '/run/user/1000'), ('DISPLAY', ':0'), ('LANG', 'en_US.UTF-8'), ('XDG_CURRENT_DESKTOP', 'ubuntu:GNOME'), ('LC_TELEPHONE', 'sw_KE'), ('XMODIFIERS', '@im=ibus'), ('XDG_SESSION_DESKTOP', 'ubuntu'), ('XAUTHORITY', '/run/user/1000/.mutter-Xwaylandauth.EPJUD3'), ('LS_COLORS', 'rs=0:di=01;34:ln=01;36:mh=00:pi=40;33:so=01;35:do=01;35:bd=40;33;01:cd=40;33;01:or=40;31;01:mi=00:su=37;41:sg=30;43:ca=30;41:tw=30;42:ow=34;42:st=37;44:ex=01;32:*.tar=01;31:*.tgz=01;31:*.arc=01;31:*.arj=01;31:*.taz=01;31:*.lha=01;31:*.lz4=01;31:*.lzh=01;31:*.lzma=01;31:*.tlz=01;31:*.txz=01;31:*.tzo=01;31:*.t7z=01;31:*.zip=01;31:*.z=01;31:*.dz=01;31:*.gz=01;31:*.lrz=01;31:*.lz=01;31:*.lzo=01;31:*.xz=01;31:*.zst=01;31:*.tzst=01;31:*.bz2=01;31:*.bz=01;31:*.tbz=01;31:*.tbz2=01;31:*.tz=01;31:*.deb=01;31:*.rpm=01;31:*.jar=01;31:*.war=01;31:*.ear=01;31:*.sar=01;31:*.rar=01;31:*.alz=01;31:*.ace=01;31:*.zoo=01;31:*.cpio=01;31:*.7z=01;31:*.rz=01;31:*.cab=01;31:*.wim=01;31:*.swm=01;31:*.dwm=01;31:*.esd=01;31:*.jpg=01;35:*.jpeg=01;35:*.mjpg=01;35:*.mjpeg=01;35:*.gif=01;35:*.bmp=01;35:*.pbm=01;35:*.pgm=01;35:*.ppm=01;35:*.tga=01;35:*.xbm=01;35:*.xpm=01;35:*.tif=01;35:*.tiff=01;35:*.png=01;35:*.svg=01;35:*.svgz=01;35:*.mng=01;35:*.pcx=01;35:*.mov=01;35:*.mpg=01;35:*.mpeg=01;35:*.m2v=01;35:*.mkv=01;35:*.webm=01;35:*.webp=01;35:*.ogm=01;35:*.mp4=01;35:*.m4v=01;35:*.mp4v=01;35:*.vob=01;35:*.qt=01;35:*.nuv=01;35:*.wmv=01;35:*.asf=01;35:*.rm=01;35:*.rmvb=01;35:*.flc=01;35:*.avi=01;35:*.fli=01;35:*.flv=01;35:*.gl=01;35:*.dl=01;35:*.xcf=01;35:*.xwd=01;35:*.yuv=01;35:*.cgm=01;35:*.emf=01;35:*.ogv=01;35:*.ogx=01;35:*.aac=00;36:*.au=00;36:*.flac=00;36:*.m4a=00;36:*.mid=00;36:*.midi=00;36:*.mka=00;36:*.mp3=00;36:*.mpc=00;36:*.ogg=00;36:*.ra=00;36:*.wav=00;36:*.oga=00;36:*.opus=00;36:*.spx=00;36:*.xspf=00;36:'), ('GNOME_TERMINAL_SERVICE', ':1.126'), ('SSH_AGENT_LAUNCHER', 'gnome-keyring'), ('SSH_AUTH_SOCK', '/run/user/1000/keyring/ssh'), ('AMENT_PREFIX_PATH', '/home/nathan/ros2_ws/install/sllidar_ros2:/home/nathan/ros2_ws/install/rdj2025_potato_disease_detection:/home/nathan/ros2_ws/install/joy_tester:/home/nathan/ros2_ws/install/dojo:/home/nathan/ros2_ws/install/diffdrive_arduino:/home/nathan/ros2_ws/install/articubot_one:/opt/ros/humble'), ('SHELL', '/bin/bash'), ('LC_NAME', 'sw_KE'), ('QT_ACCESSIBILITY', '1'), ('GDMSESSION', 'ubuntu'), ('LESSCLOSE', '/usr/bin/lesspipe %s %s'), ('LC_MEASUREMENT', 'sw_KE'), ('LC_IDENTIFICATION', 'sw_KE'), ('QT_IM_MODULE', 'ibus'), ('PWD', '/home/nathan/ros2_ws/build/articubot_one'), ('XDG_CONFIG_DIRS', '/etc/xdg/xdg-ubuntu:/etc/xdg'), ('XDG_DATA_DIRS', '/usr/share/ubuntu:/usr/local/share/:/usr/share/:/var/lib/snapd/desktop'), ('PYTHONPATH', '/home/nathan/ros2_ws/install/rdj2025_potato_disease_detection/lib/python3.10/site-packages:/home/nathan/ros2_ws/install/joy_tester/lib/python3.10/site-packages:/opt/ros/humble/lib/python3.10/site-packages:/opt/ros/humble/local/lib/python3.10/dist-packages'), ('LC_NUMERIC', 'sw_KE'), ('LC_PAPER', 'sw_KE'), ('COLCON', '1'), ('VTE_VERSION', '6800'), ('CMAKE_PREFIX_PATH', '/home/nathan/ros2_ws/install/sllidar_ros2:/home/nathan/ros2_ws/install/dojo:/home/nathan/ros2_ws/install/diffdrive_arduino:/home/nathan/ros2_ws/install/articubot_one:/home/nathan/ros2_ws/install/rdj2025_potato_disease_detection:/home/nathan/ros2_ws/install/joy_tester:/opt/ros/humble')]), 'shell': False}
[0.201261] (-) TimerEvent: {}
[0.201576] (diffdrive_arduino) JobProgress: {'identifier': 'diffdrive_arduino', 'progress': 'cmake'}
[0.248532] (diffdrive_arduino) JobProgress: {'identifier': 'diffdrive_arduino', 'progress': 'build'}
[0.249303] (diffdrive_arduino) Command: {'cmd': ['/usr/bin/cmake', '--build', '/home/nathan/ros2_ws/build/diffdrive_arduino', '--', '-j4', '-l4'], 'cwd': '/home/nathan/ros2_ws/build/diffdrive_arduino', 'env': OrderedDict([('LESSOPEN', '| /usr/bin/lesspipe %s'), ('USER', 'nathan'), ('LC_TIME', 'sw_KE'), ('XDG_SESSION_TYPE', 'wayland'), ('SHLVL', '1'), ('LD_LIBRARY_PATH', '/home/nathan/ros2_ws/install/diffdrive_arduino/lib:/usr/lib/x86_64-linux-gnu/gazebo-11/plugins:/opt/ros/humble/opt/rviz_ogre_vendor/lib:/opt/ros/humble/lib/x86_64-linux-gnu:/opt/ros/humble/lib'), ('HOME', '/home/nathan'), ('OLDPWD', '/home/nathan'), ('DESKTOP_SESSION', 'ubuntu'), ('ROS_PYTHON_VERSION', '3'), ('GNOME_SHELL_SESSION_MODE', 'ubuntu'), ('GTK_MODULES', 'gail:atk-bridge'), ('LC_MONETARY', 'sw_KE'), ('SYSTEMD_EXEC_PID', '1584'), ('DBUS_SESSION_BUS_ADDRESS', 'unix:path=/run/user/1000/bus'), ('COLORTERM', 'truecolor'), ('IM_CONFIG_PHASE', '1'), ('WAYLAND_DISPLAY', 'wayland-0'), ('COLCON_PREFIX_PATH', '/home/nathan/ros2_ws/install'), ('ROS_DISTRO', 'humble'), ('LOGNAME', 'nathan'), ('_', '/usr/bin/colcon'), ('ROS_VERSION', '2'), ('XDG_SESSION_CLASS', 'user'), ('USERNAME', 'nathan'), ('TERM', 'xterm-256color'), ('GNOME_DESKTOP_SESSION_ID', 'this-is-deprecated'), ('ROS_LOCALHOST_ONLY', '0'), ('PATH', '/opt/ros/humble/bin:/home/nathan/.local/bin:/usr/local/sbin:/usr/local/bin:/usr/sbin:/usr/bin:/sbin:/bin:/usr/games:/usr/local/games:/snap/bin:/snap/bin'), ('SESSION_MANAGER', 'local/nathan:@/tmp/.ICE-unix/1556,unix/nathan:/tmp/.ICE-unix/1556'), ('XDG_MENU_PREFIX', 'gnome-'), ('LC_ADDRESS', 'sw_KE'), ('GNOME_TERMINAL_SCREEN', '/org/gnome/Terminal/screen/82718a6d_e3c1_4342_ab85_cc6ec652b17e'), ('GNOME_SETUP_DISPLAY', ':1'), ('XDG_RUNTIME_DIR', '/run/user/1000'), ('DISPLAY', ':0'), ('LANG', 'en_US.UTF-8'), ('XDG_CURRENT_DESKTOP', 'ubuntu:GNOME'), ('LC_TELEPHONE', 'sw_KE'), ('XMODIFIERS', '@im=ibus'), ('XDG_SESSION_DESKTOP', 'ubuntu'), ('XAUTHORITY', '/run/user/1000/.mutter-Xwaylandauth.EPJUD3'), ('LS_COLORS', 'rs=0:di=01;34:ln=01;36:mh=00:pi=40;33:so=01;35:do=01;35:bd=40;33;01:cd=40;33;01:or=40;31;01:mi=00:su=37;41:sg=30;43:ca=30;41:tw=30;42:ow=34;42:st=37;44:ex=01;32:*.tar=01;31:*.tgz=01;31:*.arc=01;31:*.arj=01;31:*.taz=01;31:*.lha=01;31:*.lz4=01;31:*.lzh=01;31:*.lzma=01;31:*.tlz=01;31:*.txz=01;31:*.tzo=01;31:*.t7z=01;31:*.zip=01;31:*.z=01;31:*.dz=01;31:*.gz=01;31:*.lrz=01;31:*.lz=01;31:*.lzo=01;31:*.xz=01;31:*.zst=01;31:*.tzst=01;31:*.bz2=01;31:*.bz=01;31:*.tbz=01;31:*.tbz2=01;31:*.tz=01;31:*.deb=01;31:*.rpm=01;31:*.jar=01;31:*.war=01;31:*.ear=01;31:*.sar=01;31:*.rar=01;31:*.alz=01;31:*.ace=01;31:*.zoo=01;31:*.cpio=01;31:*.7z=01;31:*.rz=01;31:*.cab=01;31:*.wim=01;31:*.swm=01;31:*.dwm=01;31:*.esd=01;31:*.jpg=01;35:*.jpeg=01;35:*.mjpg=01;35:*.mjpeg=01;35:*.gif=01;35:*.bmp=01;35:*.pbm=01;35:*.pgm=01;35:*.ppm=01;35:*.tga=01;35:*.xbm=01;35:*.xpm=01;35:*.tif=01;35:*.tiff=01;35:*.png=01;35:*.svg=01;35:*.svgz=01;35:*.mng=01;35:*.pcx=01;35:*.mov=01;35:*.mpg=01;35:*.mpeg=01;35:*.m2v=01;35:*.mkv=01;35:*.webm=01;35:*.webp=01;35:*.ogm=01;35:*.mp4=01;35:*.m4v=01;35:*.mp4v=01;35:*.vob=01;35:*.qt=01;35:*.nuv=01;35:*.wmv=01;35:*.asf=01;35:*.rm=01;35:*.rmvb=01;35:*.flc=01;35:*.avi=01;35:*.fli=01;35:*.flv=01;35:*.gl=01;35:*.dl=01;35:*.xcf=01;35:*.xwd=01;35:*.yuv=01;35:*.cgm=01;35:*.emf=01;35:*.ogv=01;35:*.ogx=01;35:*.aac=00;36:*.au=00;36:*.flac=00;36:*.m4a=00;36:*.mid=00;36:*.midi=00;36:*.mka=00;36:*.mp3=00;36:*.mpc=00;36:*.ogg=00;36:*.ra=00;36:*.wav=00;36:*.oga=00;36:*.opus=00;36:*.spx=00;36:*.xspf=00;36:'), ('GNOME_TERMINAL_SERVICE', ':1.126'), ('SSH_AGENT_LAUNCHER', 'gnome-keyring'), ('SSH_AUTH_SOCK', '/run/user/1000/keyring/ssh'), ('AMENT_PREFIX_PATH', '/home/nathan/ros2_ws/install/sllidar_ros2:/home/nathan/ros2_ws/install/rdj2025_potato_disease_detection:/home/nathan/ros2_ws/install/joy_tester:/home/nathan/ros2_ws/install/dojo:/home/nathan/ros2_ws/install/diffdrive_arduino:/home/nathan/ros2_ws/install/articubot_one:/opt/ros/humble'), ('SHELL', '/bin/bash'), ('LC_NAME', 'sw_KE'), ('QT_ACCESSIBILITY', '1'), ('GDMSESSION', 'ubuntu'), ('LESSCLOSE', '/usr/bin/lesspipe %s %s'), ('LC_MEASUREMENT', 'sw_KE'), ('LC_IDENTIFICATION', 'sw_KE'), ('QT_IM_MODULE', 'ibus'), ('PWD', '/home/nathan/ros2_ws/build/diffdrive_arduino'), ('XDG_CONFIG_DIRS', '/etc/xdg/xdg-ubuntu:/etc/xdg'), ('XDG_DATA_DIRS', '/usr/share/ubuntu:/usr/local/share/:/usr/share/:/var/lib/snapd/desktop'), ('PYTHONPATH', '/home/nathan/ros2_ws/install/rdj2025_potato_disease_detection/lib/python3.10/site-packages:/home/nathan/ros2_ws/install/joy_tester/lib/python3.10/site-packages:/opt/ros/humble/lib/python3.10/site-packages:/opt/ros/humble/local/lib/python3.10/dist-packages'), ('LC_NUMERIC', 'sw_KE'), ('LC_PAPER', 'sw_KE'), ('COLCON', '1'), ('VTE_VERSION', '6800'), ('CMAKE_PREFIX_PATH', '/home/nathan/ros2_ws/install/sllidar_ros2:/home/nathan/ros2_ws/install/dojo:/home/nathan/ros2_ws/install/diffdrive_arduino:/home/nathan/ros2_ws/install/articubot_one:/home/nathan/ros2_ws/install/rdj2025_potato_disease_detection:/home/nathan/ros2_ws/install/joy_tester:/opt/ros/humble')]), 'shell': False}
[0.252551] (dojo) JobProgress: {'identifier': 'dojo', 'progress': 'cmake'}
[0.283584] (dojo) JobProgress: {'identifier': 'dojo', 'progress': 'build'}
[0.284776] (dojo) Command: {'cmd': ['/usr/bin/cmake', '--build', '/home/nathan/ros2_ws/build/dojo', '--', '-j4', '-l4'], 'cwd': '/home/nathan/ros2_ws/build/dojo', 'env': OrderedDict([('LESSOPEN', '| /usr/bin/lesspipe %s'), ('USER', 'nathan'), ('LC_TIME', 'sw_KE'), ('XDG_SESSION_TYPE', 'wayland'), ('SHLVL', '1'), ('LD_LIBRARY_PATH', '/home/nathan/ros2_ws/install/diffdrive_arduino/lib:/usr/lib/x86_64-linux-gnu/gazebo-11/plugins:/opt/ros/humble/opt/rviz_ogre_vendor/lib:/opt/ros/humble/lib/x86_64-linux-gnu:/opt/ros/humble/lib'), ('HOME', '/home/nathan'), ('OLDPWD', '/home/nathan'), ('DESKTOP_SESSION', 'ubuntu'), ('ROS_PYTHON_VERSION', '3'), ('GNOME_SHELL_SESSION_MODE', 'ubuntu'), ('GTK_MODULES', 'gail:atk-bridge'), ('LC_MONETARY', 'sw_KE'), ('SYSTEMD_EXEC_PID', '1584'), ('DBUS_SESSION_BUS_ADDRESS', 'unix:path=/run/user/1000/bus'), ('COLORTERM', 'truecolor'), ('IM_CONFIG_PHASE', '1'), ('WAYLAND_DISPLAY', 'wayland-0'), ('COLCON_PREFIX_PATH', '/home/nathan/ros2_ws/install'), ('ROS_DISTRO', 'humble'), ('LOGNAME', 'nathan'), ('_', '/usr/bin/colcon'), ('ROS_VERSION', '2'), ('XDG_SESSION_CLASS', 'user'), ('USERNAME', 'nathan'), ('TERM', 'xterm-256color'), ('GNOME_DESKTOP_SESSION_ID', 'this-is-deprecated'), ('ROS_LOCALHOST_ONLY', '0'), ('PATH', '/opt/ros/humble/bin:/home/nathan/.local/bin:/usr/local/sbin:/usr/local/bin:/usr/sbin:/usr/bin:/sbin:/bin:/usr/games:/usr/local/games:/snap/bin:/snap/bin'), ('SESSION_MANAGER', 'local/nathan:@/tmp/.ICE-unix/1556,unix/nathan:/tmp/.ICE-unix/1556'), ('XDG_MENU_PREFIX', 'gnome-'), ('LC_ADDRESS', 'sw_KE'), ('GNOME_TERMINAL_SCREEN', '/org/gnome/Terminal/screen/82718a6d_e3c1_4342_ab85_cc6ec652b17e'), ('GNOME_SETUP_DISPLAY', ':1'), ('XDG_RUNTIME_DIR', '/run/user/1000'), ('DISPLAY', ':0'), ('LANG', 'en_US.UTF-8'), ('XDG_CURRENT_DESKTOP', 'ubuntu:GNOME'), ('LC_TELEPHONE', 'sw_KE'), ('XMODIFIERS', '@im=ibus'), ('XDG_SESSION_DESKTOP', 'ubuntu'), ('XAUTHORITY', '/run/user/1000/.mutter-Xwaylandauth.EPJUD3'), ('LS_COLORS', 'rs=0:di=01;34:ln=01;36:mh=00:pi=40;33:so=01;35:do=01;35:bd=40;33;01:cd=40;33;01:or=40;31;01:mi=00:su=37;41:sg=30;43:ca=30;41:tw=30;42:ow=34;42:st=37;44:ex=01;32:*.tar=01;31:*.tgz=01;31:*.arc=01;31:*.arj=01;31:*.taz=01;31:*.lha=01;31:*.lz4=01;31:*.lzh=01;31:*.lzma=01;31:*.tlz=01;31:*.txz=01;31:*.tzo=01;31:*.t7z=01;31:*.zip=01;31:*.z=01;31:*.dz=01;31:*.gz=01;31:*.lrz=01;31:*.lz=01;31:*.lzo=01;31:*.xz=01;31:*.zst=01;31:*.tzst=01;31:*.bz2=01;31:*.bz=01;31:*.tbz=01;31:*.tbz2=01;31:*.tz=01;31:*.deb=01;31:*.rpm=01;31:*.jar=01;31:*.war=01;31:*.ear=01;31:*.sar=01;31:*.rar=01;31:*.alz=01;31:*.ace=01;31:*.zoo=01;31:*.cpio=01;31:*.7z=01;31:*.rz=01;31:*.cab=01;31:*.wim=01;31:*.swm=01;31:*.dwm=01;31:*.esd=01;31:*.jpg=01;35:*.jpeg=01;35:*.mjpg=01;35:*.mjpeg=01;35:*.gif=01;35:*.bmp=01;35:*.pbm=01;35:*.pgm=01;35:*.ppm=01;35:*.tga=01;35:*.xbm=01;35:*.xpm=01;35:*.tif=01;35:*.tiff=01;35:*.png=01;35:*.svg=01;35:*.svgz=01;35:*.mng=01;35:*.pcx=01;35:*.mov=01;35:*.mpg=01;35:*.mpeg=01;35:*.m2v=01;35:*.mkv=01;35:*.webm=01;35:*.webp=01;35:*.ogm=01;35:*.mp4=01;35:*.m4v=01;35:*.mp4v=01;35:*.vob=01;35:*.qt=01;35:*.nuv=01;35:*.wmv=01;35:*.asf=01;35:*.rm=01;35:*.rmvb=01;35:*.flc=01;35:*.avi=01;35:*.fli=01;35:*.flv=01;35:*.gl=01;35:*.dl=01;35:*.xcf=01;35:*.xwd=01;35:*.yuv=01;35:*.cgm=01;35:*.emf=01;35:*.ogv=01;35:*.ogx=01;35:*.aac=00;36:*.au=00;36:*.flac=00;36:*.m4a=00;36:*.mid=00;36:*.midi=00;36:*.mka=00;36:*.mp3=00;36:*.mpc=00;36:*.ogg=00;36:*.ra=00;36:*.wav=00;36:*.oga=00;36:*.opus=00;36:*.spx=00;36:*.xspf=00;36:'), ('GNOME_TERMINAL_SERVICE', ':1.126'), ('SSH_AGENT_LAUNCHER', 'gnome-keyring'), ('SSH_AUTH_SOCK', '/run/user/1000/keyring/ssh'), ('AMENT_PREFIX_PATH', '/home/nathan/ros2_ws/install/sllidar_ros2:/home/nathan/ros2_ws/install/rdj2025_potato_disease_detection:/home/nathan/ros2_ws/install/joy_tester:/home/nathan/ros2_ws/install/dojo:/home/nathan/ros2_ws/install/diffdrive_arduino:/home/nathan/ros2_ws/install/articubot_one:/opt/ros/humble'), ('SHELL', '/bin/bash'), ('LC_NAME', 'sw_KE'), ('QT_ACCESSIBILITY', '1'), ('GDMSESSION', 'ubuntu'), ('LESSCLOSE', '/usr/bin/lesspipe %s %s'), ('LC_MEASUREMENT', 'sw_KE'), ('LC_IDENTIFICATION', 'sw_KE'), ('QT_IM_MODULE', 'ibus'), ('PWD', '/home/nathan/ros2_ws/build/dojo'), ('XDG_CONFIG_DIRS', '/etc/xdg/xdg-ubuntu:/etc/xdg'), ('XDG_DATA_DIRS', '/usr/share/ubuntu:/usr/local/share/:/usr/share/:/var/lib/snapd/desktop'), ('PYTHONPATH', '/home/nathan/ros2_ws/install/rdj2025_potato_disease_detection/lib/python3.10/site-packages:/home/nathan/ros2_ws/install/joy_tester/lib/python3.10/site-packages:/opt/ros/humble/lib/python3.10/site-packages:/opt/ros/humble/local/lib/python3.10/dist-packages'), ('LC_NUMERIC', 'sw_KE'), ('LC_PAPER', 'sw_KE'), ('COLCON', '1'), ('VTE_VERSION', '6800'), ('CMAKE_PREFIX_PATH', '/home/nathan/ros2_ws/install/sllidar_ros2:/home/nathan/ros2_ws/install/dojo:/home/nathan/ros2_ws/install/diffdrive_arduino:/home/nathan/ros2_ws/install/articubot_one:/home/nathan/ros2_ws/install/rdj2025_potato_disease_detection:/home/nathan/ros2_ws/install/joy_tester:/opt/ros/humble')]), 'shell': False}
[0.301374] (-) TimerEvent: {}
[0.401657] (-) TimerEvent: {}
[0.501972] (-) TimerEvent: {}
[0.602346] (-) TimerEvent: {}
[0.702899] (-) TimerEvent: {}
[0.803216] (-) TimerEvent: {}
[0.903558] (-) TimerEvent: {}
[1.003900] (-) TimerEvent: {}
[1.104307] (-) TimerEvent: {}
[1.204742] (-) TimerEvent: {}
[1.305086] (-) TimerEvent: {}
[1.405561] (-) TimerEvent: {}
[1.506294] (-) TimerEvent: {}
[1.607096] (-) TimerEvent: {}
[1.707796] (-) TimerEvent: {}
[1.721944] (articubot_one) CommandEnded: {'returncode': 0}
[1.807973] (-) TimerEvent: {}
[1.908634] (-) TimerEvent: {}
[1.930296] (articubot_one) JobProgress: {'identifier': 'articubot_one', 'progress': 'install'}
[1.944651] (articubot_one) Command: {'cmd': ['/usr/bin/cmake', '--install', '/home/nathan/ros2_ws/build/articubot_one'], 'cwd': '/home/nathan/ros2_ws/build/articubot_one', 'env': OrderedDict([('LESSOPEN', '| /usr/bin/lesspipe %s'), ('USER', 'nathan'), ('LC_TIME', 'sw_KE'), ('XDG_SESSION_TYPE', 'wayland'), ('SHLVL', '1'), ('LD_LIBRARY_PATH', '/home/nathan/ros2_ws/install/diffdrive_arduino/lib:/usr/lib/x86_64-linux-gnu/gazebo-11/plugins:/opt/ros/humble/opt/rviz_ogre_vendor/lib:/opt/ros/humble/lib/x86_64-linux-gnu:/opt/ros/humble/lib'), ('HOME', '/home/nathan'), ('OLDPWD', '/home/nathan'), ('DESKTOP_SESSION', 'ubuntu'), ('ROS_PYTHON_VERSION', '3'), ('GNOME_SHELL_SESSION_MODE', 'ubuntu'), ('GTK_MODULES', 'gail:atk-bridge'), ('LC_MONETARY', 'sw_KE'), ('SYSTEMD_EXEC_PID', '1584'), ('DBUS_SESSION_BUS_ADDRESS', 'unix:path=/run/user/1000/bus'), ('COLORTERM', 'truecolor'), ('IM_CONFIG_PHASE', '1'), ('WAYLAND_DISPLAY', 'wayland-0'), ('COLCON_PREFIX_PATH', '/home/nathan/ros2_ws/install'), ('ROS_DISTRO', 'humble'), ('LOGNAME', 'nathan'), ('_', '/usr/bin/colcon'), ('ROS_VERSION', '2'), ('XDG_SESSION_CLASS', 'user'), ('USERNAME', 'nathan'), ('TERM', 'xterm-256color'), ('GNOME_DESKTOP_SESSION_ID', 'this-is-deprecated'), ('ROS_LOCALHOST_ONLY', '0'), ('PATH', '/opt/ros/humble/bin:/home/nathan/.local/bin:/usr/local/sbin:/usr/local/bin:/usr/sbin:/usr/bin:/sbin:/bin:/usr/games:/usr/local/games:/snap/bin:/snap/bin'), ('SESSION_MANAGER', 'local/nathan:@/tmp/.ICE-unix/1556,unix/nathan:/tmp/.ICE-unix/1556'), ('XDG_MENU_PREFIX', 'gnome-'), ('LC_ADDRESS', 'sw_KE'), ('GNOME_TERMINAL_SCREEN', '/org/gnome/Terminal/screen/82718a6d_e3c1_4342_ab85_cc6ec652b17e'), ('GNOME_SETUP_DISPLAY', ':1'), ('XDG_RUNTIME_DIR', '/run/user/1000'), ('DISPLAY', ':0'), ('LANG', 'en_US.UTF-8'), ('XDG_CURRENT_DESKTOP', 'ubuntu:GNOME'), ('LC_TELEPHONE', 'sw_KE'), ('XMODIFIERS', '@im=ibus'), ('XDG_SESSION_DESKTOP', 'ubuntu'), ('XAUTHORITY', '/run/user/1000/.mutter-Xwaylandauth.EPJUD3'), ('LS_COLORS', 'rs=0:di=01;34:ln=01;36:mh=00:pi=40;33:so=01;35:do=01;35:bd=40;33;01:cd=40;33;01:or=40;31;01:mi=00:su=37;41:sg=30;43:ca=30;41:tw=30;42:ow=34;42:st=37;44:ex=01;32:*.tar=01;31:*.tgz=01;31:*.arc=01;31:*.arj=01;31:*.taz=01;31:*.lha=01;31:*.lz4=01;31:*.lzh=01;31:*.lzma=01;31:*.tlz=01;31:*.txz=01;31:*.tzo=01;31:*.t7z=01;31:*.zip=01;31:*.z=01;31:*.dz=01;31:*.gz=01;31:*.lrz=01;31:*.lz=01;31:*.lzo=01;31:*.xz=01;31:*.zst=01;31:*.tzst=01;31:*.bz2=01;31:*.bz=01;31:*.tbz=01;31:*.tbz2=01;31:*.tz=01;31:*.deb=01;31:*.rpm=01;31:*.jar=01;31:*.war=01;31:*.ear=01;31:*.sar=01;31:*.rar=01;31:*.alz=01;31:*.ace=01;31:*.zoo=01;31:*.cpio=01;31:*.7z=01;31:*.rz=01;31:*.cab=01;31:*.wim=01;31:*.swm=01;31:*.dwm=01;31:*.esd=01;31:*.jpg=01;35:*.jpeg=01;35:*.mjpg=01;35:*.mjpeg=01;35:*.gif=01;35:*.bmp=01;35:*.pbm=01;35:*.pgm=01;35:*.ppm=01;35:*.tga=01;35:*.xbm=01;35:*.xpm=01;35:*.tif=01;35:*.tiff=01;35:*.png=01;35:*.svg=01;35:*.svgz=01;35:*.mng=01;35:*.pcx=01;35:*.mov=01;35:*.mpg=01;35:*.mpeg=01;35:*.m2v=01;35:*.mkv=01;35:*.webm=01;35:*.webp=01;35:*.ogm=01;35:*.mp4=01;35:*.m4v=01;35:*.mp4v=01;35:*.vob=01;35:*.qt=01;35:*.nuv=01;35:*.wmv=01;35:*.asf=01;35:*.rm=01;35:*.rmvb=01;35:*.flc=01;35:*.avi=01;35:*.fli=01;35:*.flv=01;35:*.gl=01;35:*.dl=01;35:*.xcf=01;35:*.xwd=01;35:*.yuv=01;35:*.cgm=01;35:*.emf=01;35:*.ogv=01;35:*.ogx=01;35:*.aac=00;36:*.au=00;36:*.flac=00;36:*.m4a=00;36:*.mid=00;36:*.midi=00;36:*.mka=00;36:*.mp3=00;36:*.mpc=00;36:*.ogg=00;36:*.ra=00;36:*.wav=00;36:*.oga=00;36:*.opus=00;36:*.spx=00;36:*.xspf=00;36:'), ('GNOME_TERMINAL_SERVICE', ':1.126'), ('SSH_AGENT_LAUNCHER', 'gnome-keyring'), ('SSH_AUTH_SOCK', '/run/user/1000/keyring/ssh'), ('AMENT_PREFIX_PATH', '/home/nathan/ros2_ws/install/sllidar_ros2:/home/nathan/ros2_ws/install/rdj2025_potato_disease_detection:/home/nathan/ros2_ws/install/joy_tester:/home/nathan/ros2_ws/install/dojo:/home/nathan/ros2_ws/install/diffdrive_arduino:/home/nathan/ros2_ws/install/articubot_one:/opt/ros/humble'), ('SHELL', '/bin/bash'), ('LC_NAME', 'sw_KE'), ('QT_ACCESSIBILITY', '1'), ('GDMSESSION', 'ubuntu'), ('LESSCLOSE', '/usr/bin/lesspipe %s %s'), ('LC_MEASUREMENT', 'sw_KE'), ('LC_IDENTIFICATION', 'sw_KE'), ('QT_IM_MODULE', 'ibus'), ('PWD', '/home/nathan/ros2_ws/build/articubot_one'), ('XDG_CONFIG_DIRS', '/etc/xdg/xdg-ubuntu:/etc/xdg'), ('XDG_DATA_DIRS', '/usr/share/ubuntu:/usr/local/share/:/usr/share/:/var/lib/snapd/desktop'), ('PYTHONPATH', '/home/nathan/ros2_ws/install/rdj2025_potato_disease_detection/lib/python3.10/site-packages:/home/nathan/ros2_ws/install/joy_tester/lib/python3.10/site-packages:/opt/ros/humble/lib/python3.10/site-packages:/opt/ros/humble/local/lib/python3.10/dist-packages'), ('LC_NUMERIC', 'sw_KE'), ('LC_PAPER', 'sw_KE'), ('COLCON', '1'), ('VTE_VERSION', '6800'), ('CMAKE_PREFIX_PATH', '/home/nathan/ros2_ws/install/sllidar_ros2:/home/nathan/ros2_ws/install/dojo:/home/nathan/ros2_ws/install/diffdrive_arduino:/home/nathan/ros2_ws/install/articubot_one:/home/nathan/ros2_ws/install/rdj2025_potato_disease_detection:/home/nathan/ros2_ws/install/joy_tester:/opt/ros/humble')]), 'shell': False}
[1.947027] (dojo) CommandEnded: {'returncode': 0}
[2.008793] (-) TimerEvent: {}
[2.087784] (dojo) JobProgress: {'identifier': 'dojo', 'progress': 'install'}
[2.088141] (dojo) Command: {'cmd': ['/usr/bin/cmake', '--install', '/home/nathan/ros2_ws/build/dojo'], 'cwd': '/home/nathan/ros2_ws/build/dojo', 'env': OrderedDict([('LESSOPEN', '| /usr/bin/lesspipe %s'), ('USER', 'nathan'), ('LC_TIME', 'sw_KE'), ('XDG_SESSION_TYPE', 'wayland'), ('SHLVL', '1'), ('LD_LIBRARY_PATH', '/home/nathan/ros2_ws/install/diffdrive_arduino/lib:/usr/lib/x86_64-linux-gnu/gazebo-11/plugins:/opt/ros/humble/opt/rviz_ogre_vendor/lib:/opt/ros/humble/lib/x86_64-linux-gnu:/opt/ros/humble/lib'), ('HOME', '/home/nathan'), ('OLDPWD', '/home/nathan'), ('DESKTOP_SESSION', 'ubuntu'), ('ROS_PYTHON_VERSION', '3'), ('GNOME_SHELL_SESSION_MODE', 'ubuntu'), ('GTK_MODULES', 'gail:atk-bridge'), ('LC_MONETARY', 'sw_KE'), ('SYSTEMD_EXEC_PID', '1584'), ('DBUS_SESSION_BUS_ADDRESS', 'unix:path=/run/user/1000/bus'), ('COLORTERM', 'truecolor'), ('IM_CONFIG_PHASE', '1'), ('WAYLAND_DISPLAY', 'wayland-0'), ('COLCON_PREFIX_PATH', '/home/nathan/ros2_ws/install'), ('ROS_DISTRO', 'humble'), ('LOGNAME', 'nathan'), ('_', '/usr/bin/colcon'), ('ROS_VERSION', '2'), ('XDG_SESSION_CLASS', 'user'), ('USERNAME', 'nathan'), ('TERM', 'xterm-256color'), ('GNOME_DESKTOP_SESSION_ID', 'this-is-deprecated'), ('ROS_LOCALHOST_ONLY', '0'), ('PATH', '/opt/ros/humble/bin:/home/nathan/.local/bin:/usr/local/sbin:/usr/local/bin:/usr/sbin:/usr/bin:/sbin:/bin:/usr/games:/usr/local/games:/snap/bin:/snap/bin'), ('SESSION_MANAGER', 'local/nathan:@/tmp/.ICE-unix/1556,unix/nathan:/tmp/.ICE-unix/1556'), ('XDG_MENU_PREFIX', 'gnome-'), ('LC_ADDRESS', 'sw_KE'), ('GNOME_TERMINAL_SCREEN', '/org/gnome/Terminal/screen/82718a6d_e3c1_4342_ab85_cc6ec652b17e'), ('GNOME_SETUP_DISPLAY', ':1'), ('XDG_RUNTIME_DIR', '/run/user/1000'), ('DISPLAY', ':0'), ('LANG', 'en_US.UTF-8'), ('XDG_CURRENT_DESKTOP', 'ubuntu:GNOME'), ('LC_TELEPHONE', 'sw_KE'), ('XMODIFIERS', '@im=ibus'), ('XDG_SESSION_DESKTOP', 'ubuntu'), ('XAUTHORITY', '/run/user/1000/.mutter-Xwaylandauth.EPJUD3'), ('LS_COLORS', 'rs=0:di=01;34:ln=01;36:mh=00:pi=40;33:so=01;35:do=01;35:bd=40;33;01:cd=40;33;01:or=40;31;01:mi=00:su=37;41:sg=30;43:ca=30;41:tw=30;42:ow=34;42:st=37;44:ex=01;32:*.tar=01;31:*.tgz=01;31:*.arc=01;31:*.arj=01;31:*.taz=01;31:*.lha=01;31:*.lz4=01;31:*.lzh=01;31:*.lzma=01;31:*.tlz=01;31:*.txz=01;31:*.tzo=01;31:*.t7z=01;31:*.zip=01;31:*.z=01;31:*.dz=01;31:*.gz=01;31:*.lrz=01;31:*.lz=01;31:*.lzo=01;31:*.xz=01;31:*.zst=01;31:*.tzst=01;31:*.bz2=01;31:*.bz=01;31:*.tbz=01;31:*.tbz2=01;31:*.tz=01;31:*.deb=01;31:*.rpm=01;31:*.jar=01;31:*.war=01;31:*.ear=01;31:*.sar=01;31:*.rar=01;31:*.alz=01;31:*.ace=01;31:*.zoo=01;31:*.cpio=01;31:*.7z=01;31:*.rz=01;31:*.cab=01;31:*.wim=01;31:*.swm=01;31:*.dwm=01;31:*.esd=01;31:*.jpg=01;35:*.jpeg=01;35:*.mjpg=01;35:*.mjpeg=01;35:*.gif=01;35:*.bmp=01;35:*.pbm=01;35:*.pgm=01;35:*.ppm=01;35:*.tga=01;35:*.xbm=01;35:*.xpm=01;35:*.tif=01;35:*.tiff=01;35:*.png=01;35:*.svg=01;35:*.svgz=01;35:*.mng=01;35:*.pcx=01;35:*.mov=01;35:*.mpg=01;35:*.mpeg=01;35:*.m2v=01;35:*.mkv=01;35:*.webm=01;35:*.webp=01;35:*.ogm=01;35:*.mp4=01;35:*.m4v=01;35:*.mp4v=01;35:*.vob=01;35:*.qt=01;35:*.nuv=01;35:*.wmv=01;35:*.asf=01;35:*.rm=01;35:*.rmvb=01;35:*.flc=01;35:*.avi=01;35:*.fli=01;35:*.flv=01;35:*.gl=01;35:*.dl=01;35:*.xcf=01;35:*.xwd=01;35:*.yuv=01;35:*.cgm=01;35:*.emf=01;35:*.ogv=01;35:*.ogx=01;35:*.aac=00;36:*.au=00;36:*.flac=00;36:*.m4a=00;36:*.mid=00;36:*.midi=00;36:*.mka=00;36:*.mp3=00;36:*.mpc=00;36:*.ogg=00;36:*.ra=00;36:*.wav=00;36:*.oga=00;36:*.opus=00;36:*.spx=00;36:*.xspf=00;36:'), ('GNOME_TERMINAL_SERVICE', ':1.126'), ('SSH_AGENT_LAUNCHER', 'gnome-keyring'), ('SSH_AUTH_SOCK', '/run/user/1000/keyring/ssh'), ('AMENT_PREFIX_PATH', '/home/nathan/ros2_ws/install/sllidar_ros2:/home/nathan/ros2_ws/install/rdj2025_potato_disease_detection:/home/nathan/ros2_ws/install/joy_tester:/home/nathan/ros2_ws/install/dojo:/home/nathan/ros2_ws/install/diffdrive_arduino:/home/nathan/ros2_ws/install/articubot_one:/opt/ros/humble'), ('SHELL', '/bin/bash'), ('LC_NAME', 'sw_KE'), ('QT_ACCESSIBILITY', '1'), ('GDMSESSION', 'ubuntu'), ('LESSCLOSE', '/usr/bin/lesspipe %s %s'), ('LC_MEASUREMENT', 'sw_KE'), ('LC_IDENTIFICATION', 'sw_KE'), ('QT_IM_MODULE', 'ibus'), ('PWD', '/home/nathan/ros2_ws/build/dojo'), ('XDG_CONFIG_DIRS', '/etc/xdg/xdg-ubuntu:/etc/xdg'), ('XDG_DATA_DIRS', '/usr/share/ubuntu:/usr/local/share/:/usr/share/:/var/lib/snapd/desktop'), ('PYTHONPATH', '/home/nathan/ros2_ws/install/rdj2025_potato_disease_detection/lib/python3.10/site-packages:/home/nathan/ros2_ws/install/joy_tester/lib/python3.10/site-packages:/opt/ros/humble/lib/python3.10/site-packages:/opt/ros/humble/local/lib/python3.10/dist-packages'), ('LC_NUMERIC', 'sw_KE'), ('LC_PAPER', 'sw_KE'), ('COLCON', '1'), ('VTE_VERSION', '6800'), ('CMAKE_PREFIX_PATH', '/home/nathan/ros2_ws/install/sllidar_ros2:/home/nathan/ros2_ws/install/dojo:/home/nathan/ros2_ws/install/diffdrive_arduino:/home/nathan/ros2_ws/install/articubot_one:/home/nathan/ros2_ws/install/rdj2025_potato_disease_detection:/home/nathan/ros2_ws/install/joy_tester:/opt/ros/humble')]), 'shell': False}
[2.108873] (-) TimerEvent: {}
[2.121746] (articubot_one) StdoutLine: {'line': b'-- Install configuration: ""\n'}
[2.139301] (articubot_one) StdoutLine: {'line': b'-- Up-to-date: /home/nathan/ros2_ws/install/articubot_one/share/articubot_one/config\n'}
[2.153406] (dojo) StdoutLine: {'line': b'-- Install configuration: ""\n'}
[2.153821] (dojo) StdoutLine: {'line': b'-- Up-to-date: /home/nathan/ros2_ws/install/dojo/share/dojo/config\n'}
[2.154049] (dojo) StdoutLine: {'line': b'-- Up-to-date: /home/nathan/ros2_ws/install/dojo/share/dojo/config/my_controllers.yaml\n'}
[2.154219] (dojo) StdoutLine: {'line': b'-- Up-to-date: /home/nathan/ros2_ws/install/dojo/share/dojo/config/joystick.yaml\n'}
[2.154390] (dojo) StdoutLine: {'line': b'-- Up-to-date: /home/nathan/ros2_ws/install/dojo/share/dojo/config/default_view.rviz\n'}
[2.154562] (dojo) StdoutLine: {'line': b'-- Up-to-date: /home/nathan/ros2_ws/install/dojo/share/dojo/config/gazebo_params.yaml\n'}
[2.154860] (dojo) StdoutLine: {'line': b'-- Up-to-date: /home/nathan/ros2_ws/install/dojo/share/dojo/config/gaz_ros2_ctl_use_sim.yaml\n'}
[2.155057] (dojo) StdoutLine: {'line': b'-- Up-to-date: /home/nathan/ros2_ws/install/dojo/share/dojo/config/twist_mux.yaml\n'}
[2.155238] (dojo) StdoutLine: {'line': b'-- Up-to-date: /home/nathan/ros2_ws/install/dojo/share/dojo/config/empty.yaml\n'}
[2.155475] (dojo) StdoutLine: {'line': b'-- Up-to-date: /home/nathan/ros2_ws/install/dojo/share/dojo/config/mapper_params_online_async.yaml\n'}
[2.155681] (dojo) StdoutLine: {'line': b'-- Up-to-date: /home/nathan/ros2_ws/install/dojo/share/dojo/config/nav2_params.yaml\n'}
[2.155915] (dojo) StdoutLine: {'line': b'-- Up-to-date: /home/nathan/ros2_ws/install/dojo/share/dojo/description\n'}
[2.156191] (dojo) StdoutLine: {'line': b'-- Installing: /home/nathan/ros2_ws/install/dojo/share/dojo/description/ros2_control.xacro\n'}
[2.156408] (dojo) StdoutLine: {'line': b'-- Installing: /home/nathan/ros2_ws/install/dojo/share/dojo/description/lidar.xacro\n'}
[2.156606] (dojo) StdoutLine: {'line': b'-- Installing: /home/nathan/ros2_ws/install/dojo/share/dojo/description/robot.urdf.xacro\n'}
[2.156869] (dojo) StdoutLine: {'line': b'-- Installing: /home/nathan/ros2_ws/install/dojo/share/dojo/description/gazebo_control.xacro\n'}
[2.157095] (dojo) StdoutLine: {'line': b'-- Installing: /home/nathan/ros2_ws/install/dojo/share/dojo/description/robot_core.xacro\n'}
[2.157206] (dojo) StdoutLine: {'line': b'-- Installing: /home/nathan/ros2_ws/install/dojo/share/dojo/description/inertial_macros.xacro\n'}
[2.157294] (dojo) StdoutLine: {'line': b'-- Up-to-date: /home/nathan/ros2_ws/install/dojo/share/dojo/launch\n'}
[2.157376] (dojo) StdoutLine: {'line': b'-- Up-to-date: /home/nathan/ros2_ws/install/dojo/share/dojo/launch/joystick.launch.py\n'}
[2.157456] (dojo) StdoutLine: {'line': b'-- Up-to-date: /home/nathan/ros2_ws/install/dojo/share/dojo/launch/raspi_bot.launch.py\n'}
[2.157535] (dojo) StdoutLine: {'line': b'-- Up-to-date: /home/nathan/ros2_ws/install/dojo/share/dojo/launch/navigation_launch.py\n'}
[2.157614] (dojo) StdoutLine: {'line': b'-- Up-to-date: /home/nathan/ros2_ws/install/dojo/share/dojo/launch/rsp.launch.py\n'}
[2.157692] (dojo) StdoutLine: {'line': b'-- Up-to-date: /home/nathan/ros2_ws/install/dojo/share/dojo/launch/consolidated.launch.py\n'}
[2.157799] (dojo) StdoutLine: {'line': b'-- Up-to-date: /home/nathan/ros2_ws/install/dojo/share/dojo/launch/launch_robot.launch.py\n'}
[2.157883] (dojo) StdoutLine: {'line': b'-- Up-to-date: /home/nathan/ros2_ws/install/dojo/share/dojo/launch/launch_sim.launch.py\n'}
[2.157969] (dojo) StdoutLine: {'line': b'-- Up-to-date: /home/nathan/ros2_ws/install/dojo/share/dojo/launch/localization_launch.py\n'}
[2.158047] (dojo) StdoutLine: {'line': b'-- Up-to-date: /home/nathan/ros2_ws/install/dojo/share/dojo/worlds\n'}
[2.158125] (dojo) StdoutLine: {'line': b'-- Installing: /home/nathan/ros2_ws/install/dojo/share/dojo/worlds/gamefield.sdf\n'}
[2.158202] (dojo) StdoutLine: {'line': b'-- Up-to-date: /home/nathan/ros2_ws/install/dojo/share/dojo/worlds/dojo2024\n'}
[2.158279] (dojo) StdoutLine: {'line': b'-- Up-to-date: /home/nathan/ros2_ws/install/dojo/share/dojo/worlds/world_model\n'}
[2.158356] (dojo) StdoutLine: {'line': b'-- Up-to-date: /home/nathan/ros2_ws/install/dojo/share/dojo/worlds/world_model/model.config\n'}
[2.158434] (dojo) StdoutLine: {'line': b'-- Up-to-date: /home/nathan/ros2_ws/install/dojo/share/dojo/worlds/world_model/model.sdf\n'}
[2.158511] (dojo) StdoutLine: {'line': b'-- Up-to-date: /home/nathan/ros2_ws/install/dojo/share/dojo/worlds/empty.world\n'}
[2.158587] (dojo) StdoutLine: {'line': b'-- Up-to-date: /home/nathan/ros2_ws/install/dojo/share/ament_index/resource_index/package_run_dependencies/dojo\n'}
[2.188996] (articubot_one) StdoutLine: {'line': b'-- Up-to-date: /home/nathan/ros2_ws/install/articubot_one/share/articubot_one/config/my_controllers.yaml\n'}
[2.189500] (articubot_one) StdoutLine: {'line': b'-- Up-to-date: /home/nathan/ros2_ws/install/articubot_one/share/articubot_one/config/ball_tracker_params_sim.yaml\n'}
[2.189768] (articubot_one) StdoutLine: {'line': b'-- Up-to-date: /home/nathan/ros2_ws/install/articubot_one/share/articubot_one/config/main.rviz\n'}
[2.190330] (articubot_one) StdoutLine: {'line': b'-- Up-to-date: /home/nathan/ros2_ws/install/articubot_one/share/articubot_one/config/joystick.yaml\n'}
[2.190518] (articubot_one) StdoutLine: {'line': b'-- Up-to-date: /home/nathan/ros2_ws/install/articubot_one/share/articubot_one/config/map.rviz\n'}
[2.190690] (articubot_one) StdoutLine: {'line': b'-- Up-to-date: /home/nathan/ros2_ws/install/articubot_one/share/articubot_one/config/gazebo_params.yaml\n'}
[2.190912] (articubot_one) StdoutLine: {'line': b'-- Up-to-date: /home/nathan/ros2_ws/install/articubot_one/share/articubot_one/config/gaz_ros2_ctl_use_sim.yaml\n'}
[2.191087] (articubot_one) StdoutLine: {'line': b'-- Up-to-date: /home/nathan/ros2_ws/install/articubot_one/share/articubot_one/config/twist_mux.yaml\n'}
[2.191253] (articubot_one) StdoutLine: {'line': b'-- Up-to-date: /home/nathan/ros2_ws/install/articubot_one/share/articubot_one/config/empty.yaml\n'}
[2.191416] (articubot_one) StdoutLine: {'line': b'-- Up-to-date: /home/nathan/ros2_ws/install/articubot_one/share/articubot_one/config/drive_bot.rviz\n'}
[2.191579] (articubot_one) StdoutLine: {'line': b'-- Up-to-date: /home/nathan/ros2_ws/install/articubot_one/share/articubot_one/config/ball_tracker_params_robot.yaml\n'}
[2.191789] (articubot_one) StdoutLine: {'line': b'-- Up-to-date: /home/nathan/ros2_ws/install/articubot_one/share/articubot_one/config/mapper_params_online_async.yaml\n'}
[2.191982] (articubot_one) StdoutLine: {'line': b'-- Up-to-date: /home/nathan/ros2_ws/install/articubot_one/share/articubot_one/config/view_bot.rviz\n'}
[2.192092] (articubot_one) StdoutLine: {'line': b'-- Up-to-date: /home/nathan/ros2_ws/install/articubot_one/share/articubot_one/config/nav2_params.yaml\n'}
[2.192202] (articubot_one) StdoutLine: {'line': b'-- Up-to-date: /home/nathan/ros2_ws/install/articubot_one/share/articubot_one/description\n'}
[2.192436] (dojo) StdoutLine: {'line': b'-- Up-to-date: /home/nathan/ros2_ws/install/dojo/share/ament_index/resource_index/parent_prefix_path/dojo\n'}
[2.192603] (dojo) StdoutLine: {'line': b'-- Up-to-date: /home/nathan/ros2_ws/install/dojo/share/dojo/environment/ament_prefix_path.sh\n'}
[2.192733] (dojo) StdoutLine: {'line': b'-- Up-to-date: /home/nathan/ros2_ws/install/dojo/share/dojo/environment/ament_prefix_path.dsv\n'}
[2.192859] (dojo) StdoutLine: {'line': b'-- Up-to-date: /home/nathan/ros2_ws/install/dojo/share/dojo/environment/path.sh\n'}
[2.192969] (dojo) StdoutLine: {'line': b'-- Up-to-date: /home/nathan/ros2_ws/install/dojo/share/dojo/environment/path.dsv\n'}
[2.193133] (dojo) StdoutLine: {'line': b'-- Up-to-date: /home/nathan/ros2_ws/install/dojo/share/dojo/local_setup.bash\n'}
[2.193297] (dojo) StdoutLine: {'line': b'-- Up-to-date: /home/nathan/ros2_ws/install/dojo/share/dojo/local_setup.sh\n'}
[2.193395] (dojo) StdoutLine: {'line': b'-- Up-to-date: /home/nathan/ros2_ws/install/dojo/share/dojo/local_setup.zsh\n'}
[2.193486] (dojo) StdoutLine: {'line': b'-- Up-to-date: /home/nathan/ros2_ws/install/dojo/share/dojo/local_setup.dsv\n'}
[2.193576] (dojo) StdoutLine: {'line': b'-- Installing: /home/nathan/ros2_ws/install/dojo/share/dojo/package.dsv\n'}
[2.209031] (-) TimerEvent: {}
[2.258162] (articubot_one) StdoutLine: {'line': b'-- Up-to-date: /home/nathan/ros2_ws/install/articubot_one/share/articubot_one/description/ros2_control.xacro\n'}
[2.258898] (articubot_one) StdoutLine: {'line': b'-- Up-to-date: /home/nathan/ros2_ws/install/articubot_one/share/articubot_one/description/camera.xacro\n'}
[2.259356] (articubot_one) StdoutLine: {'line': b'-- Up-to-date: /home/nathan/ros2_ws/install/articubot_one/share/articubot_one/description/lidar.xacro\n'}
[2.259761] (articubot_one) StdoutLine: {'line': b'-- Up-to-date: /home/nathan/ros2_ws/install/articubot_one/share/articubot_one/description/depth_camera.xacro\n'}
[2.260385] (articubot_one) StdoutLine: {'line': b'-- Up-to-date: /home/nathan/ros2_ws/install/articubot_one/share/articubot_one/description/face.xacro\n'}
[2.261280] (articubot_one) StdoutLine: {'line': b'-- Up-to-date: /home/nathan/ros2_ws/install/articubot_one/share/articubot_one/description/robot.urdf.xacro\n'}
[2.261740] (articubot_one) StdoutLine: {'line': b'-- Up-to-date: /home/nathan/ros2_ws/install/articubot_one/share/articubot_one/description/gazebo_control.xacro\n'}
[2.262191] (articubot_one) StdoutLine: {'line': b'-- Up-to-date: /home/nathan/ros2_ws/install/articubot_one/share/articubot_one/description/robot_core.xacro\n'}
[2.262615] (articubot_one) StdoutLine: {'line': b'-- Up-to-date: /home/nathan/ros2_ws/install/articubot_one/share/articubot_one/description/inertial_macros.xacro\n'}
[2.263062] (articubot_one) StdoutLine: {'line': b'-- Up-to-date: /home/nathan/ros2_ws/install/articubot_one/share/articubot_one/launch\n'}
[2.263476] (articubot_one) StdoutLine: {'line': b'-- Up-to-date: /home/nathan/ros2_ws/install/articubot_one/share/articubot_one/launch/joystick.launch.py\n'}
[2.263883] (articubot_one) StdoutLine: {'line': b'-- Up-to-date: /home/nathan/ros2_ws/install/articubot_one/share/articubot_one/launch/rplidar.launch.py\n'}
[2.264315] (articubot_one) StdoutLine: {'line': b'-- Up-to-date: /home/nathan/ros2_ws/install/articubot_one/share/articubot_one/launch/navigation_launch.py\n'}
[2.265014] (articubot_one) StdoutLine: {'line': b'-- Up-to-date: /home/nathan/ros2_ws/install/articubot_one/share/articubot_one/launch/camera.launch.py\n'}
[2.265633] (articubot_one) StdoutLine: {'line': b'-- Up-to-date: /home/nathan/ros2_ws/install/articubot_one/share/articubot_one/launch/rsp.launch.py\n'}
[2.266032] (articubot_one) StdoutLine: {'line': b'-- Up-to-date: /home/nathan/ros2_ws/install/articubot_one/share/articubot_one/launch/launch_robot.launch.py\n'}
[2.266368] (articubot_one) StdoutLine: {'line': b'-- Up-to-date: /home/nathan/ros2_ws/install/articubot_one/share/articubot_one/launch/launch_sim.launch.py\n'}
[2.266695] (articubot_one) StdoutLine: {'line': b'-- Up-to-date: /home/nathan/ros2_ws/install/articubot_one/share/articubot_one/launch/online_async_launch.py\n'}
[2.267119] (articubot_one) StdoutLine: {'line': b'-- Up-to-date: /home/nathan/ros2_ws/install/articubot_one/share/articubot_one/launch/ball_tracker.launch.py\n'}
[2.267351] (articubot_one) StdoutLine: {'line': b'-- Up-to-date: /home/nathan/ros2_ws/install/articubot_one/share/articubot_one/launch/localization_launch.py\n'}
[2.267573] (articubot_one) StdoutLine: {'line': b'-- Up-to-date: /home/nathan/ros2_ws/install/articubot_one/share/articubot_one/worlds\n'}
[2.267840] (articubot_one) StdoutLine: {'line': b'-- Up-to-date: /home/nathan/ros2_ws/install/articubot_one/share/articubot_one/worlds/obstacles.world\n'}
[2.268080] (articubot_one) StdoutLine: {'line': b'-- Up-to-date: /home/nathan/ros2_ws/install/articubot_one/share/articubot_one/worlds/empty.world\n'}
[2.268298] (articubot_one) StdoutLine: {'line': b'-- Up-to-date: /home/nathan/ros2_ws/install/articubot_one/share/ament_index/resource_index/package_run_dependencies/articubot_one\n'}
[2.268560] (articubot_one) StdoutLine: {'line': b'-- Up-to-date: /home/nathan/ros2_ws/install/articubot_one/share/ament_index/resource_index/parent_prefix_path/articubot_one\n'}
[2.268825] (articubot_one) StdoutLine: {'line': b'-- Up-to-date: /home/nathan/ros2_ws/install/articubot_one/share/articubot_one/environment/ament_prefix_path.sh\n'}
[2.269084] (articubot_one) StdoutLine: {'line': b'-- Up-to-date: /home/nathan/ros2_ws/install/articubot_one/share/articubot_one/environment/ament_prefix_path.dsv\n'}
[2.269309] (articubot_one) StdoutLine: {'line': b'-- Up-to-date: /home/nathan/ros2_ws/install/articubot_one/share/articubot_one/environment/path.sh\n'}
[2.269531] (articubot_one) StdoutLine: {'line': b'-- Up-to-date: /home/nathan/ros2_ws/install/articubot_one/share/articubot_one/environment/path.dsv\n'}
[2.269801] (articubot_one) StdoutLine: {'line': b'-- Up-to-date: /home/nathan/ros2_ws/install/articubot_one/share/articubot_one/local_setup.bash\n'}
[2.270066] (articubot_one) StdoutLine: {'line': b'-- Up-to-date: /home/nathan/ros2_ws/install/articubot_one/share/articubot_one/local_setup.sh\n'}
[2.270291] (articubot_one) StdoutLine: {'line': b'-- Up-to-date: /home/nathan/ros2_ws/install/articubot_one/share/articubot_one/local_setup.zsh\n'}
[2.270541] (articubot_one) StdoutLine: {'line': b'-- Up-to-date: /home/nathan/ros2_ws/install/articubot_one/share/articubot_one/local_setup.dsv\n'}
[2.270806] (articubot_one) StdoutLine: {'line': b'-- Installing: /home/nathan/ros2_ws/install/articubot_one/share/articubot_one/package.dsv\n'}
[2.308805] (dojo) StdoutLine: {'line': b'-- Up-to-date: /home/nathan/ros2_ws/install/dojo/share/ament_index/resource_index/packages/dojo\n'}
[2.309067] (-) TimerEvent: {}
[2.309289] (dojo) StdoutLine: {'line': b'-- Up-to-date: /home/nathan/ros2_ws/install/dojo/share/dojo/cmake/dojoConfig.cmake\n'}
[2.309474] (dojo) StdoutLine: {'line': b'-- Up-to-date: /home/nathan/ros2_ws/install/dojo/share/dojo/cmake/dojoConfig-version.cmake\n'}
[2.309605] (dojo) StdoutLine: {'line': b'-- Up-to-date: /home/nathan/ros2_ws/install/dojo/share/dojo/package.xml\n'}
[2.311504] (dojo) CommandEnded: {'returncode': 0}
[2.315156] (articubot_one) StdoutLine: {'line': b'-- Up-to-date: /home/nathan/ros2_ws/install/articubot_one/share/ament_index/resource_index/packages/articubot_one\n'}
[2.315510] (articubot_one) StdoutLine: {'line': b'-- Up-to-date: /home/nathan/ros2_ws/install/articubot_one/share/articubot_one/cmake/articubot_oneConfig.cmake\n'}
[2.315819] (articubot_one) StdoutLine: {'line': b'-- Up-to-date: /home/nathan/ros2_ws/install/articubot_one/share/articubot_one/cmake/articubot_oneConfig-version.cmake\n'}
[2.316087] (articubot_one) StdoutLine: {'line': b'-- Up-to-date: /home/nathan/ros2_ws/install/articubot_one/share/articubot_one/package.xml\n'}
[2.409357] (-) TimerEvent: {}
[2.511883] (-) TimerEvent: {}
[2.612696] (-) TimerEvent: {}
[2.713299] (-) TimerEvent: {}
[2.814024] (-) TimerEvent: {}
[2.914348] (-) TimerEvent: {}
[3.018148] (-) TimerEvent: {}
[3.118876] (-) TimerEvent: {}
[3.174557] (dojo) JobEnded: {'identifier': 'dojo', 'rc': 0}
[3.176017] (rdj2025_potato_disease_detection) JobStarted: {'identifier': 'rdj2025_potato_disease_detection'}
[3.219033] (-) TimerEvent: {}
[3.233748] (articubot_one) CommandEnded: {'returncode': 0}
[3.249826] (articubot_one) JobEnded: {'identifier': 'articubot_one', 'rc': 0}
[3.251911] (sllidar_ros2) JobStarted: {'identifier': 'sllidar_ros2'}
[3.319134] (-) TimerEvent: {}
[3.419441] (-) TimerEvent: {}
[3.519737] (-) TimerEvent: {}
[3.620138] (-) TimerEvent: {}
[3.720701] (-) TimerEvent: {}
[3.748832] (sllidar_ros2) JobProgress: {'identifier': 'sllidar_ros2', 'progress': 'cmake'}
[3.820878] (-) TimerEvent: {}
[3.841144] (sllidar_ros2) JobProgress: {'identifier': 'sllidar_ros2', 'progress': 'build'}
[3.842194] (sllidar_ros2) Command: {'cmd': ['/usr/bin/cmake', '--build', '/home/nathan/ros2_ws/build/sllidar_ros2', '--', '-j4', '-l4'], 'cwd': '/home/nathan/ros2_ws/build/sllidar_ros2', 'env': OrderedDict([('LESSOPEN', '| /usr/bin/lesspipe %s'), ('USER', 'nathan'), ('LC_TIME', 'sw_KE'), ('XDG_SESSION_TYPE', 'wayland'), ('SHLVL', '1'), ('LD_LIBRARY_PATH', '/home/nathan/ros2_ws/install/diffdrive_arduino/lib:/usr/lib/x86_64-linux-gnu/gazebo-11/plugins:/opt/ros/humble/opt/rviz_ogre_vendor/lib:/opt/ros/humble/lib/x86_64-linux-gnu:/opt/ros/humble/lib'), ('HOME', '/home/nathan'), ('OLDPWD', '/home/nathan'), ('DESKTOP_SESSION', 'ubuntu'), ('ROS_PYTHON_VERSION', '3'), ('GNOME_SHELL_SESSION_MODE', 'ubuntu'), ('GTK_MODULES', 'gail:atk-bridge'), ('LC_MONETARY', 'sw_KE'), ('SYSTEMD_EXEC_PID', '1584'), ('DBUS_SESSION_BUS_ADDRESS', 'unix:path=/run/user/1000/bus'), ('COLORTERM', 'truecolor'), ('IM_CONFIG_PHASE', '1'), ('WAYLAND_DISPLAY', 'wayland-0'), ('COLCON_PREFIX_PATH', '/home/nathan/ros2_ws/install'), ('ROS_DISTRO', 'humble'), ('LOGNAME', 'nathan'), ('_', '/usr/bin/colcon'), ('ROS_VERSION', '2'), ('XDG_SESSION_CLASS', 'user'), ('USERNAME', 'nathan'), ('TERM', 'xterm-256color'), ('GNOME_DESKTOP_SESSION_ID', 'this-is-deprecated'), ('ROS_LOCALHOST_ONLY', '0'), ('PATH', '/opt/ros/humble/bin:/home/nathan/.local/bin:/usr/local/sbin:/usr/local/bin:/usr/sbin:/usr/bin:/sbin:/bin:/usr/games:/usr/local/games:/snap/bin:/snap/bin'), ('SESSION_MANAGER', 'local/nathan:@/tmp/.ICE-unix/1556,unix/nathan:/tmp/.ICE-unix/1556'), ('XDG_MENU_PREFIX', 'gnome-'), ('LC_ADDRESS', 'sw_KE'), ('GNOME_TERMINAL_SCREEN', '/org/gnome/Terminal/screen/82718a6d_e3c1_4342_ab85_cc6ec652b17e'), ('GNOME_SETUP_DISPLAY', ':1'), ('XDG_RUNTIME_DIR', '/run/user/1000'), ('DISPLAY', ':0'), ('LANG', 'en_US.UTF-8'), ('XDG_CURRENT_DESKTOP', 'ubuntu:GNOME'), ('LC_TELEPHONE', 'sw_KE'), ('XMODIFIERS', '@im=ibus'), ('XDG_SESSION_DESKTOP', 'ubuntu'), ('XAUTHORITY', '/run/user/1000/.mutter-Xwaylandauth.EPJUD3'), ('LS_COLORS', 'rs=0:di=01;34:ln=01;36:mh=00:pi=40;33:so=01;35:do=01;35:bd=40;33;01:cd=40;33;01:or=40;31;01:mi=00:su=37;41:sg=30;43:ca=30;41:tw=30;42:ow=34;42:st=37;44:ex=01;32:*.tar=01;31:*.tgz=01;31:*.arc=01;31:*.arj=01;31:*.taz=01;31:*.lha=01;31:*.lz4=01;31:*.lzh=01;31:*.lzma=01;31:*.tlz=01;31:*.txz=01;31:*.tzo=01;31:*.t7z=01;31:*.zip=01;31:*.z=01;31:*.dz=01;31:*.gz=01;31:*.lrz=01;31:*.lz=01;31:*.lzo=01;31:*.xz=01;31:*.zst=01;31:*.tzst=01;31:*.bz2=01;31:*.bz=01;31:*.tbz=01;31:*.tbz2=01;31:*.tz=01;31:*.deb=01;31:*.rpm=01;31:*.jar=01;31:*.war=01;31:*.ear=01;31:*.sar=01;31:*.rar=01;31:*.alz=01;31:*.ace=01;31:*.zoo=01;31:*.cpio=01;31:*.7z=01;31:*.rz=01;31:*.cab=01;31:*.wim=01;31:*.swm=01;31:*.dwm=01;31:*.esd=01;31:*.jpg=01;35:*.jpeg=01;35:*.mjpg=01;35:*.mjpeg=01;35:*.gif=01;35:*.bmp=01;35:*.pbm=01;35:*.pgm=01;35:*.ppm=01;35:*.tga=01;35:*.xbm=01;35:*.xpm=01;35:*.tif=01;35:*.tiff=01;35:*.png=01;35:*.svg=01;35:*.svgz=01;35:*.mng=01;35:*.pcx=01;35:*.mov=01;35:*.mpg=01;35:*.mpeg=01;35:*.m2v=01;35:*.mkv=01;35:*.webm=01;35:*.webp=01;35:*.ogm=01;35:*.mp4=01;35:*.m4v=01;35:*.mp4v=01;35:*.vob=01;35:*.qt=01;35:*.nuv=01;35:*.wmv=01;35:*.asf=01;35:*.rm=01;35:*.rmvb=01;35:*.flc=01;35:*.avi=01;35:*.fli=01;35:*.flv=01;35:*.gl=01;35:*.dl=01;35:*.xcf=01;35:*.xwd=01;35:*.yuv=01;35:*.cgm=01;35:*.emf=01;35:*.ogv=01;35:*.ogx=01;35:*.aac=00;36:*.au=00;36:*.flac=00;36:*.m4a=00;36:*.mid=00;36:*.midi=00;36:*.mka=00;36:*.mp3=00;36:*.mpc=00;36:*.ogg=00;36:*.ra=00;36:*.wav=00;36:*.oga=00;36:*.opus=00;36:*.spx=00;36:*.xspf=00;36:'), ('GNOME_TERMINAL_SERVICE', ':1.126'), ('SSH_AGENT_LAUNCHER', 'gnome-keyring'), ('SSH_AUTH_SOCK', '/run/user/1000/keyring/ssh'), ('AMENT_PREFIX_PATH', '/home/nathan/ros2_ws/install/sllidar_ros2:/home/nathan/ros2_ws/install/rdj2025_potato_disease_detection:/home/nathan/ros2_ws/install/joy_tester:/home/nathan/ros2_ws/install/dojo:/home/nathan/ros2_ws/install/diffdrive_arduino:/home/nathan/ros2_ws/install/articubot_one:/opt/ros/humble'), ('SHELL', '/bin/bash'), ('LC_NAME', 'sw_KE'), ('QT_ACCESSIBILITY', '1'), ('GDMSESSION', 'ubuntu'), ('LESSCLOSE', '/usr/bin/lesspipe %s %s'), ('LC_MEASUREMENT', 'sw_KE'), ('LC_IDENTIFICATION', 'sw_KE'), ('QT_IM_MODULE', 'ibus'), ('PWD', '/home/nathan/ros2_ws/build/sllidar_ros2'), ('XDG_CONFIG_DIRS', '/etc/xdg/xdg-ubuntu:/etc/xdg'), ('XDG_DATA_DIRS', '/usr/share/ubuntu:/usr/local/share/:/usr/share/:/var/lib/snapd/desktop'), ('PYTHONPATH', '/home/nathan/ros2_ws/install/rdj2025_potato_disease_detection/lib/python3.10/site-packages:/home/nathan/ros2_ws/install/joy_tester/lib/python3.10/site-packages:/opt/ros/humble/lib/python3.10/site-packages:/opt/ros/humble/local/lib/python3.10/dist-packages'), ('LC_NUMERIC', 'sw_KE'), ('LC_PAPER', 'sw_KE'), ('COLCON', '1'), ('VTE_VERSION', '6800'), ('CMAKE_PREFIX_PATH', '/home/nathan/ros2_ws/install/sllidar_ros2:/home/nathan/ros2_ws/install/dojo:/home/nathan/ros2_ws/install/diffdrive_arduino:/home/nathan/ros2_ws/install/articubot_one:/home/nathan/ros2_ws/install/rdj2025_potato_disease_detection:/home/nathan/ros2_ws/install/joy_tester:/opt/ros/humble')]), 'shell': False}
[3.920960] (-) TimerEvent: {}
[4.021334] (-) TimerEvent: {}
[4.121857] (-) TimerEvent: {}
[4.222207] (-) TimerEvent: {}
[4.322622] (-) TimerEvent: {}
[4.423282] (-) TimerEvent: {}
[4.523794] (-) TimerEvent: {}
[4.624222] (-) TimerEvent: {}
[4.724859] (-) TimerEvent: {}
[4.801163] (diffdrive_arduino) StdoutLine: {'line': b'[ 50%] \x1b[32mBuilding CXX object CMakeFiles/diffdrive_arduino.dir/hardware/diffbot_system.cpp.o\x1b[0m\n'}
[4.824947] (-) TimerEvent: {}
[4.925260] (-) TimerEvent: {}
[4.955440] (sllidar_ros2) StdoutLine: {'line': b'[  5%] \x1b[32mBuilding CXX object CMakeFiles/sllidar_client.dir/src/sllidar_client.cpp.o\x1b[0m\n'}
[4.978161] (sllidar_ros2) StdoutLine: {'line': b'[ 10%] \x1b[32mBuilding CXX object CMakeFiles/sllidar_node.dir/src/sllidar_node.cpp.o\x1b[0m\n'}
[5.025523] (-) TimerEvent: {}
[5.126384] (-) TimerEvent: {}
[5.218320] (sllidar_ros2) StdoutLine: {'line': b'[ 15%] \x1b[32mBuilding CXX object CMakeFiles/sllidar_node.dir/sdk/src/arch/linux/net_serial.cpp.o\x1b[0m\n'}
[5.226484] (-) TimerEvent: {}
[5.327143] (-) TimerEvent: {}
[5.419383] (sllidar_ros2) StdoutLine: {'line': b'[ 20%] \x1b[32mBuilding CXX object CMakeFiles/sllidar_node.dir/sdk/src/arch/linux/net_socket.cpp.o\x1b[0m\n'}
[5.427243] (-) TimerEvent: {}
[5.527778] (-) TimerEvent: {}
[5.628753] (-) TimerEvent: {}
[5.729561] (-) TimerEvent: {}
[5.830580] (-) TimerEvent: {}
[5.931350] (-) TimerEvent: {}
[6.032312] (-) TimerEvent: {}
[6.133204] (-) TimerEvent: {}
[6.234144] (-) TimerEvent: {}
[6.334840] (-) TimerEvent: {}
[6.435640] (-) TimerEvent: {}
[6.536129] (-) TimerEvent: {}
[6.636755] (-) TimerEvent: {}
[6.737553] (-) TimerEvent: {}
[6.838146] (-) TimerEvent: {}
[6.938836] (-) TimerEvent: {}
[7.039528] (-) TimerEvent: {}
[7.140286] (-) TimerEvent: {}
[7.241079] (-) TimerEvent: {}
[7.341820] (-) TimerEvent: {}
[7.442502] (-) TimerEvent: {}
[7.543470] (-) TimerEvent: {}
[7.644280] (-) TimerEvent: {}
[7.745076] (-) TimerEvent: {}
[7.846037] (-) TimerEvent: {}
[7.946651] (-) TimerEvent: {}
[8.047104] (-) TimerEvent: {}
[8.147759] (-) TimerEvent: {}
[8.248450] (-) TimerEvent: {}
[8.349349] (-) TimerEvent: {}
[8.449770] (-) TimerEvent: {}
[8.550264] (-) TimerEvent: {}
[8.650864] (-) TimerEvent: {}
[8.752139] (-) TimerEvent: {}
[8.853156] (-) TimerEvent: {}
[8.953884] (-) TimerEvent: {}
[9.054478] (-) TimerEvent: {}
[9.155187] (-) TimerEvent: {}
[9.255912] (-) TimerEvent: {}
[9.356634] (-) TimerEvent: {}
[9.457554] (-) TimerEvent: {}
[9.558302] (-) TimerEvent: {}
[9.658809] (-) TimerEvent: {}
[9.759148] (-) TimerEvent: {}
[9.859620] (-) TimerEvent: {}
[9.960331] (-) TimerEvent: {}
[10.061098] (-) TimerEvent: {}
[10.162042] (-) TimerEvent: {}
[10.262738] (-) TimerEvent: {}
[10.363386] (-) TimerEvent: {}
[10.464130] (-) TimerEvent: {}
[10.564832] (-) TimerEvent: {}
[10.665538] (-) TimerEvent: {}
[10.766580] (-) TimerEvent: {}
[10.867206] (-) TimerEvent: {}
[10.968075] (-) TimerEvent: {}
[11.069113] (-) TimerEvent: {}
[11.169854] (-) TimerEvent: {}
[11.270474] (-) TimerEvent: {}
[11.370911] (-) TimerEvent: {}
[11.471742] (-) TimerEvent: {}
[11.572270] (-) TimerEvent: {}
[11.673033] (-) TimerEvent: {}
[11.773839] (-) TimerEvent: {}
[11.874631] (-) TimerEvent: {}
[11.975499] (-) TimerEvent: {}
[12.076204] (-) TimerEvent: {}
[12.176705] (-) TimerEvent: {}
[12.277434] (-) TimerEvent: {}
[12.378189] (-) TimerEvent: {}
[12.479232] (-) TimerEvent: {}
[12.580138] (-) TimerEvent: {}
[12.680760] (-) TimerEvent: {}
[12.781156] (-) TimerEvent: {}
[12.881849] (-) TimerEvent: {}
[12.982570] (-) TimerEvent: {}
[13.083543] (-) TimerEvent: {}
[13.184176] (-) TimerEvent: {}
[13.284758] (-) TimerEvent: {}
[13.385289] (-) TimerEvent: {}
[13.486156] (-) TimerEvent: {}
[13.586876] (-) TimerEvent: {}
[13.687742] (-) TimerEvent: {}
[13.788241] (-) TimerEvent: {}
[13.888611] (-) TimerEvent: {}
[13.989021] (-) TimerEvent: {}
[14.089560] (-) TimerEvent: {}
[14.190008] (-) TimerEvent: {}
[14.244109] (sllidar_ros2) StderrLine: {'line': b'In file included from \x1b[01m\x1b[K/home/nathan/ros2_ws/src/sllidar_ros2/./sdk/include/rplidar_protocol.h:36\x1b[m\x1b[K,\n'}
[14.244423] (sllidar_ros2) StderrLine: {'line': b'                 from \x1b[01m\x1b[K/home/nathan/ros2_ws/src/sllidar_ros2/./sdk/include/rplidar.h:39\x1b[m\x1b[K,\n'}
[14.244601] (sllidar_ros2) StderrLine: {'line': b'                 from \x1b[01m\x1b[K/home/nathan/ros2_ws/src/sllidar_ros2/./sdk/src/sdkcommon.h:49\x1b[m\x1b[K,\n'}
[14.244787] (sllidar_ros2) StderrLine: {'line': b'                 from \x1b[01m\x1b[K/home/nathan/ros2_ws/src/sllidar_ros2/sdk/src/arch/linux/net_socket.cpp:10\x1b[m\x1b[K:\n'}
[14.245097] (sllidar_ros2) StderrLine: {'line': b'\x1b[01m\x1b[K/home/nathan/ros2_ws/src/sllidar_ros2/./sdk/include/sl_lidar_protocol.h:66:16:\x1b[m\x1b[K \x1b[01;35m\x1b[Kwarning: \x1b[m\x1b[KISO C++ forbids zero-size array \xe2\x80\x98\x1b[01m\x1b[Kdata\x1b[m\x1b[K\xe2\x80\x99 [\x1b[01;35m\x1b[K\x1b]8;;https://gcc.gnu.org/onlinedocs/gcc/Warning-Options.html#index-Wpedantic\x07-Wpedantic\x1b]8;;\x07\x1b[m\x1b[K]\n'}
[14.245268] (sllidar_ros2) StderrLine: {'line': b'   66 |     sl_u8 data[\x1b[01;35m\x1b[K0\x1b[m\x1b[K];\n'}
[14.245430] (sllidar_ros2) StderrLine: {'line': b'      |                \x1b[01;35m\x1b[K^\x1b[m\x1b[K\n'}
[14.245582] (sllidar_ros2) StderrLine: {'line': b'In file included from \x1b[01m\x1b[K/home/nathan/ros2_ws/src/sllidar_ros2/./sdk/include/rplidar_cmd.h:36\x1b[m\x1b[K,\n'}
[14.245739] (sllidar_ros2) StderrLine: {'line': b'                 from \x1b[01m\x1b[K/home/nathan/ros2_ws/src/sllidar_ros2/./sdk/include/rplidar.h:40\x1b[m\x1b[K,\n'}
[14.245888] (sllidar_ros2) StderrLine: {'line': b'                 from \x1b[01m\x1b[K/home/nathan/ros2_ws/src/sllidar_ros2/./sdk/src/sdkcommon.h:49\x1b[m\x1b[K,\n'}
[14.246029] (sllidar_ros2) StderrLine: {'line': b'                 from \x1b[01m\x1b[K/home/nathan/ros2_ws/src/sllidar_ros2/sdk/src/arch/linux/net_socket.cpp:10\x1b[m\x1b[K:\n'}
[14.246170] (sllidar_ros2) StderrLine: {'line': b'\x1b[01m\x1b[K/home/nathan/ros2_ws/src/sllidar_ros2/./sdk/include/sl_lidar_cmd.h:324:20:\x1b[m\x1b[K \x1b[01;35m\x1b[Kwarning: \x1b[m\x1b[KISO C++ forbids zero-size array \xe2\x80\x98\x1b[01m\x1b[Kpayload\x1b[m\x1b[K\xe2\x80\x99 [\x1b[01;35m\x1b[K\x1b]8;;https://gcc.gnu.org/onlinedocs/gcc/Warning-Options.html#index-Wpedantic\x07-Wpedantic\x1b]8;;\x07\x1b[m\x1b[K]\n'}
[14.246318] (sllidar_ros2) StderrLine: {'line': b'  324 |     sl_u8  payload[\x1b[01;35m\x1b[K0\x1b[m\x1b[K];\n'}
[14.246461] (sllidar_ros2) StderrLine: {'line': b'      |                    \x1b[01;35m\x1b[K^\x1b[m\x1b[K\n'}
[14.290139] (-) TimerEvent: {}
[14.311606] (sllidar_ros2) StderrLine: {'line': b'In file included from \x1b[01m\x1b[K/home/nathan/ros2_ws/src/sllidar_ros2/./sdk/src/arch/linux/arch_linux.h:42\x1b[m\x1b[K,\n'}
[14.311944] (sllidar_ros2) StderrLine: {'line': b'                 from \x1b[01m\x1b[K/home/nathan/ros2_ws/src/sllidar_ros2/./sdk/src/sdkcommon.h:41\x1b[m\x1b[K,\n'}
[14.312139] (sllidar_ros2) StderrLine: {'line': b'                 from \x1b[01m\x1b[K/home/nathan/ros2_ws/src/sllidar_ros2/sdk/src/arch/linux/net_socket.cpp:10\x1b[m\x1b[K:\n'}
[14.312299] (sllidar_ros2) StderrLine: {'line': b'\x1b[01m\x1b[K/home/nathan/ros2_ws/src/sllidar_ros2/sdk/src/arch/linux/net_socket.cpp:\x1b[m\x1b[K In member function \xe2\x80\x98\x1b[01m\x1b[Kvirtual u_result rp::arch::net::DGramSocketImpl::sendTo(const rp::net::SocketAddress*, const void*, size_t)\x1b[m\x1b[K\xe2\x80\x99:\n'}
[14.312449] (sllidar_ros2) StderrLine: {'line': b'\x1b[01m\x1b[K/home/nathan/ros2_ws/src/sllidar_ros2/sdk/src/arch/linux/net_socket.cpp:733:24:\x1b[m\x1b[K \x1b[01;35m\x1b[Kwarning: \x1b[m\x1b[Kcomparison of integer expressions of different signedness: \xe2\x80\x98\x1b[01m\x1b[Kint\x1b[m\x1b[K\xe2\x80\x99 and \xe2\x80\x98\x1b[01m\x1b[Ksize_t\x1b[m\x1b[K\xe2\x80\x99 {aka \xe2\x80\x98\x1b[01m\x1b[Klong unsigned int\x1b[m\x1b[K\xe2\x80\x99} [\x1b[01;35m\x1b[K\x1b]8;;https://gcc.gnu.org/onlinedocs/gcc/Warning-Options.html#index-Wsign-compare\x07-Wsign-compare\x1b]8;;\x07\x1b[m\x1b[K]\n'}
[14.312600] (sllidar_ros2) StderrLine: {'line': b'  733 |             assert(\x1b[01;35m\x1b[Kans == len\x1b[m\x1b[K);\n'}
[14.312752] (sllidar_ros2) StderrLine: {'line': b'      |                    \x1b[01;35m\x1b[K~~~~^~~~~~\x1b[m\x1b[K\n'}
[14.338507] (sllidar_ros2) StderrLine: {'line': b'\x1b[01m\x1b[K/home/nathan/ros2_ws/src/sllidar_ros2/sdk/src/arch/linux/net_serial.cpp:\x1b[m\x1b[K In member function \xe2\x80\x98\x1b[01m\x1b[Kbool rp::arch::net::raw_serial::open(const char*, uint32_t, uint32_t)\x1b[m\x1b[K\xe2\x80\x99:\n'}
[14.338718] (sllidar_ros2) StderrLine: {'line': b'\x1b[01m\x1b[K/home/nathan/ros2_ws/src/sllidar_ros2/sdk/src/arch/linux/net_serial.cpp:97:74:\x1b[m\x1b[K \x1b[01;35m\x1b[Kwarning: \x1b[m\x1b[Kunused parameter \xe2\x80\x98\x1b[01m\x1b[Kflags\x1b[m\x1b[K\xe2\x80\x99 [\x1b[01;35m\x1b[K\x1b]8;;https://gcc.gnu.org/onlinedocs/gcc/Warning-Options.html#index-Wunused-parameter\x07-Wunused-parameter\x1b]8;;\x07\x1b[m\x1b[K]\n'}
[14.338846] (sllidar_ros2) StderrLine: {'line': b'   97 | bool raw_serial::open(const char * portname, uint32_t baudrate, \x1b[01;35m\x1b[Kuint32_t flags\x1b[m\x1b[K)\n'}
[14.338930] (sllidar_ros2) StderrLine: {'line': b'      |                                                                 \x1b[01;35m\x1b[K~~~~~~~~~^~~~~\x1b[m\x1b[K\n'}
[14.339082] (sllidar_ros2) StderrLine: {'line': b'\x1b[01m\x1b[K/home/nathan/ros2_ws/src/sllidar_ros2/sdk/src/arch/linux/net_serial.cpp:\x1b[m\x1b[K In member function \xe2\x80\x98\x1b[01m\x1b[Kvirtual void rp::arch::net::raw_serial::flush(_u32)\x1b[m\x1b[K\xe2\x80\x99:\n'}
[14.339198] (sllidar_ros2) StderrLine: {'line': b'\x1b[01m\x1b[K/home/nathan/ros2_ws/src/sllidar_ros2/sdk/src/arch/linux/net_serial.cpp:281:30:\x1b[m\x1b[K \x1b[01;35m\x1b[Kwarning: \x1b[m\x1b[Kunused parameter \xe2\x80\x98\x1b[01m\x1b[Kflags\x1b[m\x1b[K\xe2\x80\x99 [\x1b[01;35m\x1b[K\x1b]8;;https://gcc.gnu.org/onlinedocs/gcc/Warning-Options.html#index-Wunused-parameter\x07-Wunused-parameter\x1b]8;;\x07\x1b[m\x1b[K]\n'}
[14.339407] (sllidar_ros2) StderrLine: {'line': b'  281 | void raw_serial::flush( \x1b[01;35m\x1b[K_u32 flags\x1b[m\x1b[K)\n'}
[14.339514] (sllidar_ros2) StderrLine: {'line': b'      |                         \x1b[01;35m\x1b[K~~~~~^~~~~\x1b[m\x1b[K\n'}
[14.339584] (sllidar_ros2) StderrLine: {'line': b'\x1b[01m\x1b[K/home/nathan/ros2_ws/src/sllidar_ros2/sdk/src/arch/linux/net_serial.cpp:\x1b[m\x1b[K In member function \xe2\x80\x98\x1b[01m\x1b[Kvirtual int rp::arch::net::raw_serial::waitforsent(_u32, size_t*)\x1b[m\x1b[K\xe2\x80\x99:\n'}
[14.339657] (sllidar_ros2) StderrLine: {'line': b'\x1b[01m\x1b[K/home/nathan/ros2_ws/src/sllidar_ros2/sdk/src/arch/linux/net_serial.cpp:286:34:\x1b[m\x1b[K \x1b[01;35m\x1b[Kwarning: \x1b[m\x1b[Kunused parameter \xe2\x80\x98\x1b[01m\x1b[Ktimeout\x1b[m\x1b[K\xe2\x80\x99 [\x1b[01;35m\x1b[K\x1b]8;;https://gcc.gnu.org/onlinedocs/gcc/Warning-Options.html#index-Wunused-parameter\x07-Wunused-parameter\x1b]8;;\x07\x1b[m\x1b[K]\n'}
[14.339732] (sllidar_ros2) StderrLine: {'line': b'  286 | int raw_serial::waitforsent(\x1b[01;35m\x1b[K_u32 timeout\x1b[m\x1b[K, size_t * returned_size)\n'}
[14.339804] (sllidar_ros2) StderrLine: {'line': b'      |                             \x1b[01;35m\x1b[K~~~~~^~~~~~~\x1b[m\x1b[K\n'}
[14.339865] (sllidar_ros2) StderrLine: {'line': b'\x1b[01m\x1b[K/home/nathan/ros2_ws/src/sllidar_ros2/sdk/src/arch/linux/net_serial.cpp:\x1b[m\x1b[K In member function \xe2\x80\x98\x1b[01m\x1b[Kvirtual int rp::arch::net::raw_serial::waitforrecv(_u32, size_t*)\x1b[m\x1b[K\xe2\x80\x99:\n'}
[14.339926] (sllidar_ros2) StderrLine: {'line': b'\x1b[01m\x1b[K/home/nathan/ros2_ws/src/sllidar_ros2/sdk/src/arch/linux/net_serial.cpp:292:34:\x1b[m\x1b[K \x1b[01;35m\x1b[Kwarning: \x1b[m\x1b[Kunused parameter \xe2\x80\x98\x1b[01m\x1b[Ktimeout\x1b[m\x1b[K\xe2\x80\x99 [\x1b[01;35m\x1b[K\x1b]8;;https://gcc.gnu.org/onlinedocs/gcc/Warning-Options.html#index-Wunused-parameter\x07-Wunused-parameter\x1b]8;;\x07\x1b[m\x1b[K]\n'}
[14.339990] (sllidar_ros2) StderrLine: {'line': b'  292 | int raw_serial::waitforrecv(\x1b[01;35m\x1b[K_u32 timeout\x1b[m\x1b[K, size_t * returned_size)\n'}
[14.340051] (sllidar_ros2) StderrLine: {'line': b'      |                             \x1b[01;35m\x1b[K~~~~~^~~~~~~\x1b[m\x1b[K\n'}
[14.340773] (sllidar_ros2) StderrLine: {'line': b'\x1b[01m\x1b[K/home/nathan/ros2_ws/src/sllidar_ros2/sdk/src/arch/linux/net_serial.cpp:\x1b[m\x1b[K In member function \xe2\x80\x98\x1b[01m\x1b[Kvirtual void rp::arch::net::raw_serial::cancelOperation()\x1b[m\x1b[K\xe2\x80\x99:\n'}
[14.340859] (sllidar_ros2) StderrLine: {'line': b'\x1b[01m\x1b[K/home/nathan/ros2_ws/src/sllidar_ros2/sdk/src/arch/linux/net_serial.cpp:427:5:\x1b[m\x1b[K \x1b[01;35m\x1b[Kwarning: \x1b[m\x1b[Kvalue computed is not used [\x1b[01;35m\x1b[K\x1b]8;;https://gcc.gnu.org/onlinedocs/gcc/Warning-Options.html#index-Wunused-value\x07-Wunused-value\x1b]8;;\x07\x1b[m\x1b[K]\n'}
[14.340934] (sllidar_ros2) StderrLine: {'line': b'  427 |     \x1b[01;35m\x1b[K(int)::write(_selfpipe[1], "x", 1)\x1b[m\x1b[K;\n'}
[14.340996] (sllidar_ros2) StderrLine: {'line': b'      |     \x1b[01;35m\x1b[K^~~~~~~~~~~~~~~~~~~~~~~~~~~~~~~~~~\x1b[m\x1b[K\n'}
[14.390264] (-) TimerEvent: {}
[14.490764] (-) TimerEvent: {}
[14.591410] (-) TimerEvent: {}
[14.692112] (-) TimerEvent: {}
[14.792804] (-) TimerEvent: {}
[14.893448] (-) TimerEvent: {}
[14.994124] (-) TimerEvent: {}
[15.097100] (-) TimerEvent: {}
[15.197962] (-) TimerEvent: {}
[15.298301] (-) TimerEvent: {}
[15.398691] (-) TimerEvent: {}
[15.499182] (-) TimerEvent: {}
[15.599637] (-) TimerEvent: {}
[15.700344] (-) TimerEvent: {}
[15.801083] (-) TimerEvent: {}
[15.901818] (-) TimerEvent: {}
[15.931602] (sllidar_ros2) StdoutLine: {'line': b'[ 25%] \x1b[32mBuilding CXX object CMakeFiles/sllidar_node.dir/sdk/src/arch/linux/timer.cpp.o\x1b[0m\n'}
[15.980115] (sllidar_ros2) StdoutLine: {'line': b'[ 30%] \x1b[32mBuilding CXX object CMakeFiles/sllidar_node.dir/sdk/src/dataunpacker/dataunpacker.cpp.o\x1b[0m\n'}
[16.001939] (-) TimerEvent: {}
[16.073016] (joy_tester) Command: {'cmd': ['/usr/bin/python3', '-W', 'ignore:setup.py install is deprecated', '-W', 'ignore:easy_install command is deprecated', 'setup.py', 'egg_info', '--egg-base', '../../build/joy_tester', 'build', '--build-base', '/home/nathan/ros2_ws/build/joy_tester/build', 'install', '--record', '/home/nathan/ros2_ws/build/joy_tester/install.log', '--single-version-externally-managed', 'install_data'], 'cwd': '/home/nathan/ros2_ws/src/joy_tester', 'env': {'LESSOPEN': '| /usr/bin/lesspipe %s', 'USER': 'nathan', 'LC_TIME': 'sw_KE', 'XDG_SESSION_TYPE': 'wayland', 'SHLVL': '1', 'LD_LIBRARY_PATH': '/home/nathan/ros2_ws/install/diffdrive_arduino/lib:/usr/lib/x86_64-linux-gnu/gazebo-11/plugins:/opt/ros/humble/opt/rviz_ogre_vendor/lib:/opt/ros/humble/lib/x86_64-linux-gnu:/opt/ros/humble/lib', 'HOME': '/home/nathan', 'OLDPWD': '/home/nathan', 'DESKTOP_SESSION': 'ubuntu', 'ROS_PYTHON_VERSION': '3', 'GNOME_SHELL_SESSION_MODE': 'ubuntu', 'GTK_MODULES': 'gail:atk-bridge', 'LC_MONETARY': 'sw_KE', 'SYSTEMD_EXEC_PID': '1584', 'DBUS_SESSION_BUS_ADDRESS': 'unix:path=/run/user/1000/bus', 'COLORTERM': 'truecolor', 'IM_CONFIG_PHASE': '1', 'WAYLAND_DISPLAY': 'wayland-0', 'COLCON_PREFIX_PATH': '/home/nathan/ros2_ws/install', 'ROS_DISTRO': 'humble', 'LOGNAME': 'nathan', '_': '/usr/bin/colcon', 'ROS_VERSION': '2', 'XDG_SESSION_CLASS': 'user', 'USERNAME': 'nathan', 'TERM': 'xterm-256color', 'GNOME_DESKTOP_SESSION_ID': 'this-is-deprecated', 'ROS_LOCALHOST_ONLY': '0', 'PATH': '/opt/ros/humble/bin:/home/nathan/.local/bin:/usr/local/sbin:/usr/local/bin:/usr/sbin:/usr/bin:/sbin:/bin:/usr/games:/usr/local/games:/snap/bin:/snap/bin', 'SESSION_MANAGER': 'local/nathan:@/tmp/.ICE-unix/1556,unix/nathan:/tmp/.ICE-unix/1556', 'XDG_MENU_PREFIX': 'gnome-', 'LC_ADDRESS': 'sw_KE', 'GNOME_TERMINAL_SCREEN': '/org/gnome/Terminal/screen/82718a6d_e3c1_4342_ab85_cc6ec652b17e', 'GNOME_SETUP_DISPLAY': ':1', 'XDG_RUNTIME_DIR': '/run/user/1000', 'DISPLAY': ':0', 'LANG': 'en_US.UTF-8', 'XDG_CURRENT_DESKTOP': 'ubuntu:GNOME', 'LC_TELEPHONE': 'sw_KE', 'XMODIFIERS': '@im=ibus', 'XDG_SESSION_DESKTOP': 'ubuntu', 'XAUTHORITY': '/run/user/1000/.mutter-Xwaylandauth.EPJUD3', 'LS_COLORS': 'rs=0:di=01;34:ln=01;36:mh=00:pi=40;33:so=01;35:do=01;35:bd=40;33;01:cd=40;33;01:or=40;31;01:mi=00:su=37;41:sg=30;43:ca=30;41:tw=30;42:ow=34;42:st=37;44:ex=01;32:*.tar=01;31:*.tgz=01;31:*.arc=01;31:*.arj=01;31:*.taz=01;31:*.lha=01;31:*.lz4=01;31:*.lzh=01;31:*.lzma=01;31:*.tlz=01;31:*.txz=01;31:*.tzo=01;31:*.t7z=01;31:*.zip=01;31:*.z=01;31:*.dz=01;31:*.gz=01;31:*.lrz=01;31:*.lz=01;31:*.lzo=01;31:*.xz=01;31:*.zst=01;31:*.tzst=01;31:*.bz2=01;31:*.bz=01;31:*.tbz=01;31:*.tbz2=01;31:*.tz=01;31:*.deb=01;31:*.rpm=01;31:*.jar=01;31:*.war=01;31:*.ear=01;31:*.sar=01;31:*.rar=01;31:*.alz=01;31:*.ace=01;31:*.zoo=01;31:*.cpio=01;31:*.7z=01;31:*.rz=01;31:*.cab=01;31:*.wim=01;31:*.swm=01;31:*.dwm=01;31:*.esd=01;31:*.jpg=01;35:*.jpeg=01;35:*.mjpg=01;35:*.mjpeg=01;35:*.gif=01;35:*.bmp=01;35:*.pbm=01;35:*.pgm=01;35:*.ppm=01;35:*.tga=01;35:*.xbm=01;35:*.xpm=01;35:*.tif=01;35:*.tiff=01;35:*.png=01;35:*.svg=01;35:*.svgz=01;35:*.mng=01;35:*.pcx=01;35:*.mov=01;35:*.mpg=01;35:*.mpeg=01;35:*.m2v=01;35:*.mkv=01;35:*.webm=01;35:*.webp=01;35:*.ogm=01;35:*.mp4=01;35:*.m4v=01;35:*.mp4v=01;35:*.vob=01;35:*.qt=01;35:*.nuv=01;35:*.wmv=01;35:*.asf=01;35:*.rm=01;35:*.rmvb=01;35:*.flc=01;35:*.avi=01;35:*.fli=01;35:*.flv=01;35:*.gl=01;35:*.dl=01;35:*.xcf=01;35:*.xwd=01;35:*.yuv=01;35:*.cgm=01;35:*.emf=01;35:*.ogv=01;35:*.ogx=01;35:*.aac=00;36:*.au=00;36:*.flac=00;36:*.m4a=00;36:*.mid=00;36:*.midi=00;36:*.mka=00;36:*.mp3=00;36:*.mpc=00;36:*.ogg=00;36:*.ra=00;36:*.wav=00;36:*.oga=00;36:*.opus=00;36:*.spx=00;36:*.xspf=00;36:', 'GNOME_TERMINAL_SERVICE': ':1.126', 'SSH_AGENT_LAUNCHER': 'gnome-keyring', 'SSH_AUTH_SOCK': '/run/user/1000/keyring/ssh', 'AMENT_PREFIX_PATH': '/home/nathan/ros2_ws/install/sllidar_ros2:/home/nathan/ros2_ws/install/rdj2025_potato_disease_detection:/home/nathan/ros2_ws/install/joy_tester:/home/nathan/ros2_ws/install/dojo:/home/nathan/ros2_ws/install/diffdrive_arduino:/home/nathan/ros2_ws/install/articubot_one:/opt/ros/humble', 'SHELL': '/bin/bash', 'LC_NAME': 'sw_KE', 'QT_ACCESSIBILITY': '1', 'GDMSESSION': 'ubuntu', 'LESSCLOSE': '/usr/bin/lesspipe %s %s', 'LC_MEASUREMENT': 'sw_KE', 'LC_IDENTIFICATION': 'sw_KE', 'QT_IM_MODULE': 'ibus', 'PWD': '/home/nathan/ros2_ws/build/joy_tester', 'XDG_CONFIG_DIRS': '/etc/xdg/xdg-ubuntu:/etc/xdg', 'XDG_DATA_DIRS': '/usr/share/ubuntu:/usr/local/share/:/usr/share/:/var/lib/snapd/desktop', 'PYTHONPATH': '/home/nathan/ros2_ws/build/joy_tester/prefix_override:/usr/lib/python3/dist-packages/colcon_core/task/python/colcon_distutils_commands:/home/nathan/ros2_ws/install/joy_tester/lib/python3.10/site-packages:/home/nathan/ros2_ws/install/rdj2025_potato_disease_detection/lib/python3.10/site-packages:/home/nathan/ros2_ws/install/joy_tester/lib/python3.10/site-packages:/opt/ros/humble/lib/python3.10/site-packages:/opt/ros/humble/local/lib/python3.10/dist-packages', 'LC_NUMERIC': 'sw_KE', 'LC_PAPER': 'sw_KE', 'COLCON': '1', 'VTE_VERSION': '6800', 'CMAKE_PREFIX_PATH': '/home/nathan/ros2_ws/install/sllidar_ros2:/home/nathan/ros2_ws/install/dojo:/home/nathan/ros2_ws/install/diffdrive_arduino:/home/nathan/ros2_ws/install/articubot_one'}, 'shell': False}
[16.102042] (-) TimerEvent: {}
[16.135011] (rdj2025_potato_disease_detection) Command: {'cmd': ['/usr/bin/python3', '-W', 'ignore:setup.py install is deprecated', '-W', 'ignore:easy_install command is deprecated', 'setup.py', 'egg_info', '--egg-base', '../../build/rdj2025_potato_disease_detection', 'build', '--build-base', '/home/nathan/ros2_ws/build/rdj2025_potato_disease_detection/build', 'install', '--record', '/home/nathan/ros2_ws/build/rdj2025_potato_disease_detection/install.log', '--single-version-externally-managed', 'install_data'], 'cwd': '/home/nathan/ros2_ws/src/rdj2025_potato_disease_detection', 'env': {'LESSOPEN': '| /usr/bin/lesspipe %s', 'USER': 'nathan', 'LC_TIME': 'sw_KE', 'XDG_SESSION_TYPE': 'wayland', 'SHLVL': '1', 'LD_LIBRARY_PATH': '/home/nathan/ros2_ws/install/diffdrive_arduino/lib:/usr/lib/x86_64-linux-gnu/gazebo-11/plugins:/opt/ros/humble/opt/rviz_ogre_vendor/lib:/opt/ros/humble/lib/x86_64-linux-gnu:/opt/ros/humble/lib', 'HOME': '/home/nathan', 'OLDPWD': '/home/nathan', 'DESKTOP_SESSION': 'ubuntu', 'ROS_PYTHON_VERSION': '3', 'GNOME_SHELL_SESSION_MODE': 'ubuntu', 'GTK_MODULES': 'gail:atk-bridge', 'LC_MONETARY': 'sw_KE', 'SYSTEMD_EXEC_PID': '1584', 'DBUS_SESSION_BUS_ADDRESS': 'unix:path=/run/user/1000/bus', 'COLORTERM': 'truecolor', 'IM_CONFIG_PHASE': '1', 'WAYLAND_DISPLAY': 'wayland-0', 'COLCON_PREFIX_PATH': '/home/nathan/ros2_ws/install', 'ROS_DISTRO': 'humble', 'LOGNAME': 'nathan', '_': '/usr/bin/colcon', 'ROS_VERSION': '2', 'XDG_SESSION_CLASS': 'user', 'USERNAME': 'nathan', 'TERM': 'xterm-256color', 'GNOME_DESKTOP_SESSION_ID': 'this-is-deprecated', 'ROS_LOCALHOST_ONLY': '0', 'PATH': '/opt/ros/humble/bin:/home/nathan/.local/bin:/usr/local/sbin:/usr/local/bin:/usr/sbin:/usr/bin:/sbin:/bin:/usr/games:/usr/local/games:/snap/bin:/snap/bin', 'SESSION_MANAGER': 'local/nathan:@/tmp/.ICE-unix/1556,unix/nathan:/tmp/.ICE-unix/1556', 'XDG_MENU_PREFIX': 'gnome-', 'LC_ADDRESS': 'sw_KE', 'GNOME_TERMINAL_SCREEN': '/org/gnome/Terminal/screen/82718a6d_e3c1_4342_ab85_cc6ec652b17e', 'GNOME_SETUP_DISPLAY': ':1', 'XDG_RUNTIME_DIR': '/run/user/1000', 'DISPLAY': ':0', 'LANG': 'en_US.UTF-8', 'XDG_CURRENT_DESKTOP': 'ubuntu:GNOME', 'LC_TELEPHONE': 'sw_KE', 'XMODIFIERS': '@im=ibus', 'XDG_SESSION_DESKTOP': 'ubuntu', 'XAUTHORITY': '/run/user/1000/.mutter-Xwaylandauth.EPJUD3', 'LS_COLORS': 'rs=0:di=01;34:ln=01;36:mh=00:pi=40;33:so=01;35:do=01;35:bd=40;33;01:cd=40;33;01:or=40;31;01:mi=00:su=37;41:sg=30;43:ca=30;41:tw=30;42:ow=34;42:st=37;44:ex=01;32:*.tar=01;31:*.tgz=01;31:*.arc=01;31:*.arj=01;31:*.taz=01;31:*.lha=01;31:*.lz4=01;31:*.lzh=01;31:*.lzma=01;31:*.tlz=01;31:*.txz=01;31:*.tzo=01;31:*.t7z=01;31:*.zip=01;31:*.z=01;31:*.dz=01;31:*.gz=01;31:*.lrz=01;31:*.lz=01;31:*.lzo=01;31:*.xz=01;31:*.zst=01;31:*.tzst=01;31:*.bz2=01;31:*.bz=01;31:*.tbz=01;31:*.tbz2=01;31:*.tz=01;31:*.deb=01;31:*.rpm=01;31:*.jar=01;31:*.war=01;31:*.ear=01;31:*.sar=01;31:*.rar=01;31:*.alz=01;31:*.ace=01;31:*.zoo=01;31:*.cpio=01;31:*.7z=01;31:*.rz=01;31:*.cab=01;31:*.wim=01;31:*.swm=01;31:*.dwm=01;31:*.esd=01;31:*.jpg=01;35:*.jpeg=01;35:*.mjpg=01;35:*.mjpeg=01;35:*.gif=01;35:*.bmp=01;35:*.pbm=01;35:*.pgm=01;35:*.ppm=01;35:*.tga=01;35:*.xbm=01;35:*.xpm=01;35:*.tif=01;35:*.tiff=01;35:*.png=01;35:*.svg=01;35:*.svgz=01;35:*.mng=01;35:*.pcx=01;35:*.mov=01;35:*.mpg=01;35:*.mpeg=01;35:*.m2v=01;35:*.mkv=01;35:*.webm=01;35:*.webp=01;35:*.ogm=01;35:*.mp4=01;35:*.m4v=01;35:*.mp4v=01;35:*.vob=01;35:*.qt=01;35:*.nuv=01;35:*.wmv=01;35:*.asf=01;35:*.rm=01;35:*.rmvb=01;35:*.flc=01;35:*.avi=01;35:*.fli=01;35:*.flv=01;35:*.gl=01;35:*.dl=01;35:*.xcf=01;35:*.xwd=01;35:*.yuv=01;35:*.cgm=01;35:*.emf=01;35:*.ogv=01;35:*.ogx=01;35:*.aac=00;36:*.au=00;36:*.flac=00;36:*.m4a=00;36:*.mid=00;36:*.midi=00;36:*.mka=00;36:*.mp3=00;36:*.mpc=00;36:*.ogg=00;36:*.ra=00;36:*.wav=00;36:*.oga=00;36:*.opus=00;36:*.spx=00;36:*.xspf=00;36:', 'GNOME_TERMINAL_SERVICE': ':1.126', 'SSH_AGENT_LAUNCHER': 'gnome-keyring', 'SSH_AUTH_SOCK': '/run/user/1000/keyring/ssh', 'AMENT_PREFIX_PATH': '/home/nathan/ros2_ws/install/sllidar_ros2:/home/nathan/ros2_ws/install/rdj2025_potato_disease_detection:/home/nathan/ros2_ws/install/joy_tester:/home/nathan/ros2_ws/install/dojo:/home/nathan/ros2_ws/install/diffdrive_arduino:/home/nathan/ros2_ws/install/articubot_one:/opt/ros/humble', 'SHELL': '/bin/bash', 'LC_NAME': 'sw_KE', 'QT_ACCESSIBILITY': '1', 'GDMSESSION': 'ubuntu', 'LESSCLOSE': '/usr/bin/lesspipe %s %s', 'LC_MEASUREMENT': 'sw_KE', 'LC_IDENTIFICATION': 'sw_KE', 'QT_IM_MODULE': 'ibus', 'PWD': '/home/nathan/ros2_ws/build/rdj2025_potato_disease_detection', 'XDG_CONFIG_DIRS': '/etc/xdg/xdg-ubuntu:/etc/xdg', 'XDG_DATA_DIRS': '/usr/share/ubuntu:/usr/local/share/:/usr/share/:/var/lib/snapd/desktop', 'PYTHONPATH': '/home/nathan/ros2_ws/build/rdj2025_potato_disease_detection/prefix_override:/usr/lib/python3/dist-packages/colcon_core/task/python/colcon_distutils_commands:/home/nathan/ros2_ws/install/rdj2025_potato_disease_detection/lib/python3.10/site-packages:/home/nathan/ros2_ws/install/rdj2025_potato_disease_detection/lib/python3.10/site-packages:/home/nathan/ros2_ws/install/joy_tester/lib/python3.10/site-packages:/opt/ros/humble/lib/python3.10/site-packages:/opt/ros/humble/local/lib/python3.10/dist-packages', 'LC_NUMERIC': 'sw_KE', 'LC_PAPER': 'sw_KE', 'COLCON': '1', 'VTE_VERSION': '6800', 'CMAKE_PREFIX_PATH': '/home/nathan/ros2_ws/install/sllidar_ros2:/home/nathan/ros2_ws/install/dojo:/home/nathan/ros2_ws/install/diffdrive_arduino:/home/nathan/ros2_ws/install/articubot_one'}, 'shell': False}
[16.207399] (-) TimerEvent: {}
[16.307785] (-) TimerEvent: {}
[16.409604] (-) TimerEvent: {}
[16.511859] (-) TimerEvent: {}
[16.528903] (joy_tester) StdoutLine: {'line': b'running egg_info\n'}
[16.530443] (joy_tester) StdoutLine: {'line': b'writing ../../build/joy_tester/joy_tester.egg-info/PKG-INFO\n'}
[16.547027] (joy_tester) StdoutLine: {'line': b'writing dependency_links to ../../build/joy_tester/joy_tester.egg-info/dependency_links.txt\n'}
[16.547312] (joy_tester) StdoutLine: {'line': b'writing entry points to ../../build/joy_tester/joy_tester.egg-info/entry_points.txt\n'}
[16.547480] (joy_tester) StdoutLine: {'line': b'writing requirements to ../../build/joy_tester/joy_tester.egg-info/requires.txt\n'}
[16.547620] (joy_tester) StdoutLine: {'line': b'writing top-level names to ../../build/joy_tester/joy_tester.egg-info/top_level.txt\n'}
[16.578364] (joy_tester) StdoutLine: {'line': b"reading manifest file '../../build/joy_tester/joy_tester.egg-info/SOURCES.txt'\n"}
[16.611973] (-) TimerEvent: {}
[16.622868] (joy_tester) StdoutLine: {'line': b"adding license file 'LICENSE'\n"}
[16.624061] (joy_tester) StdoutLine: {'line': b"writing manifest file '../../build/joy_tester/joy_tester.egg-info/SOURCES.txt'\n"}
[16.624390] (joy_tester) StdoutLine: {'line': b'running build\n'}
[16.624575] (joy_tester) StdoutLine: {'line': b'running build_py\n'}
[16.625248] (joy_tester) StdoutLine: {'line': b'running install\n'}
[16.625872] (joy_tester) StdoutLine: {'line': b'running install_lib\n'}
[16.630575] (joy_tester) StdoutLine: {'line': b'running install_data\n'}
[16.630926] (joy_tester) StdoutLine: {'line': b'running install_egg_info\n'}
[16.634317] (joy_tester) StdoutLine: {'line': b"removing '/home/nathan/ros2_ws/install/joy_tester/lib/python3.10/site-packages/joy_tester-0.0.2-py3.10.egg-info' (and everything under it)\n"}
[16.635037] (joy_tester) StdoutLine: {'line': b'Copying ../../build/joy_tester/joy_tester.egg-info to /home/nathan/ros2_ws/install/joy_tester/lib/python3.10/site-packages/joy_tester-0.0.2-py3.10.egg-info\n'}
[16.641500] (rdj2025_potato_disease_detection) StdoutLine: {'line': b'running egg_info\n'}
[16.642489] (rdj2025_potato_disease_detection) StdoutLine: {'line': b'writing ../../build/rdj2025_potato_disease_detection/rdj2025_potato_disease_detection.egg-info/PKG-INFO\n'}
[16.667843] (sllidar_ros2) StdoutLine: {'line': b'[ 35%] \x1b[32mBuilding CXX object CMakeFiles/sllidar_node.dir/sdk/src/dataunpacker/unpacker/handler_capsules.cpp.o\x1b[0m\n'}
[16.677210] (rdj2025_potato_disease_detection) StdoutLine: {'line': b'writing dependency_links to ../../build/rdj2025_potato_disease_detection/rdj2025_potato_disease_detection.egg-info/dependency_links.txt\n'}
[16.677473] (rdj2025_potato_disease_detection) StdoutLine: {'line': b'writing entry points to ../../build/rdj2025_potato_disease_detection/rdj2025_potato_disease_detection.egg-info/entry_points.txt\n'}
[16.677682] (rdj2025_potato_disease_detection) StdoutLine: {'line': b'writing requirements to ../../build/rdj2025_potato_disease_detection/rdj2025_potato_disease_detection.egg-info/requires.txt\n'}
[16.677860] (rdj2025_potato_disease_detection) StdoutLine: {'line': b'writing top-level names to ../../build/rdj2025_potato_disease_detection/rdj2025_potato_disease_detection.egg-info/top_level.txt\n'}
[16.681361] (rdj2025_potato_disease_detection) StdoutLine: {'line': b"reading manifest file '../../build/rdj2025_potato_disease_detection/rdj2025_potato_disease_detection.egg-info/SOURCES.txt'\n"}
[16.688905] (joy_tester) StdoutLine: {'line': b'running install_scripts\n'}
[16.706912] (rdj2025_potato_disease_detection) StdoutLine: {'line': b"writing manifest file '../../build/rdj2025_potato_disease_detection/rdj2025_potato_disease_detection.egg-info/SOURCES.txt'\n"}
[16.707193] (rdj2025_potato_disease_detection) StdoutLine: {'line': b'running build\n'}
[16.707366] (rdj2025_potato_disease_detection) StdoutLine: {'line': b'running build_py\n'}
[16.712242] (-) TimerEvent: {}
[16.718247] (joy_tester) StdoutLine: {'line': b'Installing test_joy script to /home/nathan/ros2_ws/install/joy_tester/lib/joy_tester\n'}
[16.718845] (joy_tester) StdoutLine: {'line': b"writing list of installed files to '/home/nathan/ros2_ws/build/joy_tester/install.log'\n"}
[16.722171] (rdj2025_potato_disease_detection) StdoutLine: {'line': b'running install\n'}
[16.723734] (rdj2025_potato_disease_detection) StdoutLine: {'line': b'running install_lib\n'}
[16.726861] (rdj2025_potato_disease_detection) StdoutLine: {'line': b'running install_data\n'}
[16.727492] (rdj2025_potato_disease_detection) StdoutLine: {'line': b'running install_egg_info\n'}
[16.731902] (rdj2025_potato_disease_detection) StdoutLine: {'line': b"removing '/home/nathan/ros2_ws/install/rdj2025_potato_disease_detection/lib/python3.10/site-packages/rdj2025_potato_disease_detection-0.0.0-py3.10.egg-info' (and everything under it)\n"}
[16.733026] (rdj2025_potato_disease_detection) StdoutLine: {'line': b'Copying ../../build/rdj2025_potato_disease_detection/rdj2025_potato_disease_detection.egg-info to /home/nathan/ros2_ws/install/rdj2025_potato_disease_detection/lib/python3.10/site-packages/rdj2025_potato_disease_detection-0.0.0-py3.10.egg-info\n'}
[16.761793] (rdj2025_potato_disease_detection) StdoutLine: {'line': b'running install_scripts\n'}
[16.773394] (joy_tester) CommandEnded: {'returncode': 0}
[16.788962] (joy_tester) JobEnded: {'identifier': 'joy_tester', 'rc': 0}
[16.797924] (rdj2025_potato_disease_detection) StdoutLine: {'line': b'Installing potato_disease_detection_node script to /home/nathan/ros2_ws/install/rdj2025_potato_disease_detection/lib/rdj2025_potato_disease_detection\n'}
[16.812346] (-) TimerEvent: {}
[16.821311] (rdj2025_potato_disease_detection) StdoutLine: {'line': b'Installing publish_test_image script to /home/nathan/ros2_ws/install/rdj2025_potato_disease_detection/lib/rdj2025_potato_disease_detection\n'}
[16.821917] (rdj2025_potato_disease_detection) StdoutLine: {'line': b"writing list of installed files to '/home/nathan/ros2_ws/build/rdj2025_potato_disease_detection/install.log'\n"}
[16.889911] (rdj2025_potato_disease_detection) CommandEnded: {'returncode': 0}
[16.900368] (rdj2025_potato_disease_detection) JobEnded: {'identifier': 'rdj2025_potato_disease_detection', 'rc': 0}
[16.912488] (-) TimerEvent: {}
[17.012885] (-) TimerEvent: {}
[17.110971] (sllidar_ros2) StderrLine: {'line': b'In file included from \x1b[01m\x1b[K/home/nathan/ros2_ws/src/sllidar_ros2/./sdk/include/rplidar_protocol.h:36\x1b[m\x1b[K,\n'}
[17.111438] (sllidar_ros2) StderrLine: {'line': b'                 from \x1b[01m\x1b[K/home/nathan/ros2_ws/src/sllidar_ros2/./sdk/include/rplidar.h:39\x1b[m\x1b[K,\n'}
[17.111628] (sllidar_ros2) StderrLine: {'line': b'                 from \x1b[01m\x1b[K/home/nathan/ros2_ws/src/sllidar_ros2/./sdk/src/sdkcommon.h:49\x1b[m\x1b[K,\n'}
[17.111818] (sllidar_ros2) StderrLine: {'line': b'                 from \x1b[01m\x1b[K/home/nathan/ros2_ws/src/sllidar_ros2/sdk/src/dataunpacker/dataunnpacker_commondef.h:41\x1b[m\x1b[K,\n'}
[17.111998] (sllidar_ros2) StderrLine: {'line': b'                 from \x1b[01m\x1b[K/home/nathan/ros2_ws/src/sllidar_ros2/sdk/src/dataunpacker/dataunpacker.cpp:39\x1b[m\x1b[K:\n'}
[17.112160] (sllidar_ros2) StderrLine: {'line': b'\x1b[01m\x1b[K/home/nathan/ros2_ws/src/sllidar_ros2/./sdk/include/sl_lidar_protocol.h:66:16:\x1b[m\x1b[K \x1b[01;35m\x1b[Kwarning: \x1b[m\x1b[KISO C++ forbids zero-size array \xe2\x80\x98\x1b[01m\x1b[Kdata\x1b[m\x1b[K\xe2\x80\x99 [\x1b[01;35m\x1b[K\x1b]8;;https://gcc.gnu.org/onlinedocs/gcc/Warning-Options.html#index-Wpedantic\x07-Wpedantic\x1b]8;;\x07\x1b[m\x1b[K]\n'}
[17.112386] (sllidar_ros2) StderrLine: {'line': b'   66 |     sl_u8 data[\x1b[01;35m\x1b[K0\x1b[m\x1b[K];\n'}
[17.112540] (sllidar_ros2) StderrLine: {'line': b'      |                \x1b[01;35m\x1b[K^\x1b[m\x1b[K\n'}
[17.112792] (sllidar_ros2) StderrLine: {'line': b'In file included from \x1b[01m\x1b[K/home/nathan/ros2_ws/src/sllidar_ros2/./sdk/include/rplidar_cmd.h:36\x1b[m\x1b[K,\n'}
[17.112955] (-) TimerEvent: {}
[17.113277] (sllidar_ros2) StderrLine: {'line': b'                 from \x1b[01m\x1b[K/home/nathan/ros2_ws/src/sllidar_ros2/./sdk/include/rplidar.h:40\x1b[m\x1b[K,\n'}
[17.114855] (sllidar_ros2) StderrLine: {'line': b'                 from \x1b[01m\x1b[K/home/nathan/ros2_ws/src/sllidar_ros2/./sdk/src/sdkcommon.h:49\x1b[m\x1b[K,\n'}
[17.115104] (sllidar_ros2) StderrLine: {'line': b'                 from \x1b[01m\x1b[K/home/nathan/ros2_ws/src/sllidar_ros2/sdk/src/dataunpacker/dataunnpacker_commondef.h:41\x1b[m\x1b[K,\n'}
[17.115263] (sllidar_ros2) StderrLine: {'line': b'                 from \x1b[01m\x1b[K/home/nathan/ros2_ws/src/sllidar_ros2/sdk/src/dataunpacker/dataunpacker.cpp:39\x1b[m\x1b[K:\n'}
[17.115410] (sllidar_ros2) StderrLine: {'line': b'\x1b[01m\x1b[K/home/nathan/ros2_ws/src/sllidar_ros2/./sdk/include/sl_lidar_cmd.h:324:20:\x1b[m\x1b[K \x1b[01;35m\x1b[Kwarning: \x1b[m\x1b[KISO C++ forbids zero-size array \xe2\x80\x98\x1b[01m\x1b[Kpayload\x1b[m\x1b[K\xe2\x80\x99 [\x1b[01;35m\x1b[K\x1b]8;;https://gcc.gnu.org/onlinedocs/gcc/Warning-Options.html#index-Wpedantic\x07-Wpedantic\x1b]8;;\x07\x1b[m\x1b[K]\n'}
[17.115571] (sllidar_ros2) StderrLine: {'line': b'  324 |     sl_u8  payload[\x1b[01;35m\x1b[K0\x1b[m\x1b[K];\n'}
[17.115721] (sllidar_ros2) StderrLine: {'line': b'      |                    \x1b[01;35m\x1b[K^\x1b[m\x1b[K\n'}
[17.213082] (-) TimerEvent: {}
[17.315887] (-) TimerEvent: {}
[17.416302] (-) TimerEvent: {}
[17.479682] (sllidar_ros2) StderrLine: {'line': b'In file included from \x1b[01m\x1b[K/home/nathan/ros2_ws/src/sllidar_ros2/sdk/src/dataunpacker/dataunpacker.cpp:40\x1b[m\x1b[K:\n'}
[17.480131] (sllidar_ros2) StderrLine: {'line': b'\x1b[01m\x1b[K/home/nathan/ros2_ws/src/sllidar_ros2/sdk/src/dataunpacker/dataunpacker.h:\x1b[m\x1b[K In member function \xe2\x80\x98\x1b[01m\x1b[Kvirtual void sl::internal::LIDARSampleDataListener::onCustomSampleDataDecoded(_u8, _u32, const void*, size_t)\x1b[m\x1b[K\xe2\x80\x99:\n'}
[17.480436] (sllidar_ros2) StderrLine: {'line': b'\x1b[01m\x1b[K/home/nathan/ros2_ws/src/sllidar_ros2/sdk/src/dataunpacker/dataunpacker.h:54:52:\x1b[m\x1b[K \x1b[01;35m\x1b[Kwarning: \x1b[m\x1b[Kunused parameter \xe2\x80\x98\x1b[01m\x1b[KansType\x1b[m\x1b[K\xe2\x80\x99 [\x1b[01;35m\x1b[K\x1b]8;;https://gcc.gnu.org/onlinedocs/gcc/Warning-Options.html#index-Wunused-parameter\x07-Wunused-parameter\x1b]8;;\x07\x1b[m\x1b[K]\n'}
[17.480843] (sllidar_ros2) StderrLine: {'line': b'   54 |         virtual void onCustomSampleDataDecoded(\x1b[01;35m\x1b[K_u8 ansType\x1b[m\x1b[K, _u32 customCode, const void* data, size_t size) {}\n'}
[17.481033] (sllidar_ros2) StderrLine: {'line': b'      |                                                \x1b[01;35m\x1b[K~~~~^~~~~~~\x1b[m\x1b[K\n'}
[17.481671] (sllidar_ros2) StderrLine: {'line': b'\x1b[01m\x1b[K/home/nathan/ros2_ws/src/sllidar_ros2/sdk/src/dataunpacker/dataunpacker.h:54:66:\x1b[m\x1b[K \x1b[01;35m\x1b[Kwarning: \x1b[m\x1b[Kunused parameter \xe2\x80\x98\x1b[01m\x1b[KcustomCode\x1b[m\x1b[K\xe2\x80\x99 [\x1b[01;35m\x1b[K\x1b]8;;https://gcc.gnu.org/onlinedocs/gcc/Warning-Options.html#index-Wunused-parameter\x07-Wunused-parameter\x1b]8;;\x07\x1b[m\x1b[K]\n'}
[17.481878] (sllidar_ros2) StderrLine: {'line': b'   54 |         virtual void onCustomSampleDataDecoded(_u8 ansType, \x1b[01;35m\x1b[K_u32 customCode\x1b[m\x1b[K, const void* data, size_t size) {}\n'}
[17.482035] (sllidar_ros2) StderrLine: {'line': b'      |                                                             \x1b[01;35m\x1b[K~~~~~^~~~~~~~~~\x1b[m\x1b[K\n'}
[17.482184] (sllidar_ros2) StderrLine: {'line': b'\x1b[01m\x1b[K/home/nathan/ros2_ws/src/sllidar_ros2/sdk/src/dataunpacker/dataunpacker.h:54:90:\x1b[m\x1b[K \x1b[01;35m\x1b[Kwarning: \x1b[m\x1b[Kunused parameter \xe2\x80\x98\x1b[01m\x1b[Kdata\x1b[m\x1b[K\xe2\x80\x99 [\x1b[01;35m\x1b[K\x1b]8;;https://gcc.gnu.org/onlinedocs/gcc/Warning-Options.html#index-Wunused-parameter\x07-Wunused-parameter\x1b]8;;\x07\x1b[m\x1b[K]\n'}
[17.482332] (sllidar_ros2) StderrLine: {'line': b'   54 |         virtual void onCustomSampleDataDecoded(_u8 ansType, _u32 customCode, \x1b[01;35m\x1b[Kconst void* data\x1b[m\x1b[K, size_t size) {}\n'}
[17.482474] (sllidar_ros2) StderrLine: {'line': b'      |                                                                              \x1b[01;35m\x1b[K~~~~~~~~~~~~^~~~\x1b[m\x1b[K\n'}
[17.482617] (sllidar_ros2) StderrLine: {'line': b'\x1b[01m\x1b[K/home/nathan/ros2_ws/src/sllidar_ros2/sdk/src/dataunpacker/dataunpacker.h:54:103:\x1b[m\x1b[K \x1b[01;35m\x1b[Kwarning: \x1b[m\x1b[Kunused parameter \xe2\x80\x98\x1b[01m\x1b[Ksize\x1b[m\x1b[K\xe2\x80\x99 [\x1b[01;35m\x1b[K\x1b]8;;https://gcc.gnu.org/onlinedocs/gcc/Warning-Options.html#index-Wunused-parameter\x07-Wunused-parameter\x1b]8;;\x07\x1b[m\x1b[K]\n'}
[17.482798] (sllidar_ros2) StderrLine: {'line': b'   54 |         virtual void onCustomSampleDataDecoded(_u8 ansType, _u32 customCode, const void* data, \x1b[01;35m\x1b[Ksize_t size\x1b[m\x1b[K) {}\n'}
[17.482943] (sllidar_ros2) StderrLine: {'line': b'      |                                                                                                \x1b[01;35m\x1b[K~~~~~~~^~~~\x1b[m\x1b[K\n'}
[17.483076] (sllidar_ros2) StderrLine: {'line': b'\x1b[01m\x1b[K/home/nathan/ros2_ws/src/sllidar_ros2/sdk/src/dataunpacker/dataunpacker.h:\x1b[m\x1b[K In member function \xe2\x80\x98\x1b[01m\x1b[Kvirtual void sl::internal::LIDARSampleDataListener::onDecodingError(int, _u8, const void*, size_t)\x1b[m\x1b[K\xe2\x80\x99:\n'}
[17.484920] (sllidar_ros2) StderrLine: {'line': b'\x1b[01m\x1b[K/home/nathan/ros2_ws/src/sllidar_ros2/sdk/src/dataunpacker/dataunpacker.h:56:42:\x1b[m\x1b[K \x1b[01;35m\x1b[Kwarning: \x1b[m\x1b[Kunused parameter \xe2\x80\x98\x1b[01m\x1b[KerrMsg\x1b[m\x1b[K\xe2\x80\x99 [\x1b[01;35m\x1b[K\x1b]8;;https://gcc.gnu.org/onlinedocs/gcc/Warning-Options.html#index-Wunused-parameter\x07-Wunused-parameter\x1b]8;;\x07\x1b[m\x1b[K]\n'}
[17.485218] (sllidar_ros2) StderrLine: {'line': b'   56 |         virtual void onDecodingError(\x1b[01;35m\x1b[Kint errMsg\x1b[m\x1b[K, _u8 ansType, const void* payload, size_t size) {}\n'}
[17.485392] (sllidar_ros2) StderrLine: {'line': b'      |                                      \x1b[01;35m\x1b[K~~~~^~~~~~\x1b[m\x1b[K\n'}
[17.485542] (sllidar_ros2) StderrLine: {'line': b'\x1b[01m\x1b[K/home/nathan/ros2_ws/src/sllidar_ros2/sdk/src/dataunpacker/dataunpacker.h:56:54:\x1b[m\x1b[K \x1b[01;35m\x1b[Kwarning: \x1b[m\x1b[Kunused parameter \xe2\x80\x98\x1b[01m\x1b[KansType\x1b[m\x1b[K\xe2\x80\x99 [\x1b[01;35m\x1b[K\x1b]8;;https://gcc.gnu.org/onlinedocs/gcc/Warning-Options.html#index-Wunused-parameter\x07-Wunused-parameter\x1b]8;;\x07\x1b[m\x1b[K]\n'}
[17.485687] (sllidar_ros2) StderrLine: {'line': b'   56 |         virtual void onDecodingError(int errMsg, \x1b[01;35m\x1b[K_u8 ansType\x1b[m\x1b[K, const void* payload, size_t size) {}\n'}
[17.485852] (sllidar_ros2) StderrLine: {'line': b'      |                                                  \x1b[01;35m\x1b[K~~~~^~~~~~~\x1b[m\x1b[K\n'}
[17.486000] (sllidar_ros2) StderrLine: {'line': b'\x1b[01m\x1b[K/home/nathan/ros2_ws/src/sllidar_ros2/sdk/src/dataunpacker/dataunpacker.h:56:75:\x1b[m\x1b[K \x1b[01;35m\x1b[Kwarning: \x1b[m\x1b[Kunused parameter \xe2\x80\x98\x1b[01m\x1b[Kpayload\x1b[m\x1b[K\xe2\x80\x99 [\x1b[01;35m\x1b[K\x1b]8;;https://gcc.gnu.org/onlinedocs/gcc/Warning-Options.html#index-Wunused-parameter\x07-Wunused-parameter\x1b]8;;\x07\x1b[m\x1b[K]\n'}
[17.486158] (sllidar_ros2) StderrLine: {'line': b'   56 |         virtual void onDecodingError(int errMsg, _u8 ansType, \x1b[01;35m\x1b[Kconst void* payload\x1b[m\x1b[K, size_t size) {}\n'}
[17.486304] (sllidar_ros2) StderrLine: {'line': b'      |                                                               \x1b[01;35m\x1b[K~~~~~~~~~~~~^~~~~~~\x1b[m\x1b[K\n'}
[17.486446] (sllidar_ros2) StderrLine: {'line': b'\x1b[01m\x1b[K/home/nathan/ros2_ws/src/sllidar_ros2/sdk/src/dataunpacker/dataunpacker.h:56:91:\x1b[m\x1b[K \x1b[01;35m\x1b[Kwarning: \x1b[m\x1b[Kunused parameter \xe2\x80\x98\x1b[01m\x1b[Ksize\x1b[m\x1b[K\xe2\x80\x99 [\x1b[01;35m\x1b[K\x1b]8;;https://gcc.gnu.org/onlinedocs/gcc/Warning-Options.html#index-Wunused-parameter\x07-Wunused-parameter\x1b]8;;\x07\x1b[m\x1b[K]\n'}
[17.486586] (sllidar_ros2) StderrLine: {'line': b'   56 |         virtual void onDecodingError(int errMsg, _u8 ansType, const void* payload, \x1b[01;35m\x1b[Ksize_t size\x1b[m\x1b[K) {}\n'}
[17.486746] (sllidar_ros2) StderrLine: {'line': b'      |                                                                                    \x1b[01;35m\x1b[K~~~~~~~^~~~\x1b[m\x1b[K\n'}
[17.518788] (-) TimerEvent: {}
[17.619222] (-) TimerEvent: {}
[17.632201] (sllidar_ros2) StderrLine: {'line': b'In file included from \x1b[01m\x1b[K/home/nathan/ros2_ws/src/sllidar_ros2/./sdk/include/rplidar_protocol.h:36\x1b[m\x1b[K,\n'}
[17.632498] (sllidar_ros2) StderrLine: {'line': b'                 from \x1b[01m\x1b[K/home/nathan/ros2_ws/src/sllidar_ros2/./sdk/include/rplidar.h:39\x1b[m\x1b[K,\n'}
[17.632677] (sllidar_ros2) StderrLine: {'line': b'                 from \x1b[01m\x1b[K/home/nathan/ros2_ws/src/sllidar_ros2/./sdk/src/sdkcommon.h:49\x1b[m\x1b[K,\n'}
[17.632864] (sllidar_ros2) StderrLine: {'line': b'                 from \x1b[01m\x1b[K/home/nathan/ros2_ws/src/sllidar_ros2/sdk/src/dataunpacker/unpacker/../dataunnpacker_commondef.h:41\x1b[m\x1b[K,\n'}
[17.633059] (sllidar_ros2) StderrLine: {'line': b'                 from \x1b[01m\x1b[K/home/nathan/ros2_ws/src/sllidar_ros2/sdk/src/dataunpacker/unpacker/handler_capsules.cpp:39\x1b[m\x1b[K:\n'}
[17.633211] (sllidar_ros2) StderrLine: {'line': b'\x1b[01m\x1b[K/home/nathan/ros2_ws/src/sllidar_ros2/./sdk/include/sl_lidar_protocol.h:66:16:\x1b[m\x1b[K \x1b[01;35m\x1b[Kwarning: \x1b[m\x1b[KISO C++ forbids zero-size array \xe2\x80\x98\x1b[01m\x1b[Kdata\x1b[m\x1b[K\xe2\x80\x99 [\x1b[01;35m\x1b[K\x1b]8;;https://gcc.gnu.org/onlinedocs/gcc/Warning-Options.html#index-Wpedantic\x07-Wpedantic\x1b]8;;\x07\x1b[m\x1b[K]\n'}
[17.633361] (sllidar_ros2) StderrLine: {'line': b'   66 |     sl_u8 data[\x1b[01;35m\x1b[K0\x1b[m\x1b[K];\n'}
[17.633491] (sllidar_ros2) StderrLine: {'line': b'      |                \x1b[01;35m\x1b[K^\x1b[m\x1b[K\n'}
[17.634769] (sllidar_ros2) StderrLine: {'line': b'In file included from \x1b[01m\x1b[K/home/nathan/ros2_ws/src/sllidar_ros2/./sdk/include/rplidar_cmd.h:36\x1b[m\x1b[K,\n'}
[17.635027] (sllidar_ros2) StderrLine: {'line': b'                 from \x1b[01m\x1b[K/home/nathan/ros2_ws/src/sllidar_ros2/./sdk/include/rplidar.h:40\x1b[m\x1b[K,\n'}
[17.635204] (sllidar_ros2) StderrLine: {'line': b'                 from \x1b[01m\x1b[K/home/nathan/ros2_ws/src/sllidar_ros2/./sdk/src/sdkcommon.h:49\x1b[m\x1b[K,\n'}
[17.635357] (sllidar_ros2) StderrLine: {'line': b'                 from \x1b[01m\x1b[K/home/nathan/ros2_ws/src/sllidar_ros2/sdk/src/dataunpacker/unpacker/../dataunnpacker_commondef.h:41\x1b[m\x1b[K,\n'}
[17.635508] (sllidar_ros2) StderrLine: {'line': b'                 from \x1b[01m\x1b[K/home/nathan/ros2_ws/src/sllidar_ros2/sdk/src/dataunpacker/unpacker/handler_capsules.cpp:39\x1b[m\x1b[K:\n'}
[17.635650] (sllidar_ros2) StderrLine: {'line': b'\x1b[01m\x1b[K/home/nathan/ros2_ws/src/sllidar_ros2/./sdk/include/sl_lidar_cmd.h:324:20:\x1b[m\x1b[K \x1b[01;35m\x1b[Kwarning: \x1b[m\x1b[KISO C++ forbids zero-size array \xe2\x80\x98\x1b[01m\x1b[Kpayload\x1b[m\x1b[K\xe2\x80\x99 [\x1b[01;35m\x1b[K\x1b]8;;https://gcc.gnu.org/onlinedocs/gcc/Warning-Options.html#index-Wpedantic\x07-Wpedantic\x1b]8;;\x07\x1b[m\x1b[K]\n'}
[17.635822] (sllidar_ros2) StderrLine: {'line': b'  324 |     sl_u8  payload[\x1b[01;35m\x1b[K0\x1b[m\x1b[K];\n'}
[17.635981] (sllidar_ros2) StderrLine: {'line': b'      |                    \x1b[01;35m\x1b[K^\x1b[m\x1b[K\n'}
[17.720793] (-) TimerEvent: {}
[17.821362] (-) TimerEvent: {}
[17.921921] (-) TimerEvent: {}
[17.973653] (sllidar_ros2) StderrLine: {'line': b'In file included from \x1b[01m\x1b[K/home/nathan/ros2_ws/src/sllidar_ros2/sdk/src/dataunpacker/unpacker/handler_capsules.cpp:40\x1b[m\x1b[K:\n'}
[17.973969] (sllidar_ros2) StderrLine: {'line': b'\x1b[01m\x1b[K/home/nathan/ros2_ws/src/sllidar_ros2/sdk/src/dataunpacker/unpacker/../dataunpacker.h:\x1b[m\x1b[K In member function \xe2\x80\x98\x1b[01m\x1b[Kvirtual void sl::internal::LIDARSampleDataListener::onCustomSampleDataDecoded(_u8, _u32, const void*, size_t)\x1b[m\x1b[K\xe2\x80\x99:\n'}
[17.974163] (sllidar_ros2) StderrLine: {'line': b'\x1b[01m\x1b[K/home/nathan/ros2_ws/src/sllidar_ros2/sdk/src/dataunpacker/unpacker/../dataunpacker.h:54:52:\x1b[m\x1b[K \x1b[01;35m\x1b[Kwarning: \x1b[m\x1b[Kunused parameter \xe2\x80\x98\x1b[01m\x1b[KansType\x1b[m\x1b[K\xe2\x80\x99 [\x1b[01;35m\x1b[K\x1b]8;;https://gcc.gnu.org/onlinedocs/gcc/Warning-Options.html#index-Wunused-parameter\x07-Wunused-parameter\x1b]8;;\x07\x1b[m\x1b[K]\n'}
[17.974358] (sllidar_ros2) StderrLine: {'line': b'   54 |         virtual void onCustomSampleDataDecoded(\x1b[01;35m\x1b[K_u8 ansType\x1b[m\x1b[K, _u32 customCode, const void* data, size_t size) {}\n'}
[17.974516] (sllidar_ros2) StderrLine: {'line': b'      |                                                \x1b[01;35m\x1b[K~~~~^~~~~~~\x1b[m\x1b[K\n'}
[17.974912] (sllidar_ros2) StderrLine: {'line': b'\x1b[01m\x1b[K/home/nathan/ros2_ws/src/sllidar_ros2/sdk/src/dataunpacker/unpacker/../dataunpacker.h:54:66:\x1b[m\x1b[K \x1b[01;35m\x1b[Kwarning: \x1b[m\x1b[Kunused parameter \xe2\x80\x98\x1b[01m\x1b[KcustomCode\x1b[m\x1b[K\xe2\x80\x99 [\x1b[01;35m\x1b[K\x1b]8;;https://gcc.gnu.org/onlinedocs/gcc/Warning-Options.html#index-Wunused-parameter\x07-Wunused-parameter\x1b]8;;\x07\x1b[m\x1b[K]\n'}
[17.975100] (sllidar_ros2) StderrLine: {'line': b'   54 |         virtual void onCustomSampleDataDecoded(_u8 ansType, \x1b[01;35m\x1b[K_u32 customCode\x1b[m\x1b[K, const void* data, size_t size) {}\n'}
[17.975262] (sllidar_ros2) StderrLine: {'line': b'      |                                                             \x1b[01;35m\x1b[K~~~~~^~~~~~~~~~\x1b[m\x1b[K\n'}
[17.975409] (sllidar_ros2) StderrLine: {'line': b'\x1b[01m\x1b[K/home/nathan/ros2_ws/src/sllidar_ros2/sdk/src/dataunpacker/unpacker/../dataunpacker.h:54:90:\x1b[m\x1b[K \x1b[01;35m\x1b[Kwarning: \x1b[m\x1b[Kunused parameter \xe2\x80\x98\x1b[01m\x1b[Kdata\x1b[m\x1b[K\xe2\x80\x99 [\x1b[01;35m\x1b[K\x1b]8;;https://gcc.gnu.org/onlinedocs/gcc/Warning-Options.html#index-Wunused-parameter\x07-Wunused-parameter\x1b]8;;\x07\x1b[m\x1b[K]\n'}
[17.975558] (sllidar_ros2) StderrLine: {'line': b'   54 |         virtual void onCustomSampleDataDecoded(_u8 ansType, _u32 customCode, \x1b[01;35m\x1b[Kconst void* data\x1b[m\x1b[K, size_t size) {}\n'}
[17.975702] (sllidar_ros2) StderrLine: {'line': b'      |                                                                              \x1b[01;35m\x1b[K~~~~~~~~~~~~^~~~\x1b[m\x1b[K\n'}
[17.975880] (sllidar_ros2) StderrLine: {'line': b'\x1b[01m\x1b[K/home/nathan/ros2_ws/src/sllidar_ros2/sdk/src/dataunpacker/unpacker/../dataunpacker.h:54:103:\x1b[m\x1b[K \x1b[01;35m\x1b[Kwarning: \x1b[m\x1b[Kunused parameter \xe2\x80\x98\x1b[01m\x1b[Ksize\x1b[m\x1b[K\xe2\x80\x99 [\x1b[01;35m\x1b[K\x1b]8;;https://gcc.gnu.org/onlinedocs/gcc/Warning-Options.html#index-Wunused-parameter\x07-Wunused-parameter\x1b]8;;\x07\x1b[m\x1b[K]\n'}
[17.976029] (sllidar_ros2) StderrLine: {'line': b'   54 |         virtual void onCustomSampleDataDecoded(_u8 ansType, _u32 customCode, const void* data, \x1b[01;35m\x1b[Ksize_t size\x1b[m\x1b[K) {}\n'}
[17.976166] (sllidar_ros2) StderrLine: {'line': b'      |                                                                                                \x1b[01;35m\x1b[K~~~~~~~^~~~\x1b[m\x1b[K\n'}
[17.976300] (sllidar_ros2) StderrLine: {'line': b'\x1b[01m\x1b[K/home/nathan/ros2_ws/src/sllidar_ros2/sdk/src/dataunpacker/unpacker/../dataunpacker.h:\x1b[m\x1b[K In member function \xe2\x80\x98\x1b[01m\x1b[Kvirtual void sl::internal::LIDARSampleDataListener::onDecodingError(int, _u8, const void*, size_t)\x1b[m\x1b[K\xe2\x80\x99:\n'}
[17.976436] (sllidar_ros2) StderrLine: {'line': b'\x1b[01m\x1b[K/home/nathan/ros2_ws/src/sllidar_ros2/sdk/src/dataunpacker/unpacker/../dataunpacker.h:56:42:\x1b[m\x1b[K \x1b[01;35m\x1b[Kwarning: \x1b[m\x1b[Kunused parameter \xe2\x80\x98\x1b[01m\x1b[KerrMsg\x1b[m\x1b[K\xe2\x80\x99 [\x1b[01;35m\x1b[K\x1b]8;;https://gcc.gnu.org/onlinedocs/gcc/Warning-Options.html#index-Wunused-parameter\x07-Wunused-parameter\x1b]8;;\x07\x1b[m\x1b[K]\n'}
[17.976572] (sllidar_ros2) StderrLine: {'line': b'   56 |         virtual void onDecodingError(\x1b[01;35m\x1b[Kint errMsg\x1b[m\x1b[K, _u8 ansType, const void* payload, size_t size) {}\n'}
[17.976706] (sllidar_ros2) StderrLine: {'line': b'      |                                      \x1b[01;35m\x1b[K~~~~^~~~~~\x1b[m\x1b[K\n'}
[17.976873] (sllidar_ros2) StderrLine: {'line': b'\x1b[01m\x1b[K/home/nathan/ros2_ws/src/sllidar_ros2/sdk/src/dataunpacker/unpacker/../dataunpacker.h:56:54:\x1b[m\x1b[K \x1b[01;35m\x1b[Kwarning: \x1b[m\x1b[Kunused parameter \xe2\x80\x98\x1b[01m\x1b[KansType\x1b[m\x1b[K\xe2\x80\x99 [\x1b[01;35m\x1b[K\x1b]8;;https://gcc.gnu.org/onlinedocs/gcc/Warning-Options.html#index-Wunused-parameter\x07-Wunused-parameter\x1b]8;;\x07\x1b[m\x1b[K]\n'}
[17.977012] (sllidar_ros2) StderrLine: {'line': b'   56 |         virtual void onDecodingError(int errMsg, \x1b[01;35m\x1b[K_u8 ansType\x1b[m\x1b[K, const void* payload, size_t size) {}\n'}
[17.977140] (sllidar_ros2) StderrLine: {'line': b'      |                                                  \x1b[01;35m\x1b[K~~~~^~~~~~~\x1b[m\x1b[K\n'}
[17.977273] (sllidar_ros2) StderrLine: {'line': b'\x1b[01m\x1b[K/home/nathan/ros2_ws/src/sllidar_ros2/sdk/src/dataunpacker/unpacker/../dataunpacker.h:56:75:\x1b[m\x1b[K \x1b[01;35m\x1b[Kwarning: \x1b[m\x1b[Kunused parameter \xe2\x80\x98\x1b[01m\x1b[Kpayload\x1b[m\x1b[K\xe2\x80\x99 [\x1b[01;35m\x1b[K\x1b]8;;https://gcc.gnu.org/onlinedocs/gcc/Warning-Options.html#index-Wunused-parameter\x07-Wunused-parameter\x1b]8;;\x07\x1b[m\x1b[K]\n'}
[17.977406] (sllidar_ros2) StderrLine: {'line': b'   56 |         virtual void onDecodingError(int errMsg, _u8 ansType, \x1b[01;35m\x1b[Kconst void* payload\x1b[m\x1b[K, size_t size) {}\n'}
[17.977537] (sllidar_ros2) StderrLine: {'line': b'      |                                                               \x1b[01;35m\x1b[K~~~~~~~~~~~~^~~~~~~\x1b[m\x1b[K\n'}
[17.977665] (sllidar_ros2) StderrLine: {'line': b'\x1b[01m\x1b[K/home/nathan/ros2_ws/src/sllidar_ros2/sdk/src/dataunpacker/unpacker/../dataunpacker.h:56:91:\x1b[m\x1b[K \x1b[01;35m\x1b[Kwarning: \x1b[m\x1b[Kunused parameter \xe2\x80\x98\x1b[01m\x1b[Ksize\x1b[m\x1b[K\xe2\x80\x99 [\x1b[01;35m\x1b[K\x1b]8;;https://gcc.gnu.org/onlinedocs/gcc/Warning-Options.html#index-Wunused-parameter\x07-Wunused-parameter\x1b]8;;\x07\x1b[m\x1b[K]\n'}
[17.980033] (sllidar_ros2) StderrLine: {'line': b'   56 |         virtual void onDecodingError(int errMsg, _u8 ansType, const void* payload, \x1b[01;35m\x1b[Ksize_t size\x1b[m\x1b[K) {}\n'}
[17.980260] (sllidar_ros2) StderrLine: {'line': b'      |                                                                                    \x1b[01;35m\x1b[K~~~~~~~^~~~\x1b[m\x1b[K\n'}
[18.017939] (sllidar_ros2) StderrLine: {'line': b'\x1b[01m\x1b[K/home/nathan/ros2_ws/src/sllidar_ros2/sdk/src/dataunpacker/unpacker/handler_capsules.cpp:\x1b[m\x1b[K In member function \xe2\x80\x98\x1b[01m\x1b[Kvoid sl::internal::unpacker::UnpackerHandler_DenseCapsuleNode::_onScanNodeDenseCapsuleData(rplidar_response_dense_capsule_measurement_nodes_t&, sl::internal::LIDARSampleDataUnpackerInner*)\x1b[m\x1b[K\xe2\x80\x99:\n'}
[18.018304] (sllidar_ros2) StderrLine: {'line': b'\x1b[01m\x1b[K/home/nathan/ros2_ws/src/sllidar_ros2/sdk/src/dataunpacker/unpacker/handler_capsules.cpp:763:30:\x1b[m\x1b[K \x1b[01;35m\x1b[Kwarning: \x1b[m\x1b[Ktype qualifiers ignored on cast result type [\x1b[01;35m\x1b[K\x1b]8;;https://gcc.gnu.org/onlinedocs/gcc/Warning-Options.html#index-Wignored-qualifiers\x07-Wignored-qualifiers\x1b]8;;\x07\x1b[m\x1b[K]\n'}
[18.018533] (sllidar_ros2) StderrLine: {'line': b'  763 |             const int dist = \x1b[01;35m\x1b[Kstatic_cast<const int>(_cached_previous_dense_capsuledata.cabins[pos].distance)\x1b[m\x1b[K;\n'}
[18.018734] (sllidar_ros2) StderrLine: {'line': b'      |                              \x1b[01;35m\x1b[K^~~~~~~~~~~~~~~~~~~~~~~~~~~~~~~~~~~~~~~~~~~~~~~~~~~~~~~~~~~~~~~~~~~~~~~~~~~~~~~\x1b[m\x1b[K\n'}
[18.022040] (-) TimerEvent: {}
[18.122669] (-) TimerEvent: {}
[18.167837] (sllidar_ros2) StdoutLine: {'line': b'[ 40%] \x1b[32mBuilding CXX object CMakeFiles/sllidar_node.dir/sdk/src/dataunpacker/unpacker/handler_hqnode.cpp.o\x1b[0m\n'}
[18.222802] (-) TimerEvent: {}
[18.325798] (-) TimerEvent: {}
[18.375782] (sllidar_ros2) StdoutLine: {'line': b'[ 45%] \x1b[32mBuilding CXX object CMakeFiles/sllidar_node.dir/sdk/src/dataunpacker/unpacker/handler_normalnode.cpp.o\x1b[0m\n'}
[18.425909] (-) TimerEvent: {}
[18.536692] (-) TimerEvent: {}
[18.638789] (-) TimerEvent: {}
[18.739389] (-) TimerEvent: {}
[18.842789] (-) TimerEvent: {}
[18.943353] (-) TimerEvent: {}
[19.043792] (-) TimerEvent: {}
[19.144227] (-) TimerEvent: {}
[19.244674] (-) TimerEvent: {}
[19.307202] (sllidar_ros2) StderrLine: {'line': b'In file included from \x1b[01m\x1b[K/home/nathan/ros2_ws/src/sllidar_ros2/./sdk/include/rplidar_protocol.h:36\x1b[m\x1b[K,\n'}
[19.307503] (sllidar_ros2) StderrLine: {'line': b'                 from \x1b[01m\x1b[K/home/nathan/ros2_ws/src/sllidar_ros2/./sdk/include/rplidar.h:39\x1b[m\x1b[K,\n'}
[19.307686] (sllidar_ros2) StderrLine: {'line': b'                 from \x1b[01m\x1b[K/home/nathan/ros2_ws/src/sllidar_ros2/./sdk/src/sdkcommon.h:49\x1b[m\x1b[K,\n'}
[19.309902] (sllidar_ros2) StderrLine: {'line': b'                 from \x1b[01m\x1b[K/home/nathan/ros2_ws/src/sllidar_ros2/sdk/src/dataunpacker/unpacker/../dataunnpacker_commondef.h:41\x1b[m\x1b[K,\n'}
[19.310135] (sllidar_ros2) StderrLine: {'line': b'                 from \x1b[01m\x1b[K/home/nathan/ros2_ws/src/sllidar_ros2/sdk/src/dataunpacker/unpacker/handler_hqnode.cpp:39\x1b[m\x1b[K:\n'}
[19.310305] (sllidar_ros2) StderrLine: {'line': b'\x1b[01m\x1b[K/home/nathan/ros2_ws/src/sllidar_ros2/./sdk/include/sl_lidar_protocol.h:66:16:\x1b[m\x1b[K \x1b[01;35m\x1b[Kwarning: \x1b[m\x1b[KISO C++ forbids zero-size array \xe2\x80\x98\x1b[01m\x1b[Kdata\x1b[m\x1b[K\xe2\x80\x99 [\x1b[01;35m\x1b[K\x1b]8;;https://gcc.gnu.org/onlinedocs/gcc/Warning-Options.html#index-Wpedantic\x07-Wpedantic\x1b]8;;\x07\x1b[m\x1b[K]\n'}
[19.311064] (sllidar_ros2) StderrLine: {'line': b'   66 |     sl_u8 data[\x1b[01;35m\x1b[K0\x1b[m\x1b[K];\n'}
[19.311265] (sllidar_ros2) StderrLine: {'line': b'      |                \x1b[01;35m\x1b[K^\x1b[m\x1b[K\n'}
[19.311551] (sllidar_ros2) StderrLine: {'line': b'In file included from \x1b[01m\x1b[K/home/nathan/ros2_ws/src/sllidar_ros2/./sdk/include/rplidar_cmd.h:36\x1b[m\x1b[K,\n'}
[19.311719] (sllidar_ros2) StderrLine: {'line': b'                 from \x1b[01m\x1b[K/home/nathan/ros2_ws/src/sllidar_ros2/./sdk/include/rplidar.h:40\x1b[m\x1b[K,\n'}
[19.311884] (sllidar_ros2) StderrLine: {'line': b'                 from \x1b[01m\x1b[K/home/nathan/ros2_ws/src/sllidar_ros2/./sdk/src/sdkcommon.h:49\x1b[m\x1b[K,\n'}
[19.312027] (sllidar_ros2) StderrLine: {'line': b'                 from \x1b[01m\x1b[K/home/nathan/ros2_ws/src/sllidar_ros2/sdk/src/dataunpacker/unpacker/../dataunnpacker_commondef.h:41\x1b[m\x1b[K,\n'}
[19.312167] (sllidar_ros2) StderrLine: {'line': b'                 from \x1b[01m\x1b[K/home/nathan/ros2_ws/src/sllidar_ros2/sdk/src/dataunpacker/unpacker/handler_hqnode.cpp:39\x1b[m\x1b[K:\n'}
[19.312306] (sllidar_ros2) StderrLine: {'line': b'\x1b[01m\x1b[K/home/nathan/ros2_ws/src/sllidar_ros2/./sdk/include/sl_lidar_cmd.h:324:20:\x1b[m\x1b[K \x1b[01;35m\x1b[Kwarning: \x1b[m\x1b[KISO C++ forbids zero-size array \xe2\x80\x98\x1b[01m\x1b[Kpayload\x1b[m\x1b[K\xe2\x80\x99 [\x1b[01;35m\x1b[K\x1b]8;;https://gcc.gnu.org/onlinedocs/gcc/Warning-Options.html#index-Wpedantic\x07-Wpedantic\x1b]8;;\x07\x1b[m\x1b[K]\n'}
[19.312465] (sllidar_ros2) StderrLine: {'line': b'  324 |     sl_u8  payload[\x1b[01;35m\x1b[K0\x1b[m\x1b[K];\n'}
[19.312605] (sllidar_ros2) StderrLine: {'line': b'      |                    \x1b[01;35m\x1b[K^\x1b[m\x1b[K\n'}
[19.327781] (sllidar_ros2) StderrLine: {'line': b'In file included from \x1b[01m\x1b[K/home/nathan/ros2_ws/src/sllidar_ros2/./sdk/include/rplidar_protocol.h:36\x1b[m\x1b[K,\n'}
[19.328090] (sllidar_ros2) StderrLine: {'line': b'                 from \x1b[01m\x1b[K/home/nathan/ros2_ws/src/sllidar_ros2/./sdk/include/rplidar.h:39\x1b[m\x1b[K,\n'}
[19.328275] (sllidar_ros2) StderrLine: {'line': b'                 from \x1b[01m\x1b[K/home/nathan/ros2_ws/src/sllidar_ros2/./sdk/src/sdkcommon.h:49\x1b[m\x1b[K,\n'}
[19.328433] (sllidar_ros2) StderrLine: {'line': b'                 from \x1b[01m\x1b[K/home/nathan/ros2_ws/src/sllidar_ros2/sdk/src/dataunpacker/unpacker/../dataunnpacker_commondef.h:41\x1b[m\x1b[K,\n'}
[19.328600] (sllidar_ros2) StderrLine: {'line': b'                 from \x1b[01m\x1b[K/home/nathan/ros2_ws/src/sllidar_ros2/sdk/src/dataunpacker/unpacker/handler_normalnode.cpp:39\x1b[m\x1b[K:\n'}
[19.328763] (sllidar_ros2) StderrLine: {'line': b'\x1b[01m\x1b[K/home/nathan/ros2_ws/src/sllidar_ros2/./sdk/include/sl_lidar_protocol.h:66:16:\x1b[m\x1b[K \x1b[01;35m\x1b[Kwarning: \x1b[m\x1b[KISO C++ forbids zero-size array \xe2\x80\x98\x1b[01m\x1b[Kdata\x1b[m\x1b[K\xe2\x80\x99 [\x1b[01;35m\x1b[K\x1b]8;;https://gcc.gnu.org/onlinedocs/gcc/Warning-Options.html#index-Wpedantic\x07-Wpedantic\x1b]8;;\x07\x1b[m\x1b[K]\n'}
[19.328922] (sllidar_ros2) StderrLine: {'line': b'   66 |     sl_u8 data[\x1b[01;35m\x1b[K0\x1b[m\x1b[K];\n'}
[19.329059] (sllidar_ros2) StderrLine: {'line': b'      |                \x1b[01;35m\x1b[K^\x1b[m\x1b[K\n'}
[19.331766] (sllidar_ros2) StderrLine: {'line': b'In file included from \x1b[01m\x1b[K/home/nathan/ros2_ws/src/sllidar_ros2/./sdk/include/rplidar_cmd.h:36\x1b[m\x1b[K,\n'}
[19.332052] (sllidar_ros2) StderrLine: {'line': b'                 from \x1b[01m\x1b[K/home/nathan/ros2_ws/src/sllidar_ros2/./sdk/include/rplidar.h:40\x1b[m\x1b[K,\n'}
[19.332226] (sllidar_ros2) StderrLine: {'line': b'                 from \x1b[01m\x1b[K/home/nathan/ros2_ws/src/sllidar_ros2/./sdk/src/sdkcommon.h:49\x1b[m\x1b[K,\n'}
[19.332381] (sllidar_ros2) StderrLine: {'line': b'                 from \x1b[01m\x1b[K/home/nathan/ros2_ws/src/sllidar_ros2/sdk/src/dataunpacker/unpacker/../dataunnpacker_commondef.h:41\x1b[m\x1b[K,\n'}
[19.332528] (sllidar_ros2) StderrLine: {'line': b'                 from \x1b[01m\x1b[K/home/nathan/ros2_ws/src/sllidar_ros2/sdk/src/dataunpacker/unpacker/handler_normalnode.cpp:39\x1b[m\x1b[K:\n'}
[19.332685] (sllidar_ros2) StderrLine: {'line': b'\x1b[01m\x1b[K/home/nathan/ros2_ws/src/sllidar_ros2/./sdk/include/sl_lidar_cmd.h:324:20:\x1b[m\x1b[K \x1b[01;35m\x1b[Kwarning: \x1b[m\x1b[KISO C++ forbids zero-size array \xe2\x80\x98\x1b[01m\x1b[Kpayload\x1b[m\x1b[K\xe2\x80\x99 [\x1b[01;35m\x1b[K\x1b]8;;https://gcc.gnu.org/onlinedocs/gcc/Warning-Options.html#index-Wpedantic\x07-Wpedantic\x1b]8;;\x07\x1b[m\x1b[K]\n'}
[19.332849] (sllidar_ros2) StderrLine: {'line': b'  324 |     sl_u8  payload[\x1b[01;35m\x1b[K0\x1b[m\x1b[K];\n'}
[19.332987] (sllidar_ros2) StderrLine: {'line': b'      |                    \x1b[01;35m\x1b[K^\x1b[m\x1b[K\n'}
[19.347795] (-) TimerEvent: {}
[19.448237] (-) TimerEvent: {}
[19.548654] (-) TimerEvent: {}
[19.635774] (sllidar_ros2) StderrLine: {'line': b'In file included from \x1b[01m\x1b[K/home/nathan/ros2_ws/src/sllidar_ros2/sdk/src/dataunpacker/unpacker/handler_hqnode.cpp:40\x1b[m\x1b[K:\n'}
[19.636219] (sllidar_ros2) StderrLine: {'line': b'\x1b[01m\x1b[K/home/nathan/ros2_ws/src/sllidar_ros2/sdk/src/dataunpacker/unpacker/../dataunpacker.h:\x1b[m\x1b[K In member function \xe2\x80\x98\x1b[01m\x1b[Kvirtual void sl::internal::LIDARSampleDataListener::onCustomSampleDataDecoded(_u8, _u32, const void*, size_t)\x1b[m\x1b[K\xe2\x80\x99:\n'}
[19.636462] (sllidar_ros2) StderrLine: {'line': b'\x1b[01m\x1b[K/home/nathan/ros2_ws/src/sllidar_ros2/sdk/src/dataunpacker/unpacker/../dataunpacker.h:54:52:\x1b[m\x1b[K \x1b[01;35m\x1b[Kwarning: \x1b[m\x1b[Kunused parameter \xe2\x80\x98\x1b[01m\x1b[KansType\x1b[m\x1b[K\xe2\x80\x99 [\x1b[01;35m\x1b[K\x1b]8;;https://gcc.gnu.org/onlinedocs/gcc/Warning-Options.html#index-Wunused-parameter\x07-Wunused-parameter\x1b]8;;\x07\x1b[m\x1b[K]\n'}
[19.636838] (sllidar_ros2) StderrLine: {'line': b'   54 |         virtual void onCustomSampleDataDecoded(\x1b[01;35m\x1b[K_u8 ansType\x1b[m\x1b[K, _u32 customCode, const void* data, size_t size) {}\n'}
[19.637012] (sllidar_ros2) StderrLine: {'line': b'      |                                                \x1b[01;35m\x1b[K~~~~^~~~~~~\x1b[m\x1b[K\n'}
[19.637159] (sllidar_ros2) StderrLine: {'line': b'\x1b[01m\x1b[K/home/nathan/ros2_ws/src/sllidar_ros2/sdk/src/dataunpacker/unpacker/../dataunpacker.h:54:66:\x1b[m\x1b[K \x1b[01;35m\x1b[Kwarning: \x1b[m\x1b[Kunused parameter \xe2\x80\x98\x1b[01m\x1b[KcustomCode\x1b[m\x1b[K\xe2\x80\x99 [\x1b[01;35m\x1b[K\x1b]8;;https://gcc.gnu.org/onlinedocs/gcc/Warning-Options.html#index-Wunused-parameter\x07-Wunused-parameter\x1b]8;;\x07\x1b[m\x1b[K]\n'}
[19.637316] (sllidar_ros2) StderrLine: {'line': b'   54 |         virtual void onCustomSampleDataDecoded(_u8 ansType, \x1b[01;35m\x1b[K_u32 customCode\x1b[m\x1b[K, const void* data, size_t size) {}\n'}
[19.637459] (sllidar_ros2) StderrLine: {'line': b'      |                                                             \x1b[01;35m\x1b[K~~~~~^~~~~~~~~~\x1b[m\x1b[K\n'}
[19.637596] (sllidar_ros2) StderrLine: {'line': b'\x1b[01m\x1b[K/home/nathan/ros2_ws/src/sllidar_ros2/sdk/src/dataunpacker/unpacker/../dataunpacker.h:54:90:\x1b[m\x1b[K \x1b[01;35m\x1b[Kwarning: \x1b[m\x1b[Kunused parameter \xe2\x80\x98\x1b[01m\x1b[Kdata\x1b[m\x1b[K\xe2\x80\x99 [\x1b[01;35m\x1b[K\x1b]8;;https://gcc.gnu.org/onlinedocs/gcc/Warning-Options.html#index-Wunused-parameter\x07-Wunused-parameter\x1b]8;;\x07\x1b[m\x1b[K]\n'}
[19.637754] (sllidar_ros2) StderrLine: {'line': b'   54 |         virtual void onCustomSampleDataDecoded(_u8 ansType, _u32 customCode, \x1b[01;35m\x1b[Kconst void* data\x1b[m\x1b[K, size_t size) {}\n'}
[19.637911] (sllidar_ros2) StderrLine: {'line': b'      |                                                                              \x1b[01;35m\x1b[K~~~~~~~~~~~~^~~~\x1b[m\x1b[K\n'}
[19.638044] (sllidar_ros2) StderrLine: {'line': b'\x1b[01m\x1b[K/home/nathan/ros2_ws/src/sllidar_ros2/sdk/src/dataunpacker/unpacker/../dataunpacker.h:54:103:\x1b[m\x1b[K \x1b[01;35m\x1b[Kwarning: \x1b[m\x1b[Kunused parameter \xe2\x80\x98\x1b[01m\x1b[Ksize\x1b[m\x1b[K\xe2\x80\x99 [\x1b[01;35m\x1b[K\x1b]8;;https://gcc.gnu.org/onlinedocs/gcc/Warning-Options.html#index-Wunused-parameter\x07-Wunused-parameter\x1b]8;;\x07\x1b[m\x1b[K]\n'}
[19.638178] (sllidar_ros2) StderrLine: {'line': b'   54 |         virtual void onCustomSampleDataDecoded(_u8 ansType, _u32 customCode, const void* data, \x1b[01;35m\x1b[Ksize_t size\x1b[m\x1b[K) {}\n'}
[19.638307] (sllidar_ros2) StderrLine: {'line': b'      |                                                                                                \x1b[01;35m\x1b[K~~~~~~~^~~~\x1b[m\x1b[K\n'}
[19.638434] (sllidar_ros2) StderrLine: {'line': b'\x1b[01m\x1b[K/home/nathan/ros2_ws/src/sllidar_ros2/sdk/src/dataunpacker/unpacker/../dataunpacker.h:\x1b[m\x1b[K In member function \xe2\x80\x98\x1b[01m\x1b[Kvirtual void sl::internal::LIDARSampleDataListener::onDecodingError(int, _u8, const void*, size_t)\x1b[m\x1b[K\xe2\x80\x99:\n'}
[19.638563] (sllidar_ros2) StderrLine: {'line': b'\x1b[01m\x1b[K/home/nathan/ros2_ws/src/sllidar_ros2/sdk/src/dataunpacker/unpacker/../dataunpacker.h:56:42:\x1b[m\x1b[K \x1b[01;35m\x1b[Kwarning: \x1b[m\x1b[Kunused parameter \xe2\x80\x98\x1b[01m\x1b[KerrMsg\x1b[m\x1b[K\xe2\x80\x99 [\x1b[01;35m\x1b[K\x1b]8;;https://gcc.gnu.org/onlinedocs/gcc/Warning-Options.html#index-Wunused-parameter\x07-Wunused-parameter\x1b]8;;\x07\x1b[m\x1b[K]\n'}
[19.638695] (sllidar_ros2) StderrLine: {'line': b'   56 |         virtual void onDecodingError(\x1b[01;35m\x1b[Kint errMsg\x1b[m\x1b[K, _u8 ansType, const void* payload, size_t size) {}\n'}
[19.638844] (sllidar_ros2) StderrLine: {'line': b'      |                                      \x1b[01;35m\x1b[K~~~~^~~~~~\x1b[m\x1b[K\n'}
[19.638974] (sllidar_ros2) StderrLine: {'line': b'\x1b[01m\x1b[K/home/nathan/ros2_ws/src/sllidar_ros2/sdk/src/dataunpacker/unpacker/../dataunpacker.h:56:54:\x1b[m\x1b[K \x1b[01;35m\x1b[Kwarning: \x1b[m\x1b[Kunused parameter \xe2\x80\x98\x1b[01m\x1b[KansType\x1b[m\x1b[K\xe2\x80\x99 [\x1b[01;35m\x1b[K\x1b]8;;https://gcc.gnu.org/onlinedocs/gcc/Warning-Options.html#index-Wunused-parameter\x07-Wunused-parameter\x1b]8;;\x07\x1b[m\x1b[K]\n'}
[19.639107] (sllidar_ros2) StderrLine: {'line': b'   56 |         virtual void onDecodingError(int errMsg, \x1b[01;35m\x1b[K_u8 ansType\x1b[m\x1b[K, const void* payload, size_t size) {}\n'}
[19.639244] (sllidar_ros2) StderrLine: {'line': b'      |                                                  \x1b[01;35m\x1b[K~~~~^~~~~~~\x1b[m\x1b[K\n'}
[19.639374] (sllidar_ros2) StderrLine: {'line': b'\x1b[01m\x1b[K/home/nathan/ros2_ws/src/sllidar_ros2/sdk/src/dataunpacker/unpacker/../dataunpacker.h:56:75:\x1b[m\x1b[K \x1b[01;35m\x1b[Kwarning: \x1b[m\x1b[Kunused parameter \xe2\x80\x98\x1b[01m\x1b[Kpayload\x1b[m\x1b[K\xe2\x80\x99 [\x1b[01;35m\x1b[K\x1b]8;;https://gcc.gnu.org/onlinedocs/gcc/Warning-Options.html#index-Wunused-parameter\x07-Wunused-parameter\x1b]8;;\x07\x1b[m\x1b[K]\n'}
[19.639506] (sllidar_ros2) StderrLine: {'line': b'   56 |         virtual void onDecodingError(int errMsg, _u8 ansType, \x1b[01;35m\x1b[Kconst void* payload\x1b[m\x1b[K, size_t size) {}\n'}
[19.639633] (sllidar_ros2) StderrLine: {'line': b'      |                                                               \x1b[01;35m\x1b[K~~~~~~~~~~~~^~~~~~~\x1b[m\x1b[K\n'}
[19.643939] (sllidar_ros2) StderrLine: {'line': b'\x1b[01m\x1b[K/home/nathan/ros2_ws/src/sllidar_ros2/sdk/src/dataunpacker/unpacker/../dataunpacker.h:56:91:\x1b[m\x1b[K \x1b[01;35m\x1b[Kwarning: \x1b[m\x1b[Kunused parameter \xe2\x80\x98\x1b[01m\x1b[Ksize\x1b[m\x1b[K\xe2\x80\x99 [\x1b[01;35m\x1b[K\x1b]8;;https://gcc.gnu.org/onlinedocs/gcc/Warning-Options.html#index-Wunused-parameter\x07-Wunused-parameter\x1b]8;;\x07\x1b[m\x1b[K]\n'}
[19.644226] (sllidar_ros2) StderrLine: {'line': b'   56 |         virtual void onDecodingError(int errMsg, _u8 ansType, const void* payload, \x1b[01;35m\x1b[Ksize_t size\x1b[m\x1b[K) {}\n'}
[19.644406] (sllidar_ros2) StderrLine: {'line': b'      |                                                                                    \x1b[01;35m\x1b[K~~~~~~~^~~~\x1b[m\x1b[K\n'}
[19.648789] (-) TimerEvent: {}
[19.751799] (-) TimerEvent: {}
[19.819701] (sllidar_ros2) StderrLine: {'line': b'In file included from \x1b[01m\x1b[K/home/nathan/ros2_ws/src/sllidar_ros2/sdk/src/dataunpacker/unpacker/handler_normalnode.cpp:40\x1b[m\x1b[K:\n'}
[19.820204] (sllidar_ros2) StderrLine: {'line': b'\x1b[01m\x1b[K/home/nathan/ros2_ws/src/sllidar_ros2/sdk/src/dataunpacker/unpacker/../dataunpacker.h:\x1b[m\x1b[K In member function \xe2\x80\x98\x1b[01m\x1b[Kvirtual void sl::internal::LIDARSampleDataListener::onCustomSampleDataDecoded(_u8, _u32, const void*, size_t)\x1b[m\x1b[K\xe2\x80\x99:\n'}
[19.820416] (sllidar_ros2) StderrLine: {'line': b'\x1b[01m\x1b[K/home/nathan/ros2_ws/src/sllidar_ros2/sdk/src/dataunpacker/unpacker/../dataunpacker.h:54:52:\x1b[m\x1b[K \x1b[01;35m\x1b[Kwarning: \x1b[m\x1b[Kunused parameter \xe2\x80\x98\x1b[01m\x1b[KansType\x1b[m\x1b[K\xe2\x80\x99 [\x1b[01;35m\x1b[K\x1b]8;;https://gcc.gnu.org/onlinedocs/gcc/Warning-Options.html#index-Wunused-parameter\x07-Wunused-parameter\x1b]8;;\x07\x1b[m\x1b[K]\n'}
[19.820808] (sllidar_ros2) StderrLine: {'line': b'   54 |         virtual void onCustomSampleDataDecoded(\x1b[01;35m\x1b[K_u8 ansType\x1b[m\x1b[K, _u32 customCode, const void* data, size_t size) {}\n'}
[19.820966] (sllidar_ros2) StderrLine: {'line': b'      |                                                \x1b[01;35m\x1b[K~~~~^~~~~~~\x1b[m\x1b[K\n'}
[19.821096] (sllidar_ros2) StderrLine: {'line': b'\x1b[01m\x1b[K/home/nathan/ros2_ws/src/sllidar_ros2/sdk/src/dataunpacker/unpacker/../dataunpacker.h:54:66:\x1b[m\x1b[K \x1b[01;35m\x1b[Kwarning: \x1b[m\x1b[Kunused parameter \xe2\x80\x98\x1b[01m\x1b[KcustomCode\x1b[m\x1b[K\xe2\x80\x99 [\x1b[01;35m\x1b[K\x1b]8;;https://gcc.gnu.org/onlinedocs/gcc/Warning-Options.html#index-Wunused-parameter\x07-Wunused-parameter\x1b]8;;\x07\x1b[m\x1b[K]\n'}
[19.821222] (sllidar_ros2) StderrLine: {'line': b'   54 |         virtual void onCustomSampleDataDecoded(_u8 ansType, \x1b[01;35m\x1b[K_u32 customCode\x1b[m\x1b[K, const void* data, size_t size) {}\n'}
[19.821341] (sllidar_ros2) StderrLine: {'line': b'      |                                                             \x1b[01;35m\x1b[K~~~~~^~~~~~~~~~\x1b[m\x1b[K\n'}
[19.821454] (sllidar_ros2) StderrLine: {'line': b'\x1b[01m\x1b[K/home/nathan/ros2_ws/src/sllidar_ros2/sdk/src/dataunpacker/unpacker/../dataunpacker.h:54:90:\x1b[m\x1b[K \x1b[01;35m\x1b[Kwarning: \x1b[m\x1b[Kunused parameter \xe2\x80\x98\x1b[01m\x1b[Kdata\x1b[m\x1b[K\xe2\x80\x99 [\x1b[01;35m\x1b[K\x1b]8;;https://gcc.gnu.org/onlinedocs/gcc/Warning-Options.html#index-Wunused-parameter\x07-Wunused-parameter\x1b]8;;\x07\x1b[m\x1b[K]\n'}
[19.821584] (sllidar_ros2) StderrLine: {'line': b'   54 |         virtual void onCustomSampleDataDecoded(_u8 ansType, _u32 customCode, \x1b[01;35m\x1b[Kconst void* data\x1b[m\x1b[K, size_t size) {}\n'}
[19.821726] (sllidar_ros2) StderrLine: {'line': b'      |                                                                              \x1b[01;35m\x1b[K~~~~~~~~~~~~^~~~\x1b[m\x1b[K\n'}
[19.821872] (sllidar_ros2) StderrLine: {'line': b'\x1b[01m\x1b[K/home/nathan/ros2_ws/src/sllidar_ros2/sdk/src/dataunpacker/unpacker/../dataunpacker.h:54:103:\x1b[m\x1b[K \x1b[01;35m\x1b[Kwarning: \x1b[m\x1b[Kunused parameter \xe2\x80\x98\x1b[01m\x1b[Ksize\x1b[m\x1b[K\xe2\x80\x99 [\x1b[01;35m\x1b[K\x1b]8;;https://gcc.gnu.org/onlinedocs/gcc/Warning-Options.html#index-Wunused-parameter\x07-Wunused-parameter\x1b]8;;\x07\x1b[m\x1b[K]\n'}
[19.822009] (sllidar_ros2) StderrLine: {'line': b'   54 |         virtual void onCustomSampleDataDecoded(_u8 ansType, _u32 customCode, const void* data, \x1b[01;35m\x1b[Ksize_t size\x1b[m\x1b[K) {}\n'}
[19.822133] (sllidar_ros2) StderrLine: {'line': b'      |                                                                                                \x1b[01;35m\x1b[K~~~~~~~^~~~\x1b[m\x1b[K\n'}
[19.822259] (sllidar_ros2) StderrLine: {'line': b'\x1b[01m\x1b[K/home/nathan/ros2_ws/src/sllidar_ros2/sdk/src/dataunpacker/unpacker/../dataunpacker.h:\x1b[m\x1b[K In member function \xe2\x80\x98\x1b[01m\x1b[Kvirtual void sl::internal::LIDARSampleDataListener::onDecodingError(int, _u8, const void*, size_t)\x1b[m\x1b[K\xe2\x80\x99:\n'}
[19.822385] (sllidar_ros2) StderrLine: {'line': b'\x1b[01m\x1b[K/home/nathan/ros2_ws/src/sllidar_ros2/sdk/src/dataunpacker/unpacker/../dataunpacker.h:56:42:\x1b[m\x1b[K \x1b[01;35m\x1b[Kwarning: \x1b[m\x1b[Kunused parameter \xe2\x80\x98\x1b[01m\x1b[KerrMsg\x1b[m\x1b[K\xe2\x80\x99 [\x1b[01;35m\x1b[K\x1b]8;;https://gcc.gnu.org/onlinedocs/gcc/Warning-Options.html#index-Wunused-parameter\x07-Wunused-parameter\x1b]8;;\x07\x1b[m\x1b[K]\n'}
[19.822523] (sllidar_ros2) StderrLine: {'line': b'   56 |         virtual void onDecodingError(\x1b[01;35m\x1b[Kint errMsg\x1b[m\x1b[K, _u8 ansType, const void* payload, size_t size) {}\n'}
[19.822647] (sllidar_ros2) StderrLine: {'line': b'      |                                      \x1b[01;35m\x1b[K~~~~^~~~~~\x1b[m\x1b[K\n'}
[19.822790] (sllidar_ros2) StderrLine: {'line': b'\x1b[01m\x1b[K/home/nathan/ros2_ws/src/sllidar_ros2/sdk/src/dataunpacker/unpacker/../dataunpacker.h:56:54:\x1b[m\x1b[K \x1b[01;35m\x1b[Kwarning: \x1b[m\x1b[Kunused parameter \xe2\x80\x98\x1b[01m\x1b[KansType\x1b[m\x1b[K\xe2\x80\x99 [\x1b[01;35m\x1b[K\x1b]8;;https://gcc.gnu.org/onlinedocs/gcc/Warning-Options.html#index-Wunused-parameter\x07-Wunused-parameter\x1b]8;;\x07\x1b[m\x1b[K]\n'}
[19.822933] (sllidar_ros2) StderrLine: {'line': b'   56 |         virtual void onDecodingError(int errMsg, \x1b[01;35m\x1b[K_u8 ansType\x1b[m\x1b[K, const void* payload, size_t size) {}\n'}
[19.823063] (sllidar_ros2) StderrLine: {'line': b'      |                                                  \x1b[01;35m\x1b[K~~~~^~~~~~~\x1b[m\x1b[K\n'}
[19.823203] (sllidar_ros2) StderrLine: {'line': b'\x1b[01m\x1b[K/home/nathan/ros2_ws/src/sllidar_ros2/sdk/src/dataunpacker/unpacker/../dataunpacker.h:56:75:\x1b[m\x1b[K \x1b[01;35m\x1b[Kwarning: \x1b[m\x1b[Kunused parameter \xe2\x80\x98\x1b[01m\x1b[Kpayload\x1b[m\x1b[K\xe2\x80\x99 [\x1b[01;35m\x1b[K\x1b]8;;https://gcc.gnu.org/onlinedocs/gcc/Warning-Options.html#index-Wunused-parameter\x07-Wunused-parameter\x1b]8;;\x07\x1b[m\x1b[K]\n'}
[19.823340] (sllidar_ros2) StderrLine: {'line': b'   56 |         virtual void onDecodingError(int errMsg, _u8 ansType, \x1b[01;35m\x1b[Kconst void* payload\x1b[m\x1b[K, size_t size) {}\n'}
[19.823465] (sllidar_ros2) StderrLine: {'line': b'      |                                                               \x1b[01;35m\x1b[K~~~~~~~~~~~~^~~~~~~\x1b[m\x1b[K\n'}
[19.823600] (sllidar_ros2) StderrLine: {'line': b'\x1b[01m\x1b[K/home/nathan/ros2_ws/src/sllidar_ros2/sdk/src/dataunpacker/unpacker/../dataunpacker.h:56:91:\x1b[m\x1b[K \x1b[01;35m\x1b[Kwarning: \x1b[m\x1b[Kunused parameter \xe2\x80\x98\x1b[01m\x1b[Ksize\x1b[m\x1b[K\xe2\x80\x99 [\x1b[01;35m\x1b[K\x1b]8;;https://gcc.gnu.org/onlinedocs/gcc/Warning-Options.html#index-Wunused-parameter\x07-Wunused-parameter\x1b]8;;\x07\x1b[m\x1b[K]\n'}
[19.826812] (sllidar_ros2) StderrLine: {'line': b'   56 |         virtual void onDecodingError(int errMsg, _u8 ansType, const void* payload, \x1b[01;35m\x1b[Ksize_t size\x1b[m\x1b[K) {}\n'}
[19.827039] (sllidar_ros2) StderrLine: {'line': b'      |                                                                                    \x1b[01;35m\x1b[K~~~~~~~^~~~\x1b[m\x1b[K\n'}
[19.851908] (-) TimerEvent: {}
[19.952347] (-) TimerEvent: {}
[19.968513] (sllidar_ros2) StdoutLine: {'line': b'[ 50%] \x1b[32mBuilding CXX object CMakeFiles/sllidar_node.dir/sdk/src/hal/thread.cpp.o\x1b[0m\n'}
[20.052472] (-) TimerEvent: {}
[20.090521] (sllidar_ros2) StdoutLine: {'line': b'[ 55%] \x1b[32mBuilding CXX object CMakeFiles/sllidar_node.dir/sdk/src/rplidar_driver.cpp.o\x1b[0m\n'}
[20.156604] (-) TimerEvent: {}
[20.259784] (-) TimerEvent: {}
[20.360339] (-) TimerEvent: {}
[20.460924] (-) TimerEvent: {}
[20.561390] (-) TimerEvent: {}
[20.673800] (-) TimerEvent: {}
[20.774212] (-) TimerEvent: {}
[20.878040] (-) TimerEvent: {}
[20.978576] (-) TimerEvent: {}
[21.079080] (-) TimerEvent: {}
[21.104323] (sllidar_ros2) StderrLine: {'line': b'In file included from \x1b[01m\x1b[K/home/nathan/ros2_ws/src/sllidar_ros2/./sdk/include/rplidar_protocol.h:36\x1b[m\x1b[K,\n'}
[21.104623] (sllidar_ros2) StderrLine: {'line': b'                 from \x1b[01m\x1b[K/home/nathan/ros2_ws/src/sllidar_ros2/./sdk/include/rplidar.h:39\x1b[m\x1b[K,\n'}
[21.104778] (sllidar_ros2) StderrLine: {'line': b'                 from \x1b[01m\x1b[K/home/nathan/ros2_ws/src/sllidar_ros2/sdk/src/sdkcommon.h:49\x1b[m\x1b[K,\n'}
[21.108252] (sllidar_ros2) StderrLine: {'line': b'                 from \x1b[01m\x1b[K/home/nathan/ros2_ws/src/sllidar_ros2/sdk/src/rplidar_driver.cpp:33\x1b[m\x1b[K:\n'}
[21.108440] (sllidar_ros2) StderrLine: {'line': b'\x1b[01m\x1b[K/home/nathan/ros2_ws/src/sllidar_ros2/./sdk/include/sl_lidar_protocol.h:66:16:\x1b[m\x1b[K \x1b[01;35m\x1b[Kwarning: \x1b[m\x1b[KISO C++ forbids zero-size array \xe2\x80\x98\x1b[01m\x1b[Kdata\x1b[m\x1b[K\xe2\x80\x99 [\x1b[01;35m\x1b[K\x1b]8;;https://gcc.gnu.org/onlinedocs/gcc/Warning-Options.html#index-Wpedantic\x07-Wpedantic\x1b]8;;\x07\x1b[m\x1b[K]\n'}
[21.108586] (sllidar_ros2) StderrLine: {'line': b'   66 |     sl_u8 data[\x1b[01;35m\x1b[K0\x1b[m\x1b[K];\n'}
[21.108733] (sllidar_ros2) StderrLine: {'line': b'      |                \x1b[01;35m\x1b[K^\x1b[m\x1b[K\n'}
[21.108998] (sllidar_ros2) StderrLine: {'line': b'In file included from \x1b[01m\x1b[K/home/nathan/ros2_ws/src/sllidar_ros2/./sdk/include/rplidar_cmd.h:36\x1b[m\x1b[K,\n'}
[21.109116] (sllidar_ros2) StderrLine: {'line': b'                 from \x1b[01m\x1b[K/home/nathan/ros2_ws/src/sllidar_ros2/./sdk/include/rplidar.h:40\x1b[m\x1b[K,\n'}
[21.109224] (sllidar_ros2) StderrLine: {'line': b'                 from \x1b[01m\x1b[K/home/nathan/ros2_ws/src/sllidar_ros2/sdk/src/sdkcommon.h:49\x1b[m\x1b[K,\n'}
[21.109330] (sllidar_ros2) StderrLine: {'line': b'                 from \x1b[01m\x1b[K/home/nathan/ros2_ws/src/sllidar_ros2/sdk/src/rplidar_driver.cpp:33\x1b[m\x1b[K:\n'}
[21.109433] (sllidar_ros2) StderrLine: {'line': b'\x1b[01m\x1b[K/home/nathan/ros2_ws/src/sllidar_ros2/./sdk/include/sl_lidar_cmd.h:324:20:\x1b[m\x1b[K \x1b[01;35m\x1b[Kwarning: \x1b[m\x1b[KISO C++ forbids zero-size array \xe2\x80\x98\x1b[01m\x1b[Kpayload\x1b[m\x1b[K\xe2\x80\x99 [\x1b[01;35m\x1b[K\x1b]8;;https://gcc.gnu.org/onlinedocs/gcc/Warning-Options.html#index-Wpedantic\x07-Wpedantic\x1b]8;;\x07\x1b[m\x1b[K]\n'}
[21.109539] (sllidar_ros2) StderrLine: {'line': b'  324 |     sl_u8  payload[\x1b[01;35m\x1b[K0\x1b[m\x1b[K];\n'}
[21.109658] (sllidar_ros2) StderrLine: {'line': b'      |                    \x1b[01;35m\x1b[K^\x1b[m\x1b[K\n'}
[21.177663] (sllidar_ros2) StderrLine: {'line': b'In file included from \x1b[01m\x1b[K/home/nathan/ros2_ws/src/sllidar_ros2/./sdk/include/rplidar_protocol.h:36\x1b[m\x1b[K,\n'}
[21.177907] (sllidar_ros2) StderrLine: {'line': b'                 from \x1b[01m\x1b[K/home/nathan/ros2_ws/src/sllidar_ros2/./sdk/include/rplidar.h:39\x1b[m\x1b[K,\n'}
[21.178029] (sllidar_ros2) StderrLine: {'line': b'                 from \x1b[01m\x1b[K/home/nathan/ros2_ws/src/sllidar_ros2/./sdk/src/sdkcommon.h:49\x1b[m\x1b[K,\n'}
[21.178154] (sllidar_ros2) StderrLine: {'line': b'                 from \x1b[01m\x1b[K/home/nathan/ros2_ws/src/sllidar_ros2/sdk/src/hal/thread.cpp:35\x1b[m\x1b[K:\n'}
[21.178263] (sllidar_ros2) StderrLine: {'line': b'\x1b[01m\x1b[K/home/nathan/ros2_ws/src/sllidar_ros2/./sdk/include/sl_lidar_protocol.h:66:16:\x1b[m\x1b[K \x1b[01;35m\x1b[Kwarning: \x1b[m\x1b[KISO C++ forbids zero-size array \xe2\x80\x98\x1b[01m\x1b[Kdata\x1b[m\x1b[K\xe2\x80\x99 [\x1b[01;35m\x1b[K\x1b]8;;https://gcc.gnu.org/onlinedocs/gcc/Warning-Options.html#index-Wpedantic\x07-Wpedantic\x1b]8;;\x07\x1b[m\x1b[K]\n'}
[21.178376] (sllidar_ros2) StderrLine: {'line': b'   66 |     sl_u8 data[\x1b[01;35m\x1b[K0\x1b[m\x1b[K];\n'}
[21.178480] (sllidar_ros2) StderrLine: {'line': b'      |                \x1b[01;35m\x1b[K^\x1b[m\x1b[K\n'}
[21.178582] (sllidar_ros2) StderrLine: {'line': b'In file included from \x1b[01m\x1b[K/home/nathan/ros2_ws/src/sllidar_ros2/./sdk/include/rplidar_cmd.h:36\x1b[m\x1b[K,\n'}
[21.178683] (sllidar_ros2) StderrLine: {'line': b'                 from \x1b[01m\x1b[K/home/nathan/ros2_ws/src/sllidar_ros2/./sdk/include/rplidar.h:40\x1b[m\x1b[K,\n'}
[21.178816] (sllidar_ros2) StderrLine: {'line': b'                 from \x1b[01m\x1b[K/home/nathan/ros2_ws/src/sllidar_ros2/./sdk/src/sdkcommon.h:49\x1b[m\x1b[K,\n'}
[21.178940] (sllidar_ros2) StderrLine: {'line': b'                 from \x1b[01m\x1b[K/home/nathan/ros2_ws/src/sllidar_ros2/sdk/src/hal/thread.cpp:35\x1b[m\x1b[K:\n'}
[21.179068] (sllidar_ros2) StderrLine: {'line': b'\x1b[01m\x1b[K/home/nathan/ros2_ws/src/sllidar_ros2/./sdk/include/sl_lidar_cmd.h:324:20:\x1b[m\x1b[K \x1b[01;35m\x1b[Kwarning: \x1b[m\x1b[KISO C++ forbids zero-size array \xe2\x80\x98\x1b[01m\x1b[Kpayload\x1b[m\x1b[K\xe2\x80\x99 [\x1b[01;35m\x1b[K\x1b]8;;https://gcc.gnu.org/onlinedocs/gcc/Warning-Options.html#index-Wpedantic\x07-Wpedantic\x1b]8;;\x07\x1b[m\x1b[K]\n'}
[21.179219] (-) TimerEvent: {}
[21.180803] (sllidar_ros2) StderrLine: {'line': b'  324 |     sl_u8  payload[\x1b[01;35m\x1b[K0\x1b[m\x1b[K];\n'}
[21.181072] (sllidar_ros2) StderrLine: {'line': b'      |                    \x1b[01;35m\x1b[K^\x1b[m\x1b[K\n'}
[21.269788] (sllidar_ros2) StderrLine: {'line': b'In file included from \x1b[01m\x1b[K/home/nathan/ros2_ws/src/sllidar_ros2/sdk/src/hal/thread.cpp:43\x1b[m\x1b[K:\n'}
[21.270047] (sllidar_ros2) StderrLine: {'line': b'\x1b[01m\x1b[K/home/nathan/ros2_ws/src/sllidar_ros2/./sdk/src/arch/linux/thread.hpp:\x1b[m\x1b[K In static member function \xe2\x80\x98\x1b[01m\x1b[Kstatic rp::hal::Thread rp::hal::Thread::create(thread_proc_t, void*)\x1b[m\x1b[K\xe2\x80\x99:\n'}
[21.270173] (sllidar_ros2) StderrLine: {'line': b'\x1b[01m\x1b[K/home/nathan/ros2_ws/src/sllidar_ros2/./sdk/src/arch/linux/thread.hpp:52:57:\x1b[m\x1b[K \x1b[01;35m\x1b[Kwarning: \x1b[m\x1b[Kcast between incompatible function types from \xe2\x80\x98\x1b[01m\x1b[Kthread_proc_t\x1b[m\x1b[K\xe2\x80\x99 {aka \xe2\x80\x98\x1b[01m\x1b[Klong unsigned int (*)(void*)\x1b[m\x1b[K\xe2\x80\x99} to \xe2\x80\x98\x1b[01m\x1b[Kvoid* (*)(void*)\x1b[m\x1b[K\xe2\x80\x99 [\x1b[01;35m\x1b[K\x1b]8;;https://gcc.gnu.org/onlinedocs/gcc/Warning-Options.html#index-Wcast-function-type\x07-Wcast-function-type\x1b]8;;\x07\x1b[m\x1b[K]\n'}
[21.270296] (sllidar_ros2) StderrLine: {'line': b'   52 |     pthread_create((pthread_t *)&newborn._handle, NULL, \x1b[01;35m\x1b[K(void * (*)(void *))proc\x1b[m\x1b[K, data);\n'}
[21.270414] (sllidar_ros2) StderrLine: {'line': b'      |                                                         \x1b[01;35m\x1b[K^~~~~~~~~~~~~~~~~~~~~~~~\x1b[m\x1b[K\n'}
[21.270544] (sllidar_ros2) StderrLine: {'line': b'\x1b[01m\x1b[K/home/nathan/ros2_ws/src/sllidar_ros2/./sdk/src/arch/linux/thread.hpp:\x1b[m\x1b[K In member function \xe2\x80\x98\x1b[01m\x1b[Ku_result rp::hal::Thread::join(long unsigned int)\x1b[m\x1b[K\xe2\x80\x99:\n'}
[21.270670] (sllidar_ros2) StderrLine: {'line': b'\x1b[01m\x1b[K/home/nathan/ros2_ws/src/sllidar_ros2/./sdk/src/arch/linux/thread.hpp:176:37:\x1b[m\x1b[K \x1b[01;35m\x1b[Kwarning: \x1b[m\x1b[Kunused parameter \xe2\x80\x98\x1b[01m\x1b[Ktimeout\x1b[m\x1b[K\xe2\x80\x99 [\x1b[01;35m\x1b[K\x1b]8;;https://gcc.gnu.org/onlinedocs/gcc/Warning-Options.html#index-Wunused-parameter\x07-Wunused-parameter\x1b]8;;\x07\x1b[m\x1b[K]\n'}
[21.270816] (sllidar_ros2) StderrLine: {'line': b'  176 | u_result Thread::join(\x1b[01;35m\x1b[Kunsigned long timeout\x1b[m\x1b[K)\n'}
[21.270932] (sllidar_ros2) StderrLine: {'line': b'      |                       \x1b[01;35m\x1b[K~~~~~~~~~~~~~~^~~~~~~\x1b[m\x1b[K\n'}
[21.279349] (-) TimerEvent: {}
[21.381785] (-) TimerEvent: {}
[21.477509] (sllidar_ros2) StdoutLine: {'line': b'[ 60%] \x1b[32mBuilding CXX object CMakeFiles/sllidar_node.dir/sdk/src/sl_async_transceiver.cpp.o\x1b[0m\n'}
[21.481899] (-) TimerEvent: {}
[21.517412] (sllidar_ros2) StderrLine: {'line': b'\x1b[01m\x1b[K/home/nathan/ros2_ws/src/sllidar_ros2/sdk/src/rplidar_driver.cpp:\x1b[m\x1b[K In member function \xe2\x80\x98\x1b[01m\x1b[Ku_result rp::standalone::rplidar::RPlidarDriver::connect(const char*, _u32, _u32)\x1b[m\x1b[K\xe2\x80\x99:\n'}
[21.517750] (sllidar_ros2) StderrLine: {'line': b'\x1b[01m\x1b[K/home/nathan/ros2_ws/src/sllidar_ros2/sdk/src/rplidar_driver.cpp:67:77:\x1b[m\x1b[K \x1b[01;35m\x1b[Kwarning: \x1b[m\x1b[Kunused parameter \xe2\x80\x98\x1b[01m\x1b[Kflag\x1b[m\x1b[K\xe2\x80\x99 [\x1b[01;35m\x1b[K\x1b]8;;https://gcc.gnu.org/onlinedocs/gcc/Warning-Options.html#index-Wunused-parameter\x07-Wunused-parameter\x1b]8;;\x07\x1b[m\x1b[K]\n'}
[21.517964] (sllidar_ros2) StderrLine: {'line': b'   67 |     u_result RPlidarDriver::connect(const char *path, _u32 portOrBaud, \x1b[01;35m\x1b[K_u32 flag\x1b[m\x1b[K)\n'}
[21.518155] (sllidar_ros2) StderrLine: {'line': b'      |                                                                        \x1b[01;35m\x1b[K~~~~~^~~~\x1b[m\x1b[K\n'}
[21.518797] (sllidar_ros2) StderrLine: {'line': b'\x1b[01m\x1b[K/home/nathan/ros2_ws/src/sllidar_ros2/sdk/src/rplidar_driver.cpp:\x1b[m\x1b[K In member function \xe2\x80\x98\x1b[01m\x1b[Ku_result rp::standalone::rplidar::RPlidarDriver::reset(_u32)\x1b[m\x1b[K\xe2\x80\x99:\n'}
[21.519043] (sllidar_ros2) StderrLine: {'line': b'\x1b[01m\x1b[K/home/nathan/ros2_ws/src/sllidar_ros2/sdk/src/rplidar_driver.cpp:101:40:\x1b[m\x1b[K \x1b[01;35m\x1b[Kwarning: \x1b[m\x1b[Kunused parameter \xe2\x80\x98\x1b[01m\x1b[Ktimeout\x1b[m\x1b[K\xe2\x80\x99 [\x1b[01;35m\x1b[K\x1b]8;;https://gcc.gnu.org/onlinedocs/gcc/Warning-Options.html#index-Wunused-parameter\x07-Wunused-parameter\x1b]8;;\x07\x1b[m\x1b[K]\n'}
[21.519243] (sllidar_ros2) StderrLine: {'line': b'  101 |     u_result RPlidarDriver::reset(\x1b[01;35m\x1b[K_u32 timeout\x1b[m\x1b[K)\n'}
[21.520785] (sllidar_ros2) StderrLine: {'line': b'      |                                   \x1b[01;35m\x1b[K~~~~~^~~~~~~\x1b[m\x1b[K\n'}
[21.521213] (sllidar_ros2) StderrLine: {'line': b'\x1b[01m\x1b[K/home/nathan/ros2_ws/src/sllidar_ros2/sdk/src/rplidar_driver.cpp:\x1b[m\x1b[K In member function \xe2\x80\x98\x1b[01m\x1b[Ku_result rp::standalone::rplidar::RPlidarDriver::getScanDataWithInterval(rplidar_response_measurement_node_t*, size_t&)\x1b[m\x1b[K\xe2\x80\x99:\n'}
[21.523897] (sllidar_ros2) StderrLine: {'line': b'\x1b[01m\x1b[K/home/nathan/ros2_ws/src/sllidar_ros2/sdk/src/rplidar_driver.cpp:180:91:\x1b[m\x1b[K \x1b[01;35m\x1b[Kwarning: \x1b[m\x1b[Kunused parameter \xe2\x80\x98\x1b[01m\x1b[Knodebuffer\x1b[m\x1b[K\xe2\x80\x99 [\x1b[01;35m\x1b[K\x1b]8;;https://gcc.gnu.org/onlinedocs/gcc/Warning-Options.html#index-Wunused-parameter\x07-Wunused-parameter\x1b]8;;\x07\x1b[m\x1b[K]\n'}
[21.524190] (sllidar_ros2) StderrLine: {'line': b'  180 |     u_result RPlidarDriver::getScanDataWithInterval(\x1b[01;35m\x1b[Krplidar_response_measurement_node_t * nodebuffer\x1b[m\x1b[K, size_t & count)\n'}
[21.524334] (sllidar_ros2) StderrLine: {'line': b'      |                                                     \x1b[01;35m\x1b[K~~~~~~~~~~~~~~~~~~~~~~~~~~~~~~~~~~~~~~^~~~~~~~~~\x1b[m\x1b[K\n'}
[21.524468] (sllidar_ros2) StderrLine: {'line': b'\x1b[01m\x1b[K/home/nathan/ros2_ws/src/sllidar_ros2/sdk/src/rplidar_driver.cpp:180:112:\x1b[m\x1b[K \x1b[01;35m\x1b[Kwarning: \x1b[m\x1b[Kunused parameter \xe2\x80\x98\x1b[01m\x1b[Kcount\x1b[m\x1b[K\xe2\x80\x99 [\x1b[01;35m\x1b[K\x1b]8;;https://gcc.gnu.org/onlinedocs/gcc/Warning-Options.html#index-Wunused-parameter\x07-Wunused-parameter\x1b]8;;\x07\x1b[m\x1b[K]\n'}
[21.524625] (sllidar_ros2) StderrLine: {'line': b'  180 |     u_result RPlidarDriver::getScanDataWithInterval(rplidar_response_measurement_node_t * nodebuffer, \x1b[01;35m\x1b[Ksize_t & count\x1b[m\x1b[K)\n'}
[21.524768] (sllidar_ros2) StderrLine: {'line': b'      |                                                                                                       \x1b[01;35m\x1b[K~~~~~~~~~^~~~~\x1b[m\x1b[K\n'}
[21.583801] (-) TimerEvent: {}
[21.686787] (-) TimerEvent: {}
[21.787211] (-) TimerEvent: {}
[21.849573] (sllidar_ros2) StdoutLine: {'line': b'[ 65%] \x1b[32mBuilding CXX object CMakeFiles/sllidar_node.dir/sdk/src/sl_crc.cpp.o\x1b[0m\n'}
[21.887323] (-) TimerEvent: {}
[21.916169] (sllidar_ros2) StderrLine: {'line': b'In file included from \x1b[01m\x1b[K/home/nathan/ros2_ws/src/sllidar_ros2/./sdk/include/sl_lidar_cmd.h:41\x1b[m\x1b[K,\n'}
[21.916417] (sllidar_ros2) StderrLine: {'line': b'                 from \x1b[01m\x1b[K/home/nathan/ros2_ws/src/sllidar_ros2/./sdk/include/sl_crc.h:36\x1b[m\x1b[K,\n'}
[21.916532] (sllidar_ros2) StderrLine: {'line': b'                 from \x1b[01m\x1b[K/home/nathan/ros2_ws/src/sllidar_ros2/sdk/src/sl_crc.cpp:33\x1b[m\x1b[K:\n'}
[21.916637] (sllidar_ros2) StderrLine: {'line': b'\x1b[01m\x1b[K/home/nathan/ros2_ws/src/sllidar_ros2/./sdk/include/sl_lidar_protocol.h:66:16:\x1b[m\x1b[K \x1b[01;35m\x1b[Kwarning: \x1b[m\x1b[KISO C++ forbids zero-size array \xe2\x80\x98\x1b[01m\x1b[Kdata\x1b[m\x1b[K\xe2\x80\x99 [\x1b[01;35m\x1b[K\x1b]8;;https://gcc.gnu.org/onlinedocs/gcc/Warning-Options.html#index-Wpedantic\x07-Wpedantic\x1b]8;;\x07\x1b[m\x1b[K]\n'}
[21.916761] (sllidar_ros2) StderrLine: {'line': b'   66 |     sl_u8 data[\x1b[01;35m\x1b[K0\x1b[m\x1b[K];\n'}
[21.916873] (sllidar_ros2) StderrLine: {'line': b'      |                \x1b[01;35m\x1b[K^\x1b[m\x1b[K\n'}
[21.916974] (sllidar_ros2) StderrLine: {'line': b'In file included from \x1b[01m\x1b[K/home/nathan/ros2_ws/src/sllidar_ros2/./sdk/include/sl_crc.h:36\x1b[m\x1b[K,\n'}
[21.917075] (sllidar_ros2) StderrLine: {'line': b'                 from \x1b[01m\x1b[K/home/nathan/ros2_ws/src/sllidar_ros2/sdk/src/sl_crc.cpp:33\x1b[m\x1b[K:\n'}
[21.917177] (sllidar_ros2) StderrLine: {'line': b'\x1b[01m\x1b[K/home/nathan/ros2_ws/src/sllidar_ros2/./sdk/include/sl_lidar_cmd.h:324:20:\x1b[m\x1b[K \x1b[01;35m\x1b[Kwarning: \x1b[m\x1b[KISO C++ forbids zero-size array \xe2\x80\x98\x1b[01m\x1b[Kpayload\x1b[m\x1b[K\xe2\x80\x99 [\x1b[01;35m\x1b[K\x1b]8;;https://gcc.gnu.org/onlinedocs/gcc/Warning-Options.html#index-Wpedantic\x07-Wpedantic\x1b]8;;\x07\x1b[m\x1b[K]\n'}
[21.917283] (sllidar_ros2) StderrLine: {'line': b'  324 |     sl_u8  payload[\x1b[01;35m\x1b[K0\x1b[m\x1b[K];\n'}
[21.917384] (sllidar_ros2) StderrLine: {'line': b'      |                    \x1b[01;35m\x1b[K^\x1b[m\x1b[K\n'}
[21.982784] (sllidar_ros2) StdoutLine: {'line': b'[ 70%] \x1b[32mBuilding CXX object CMakeFiles/sllidar_node.dir/sdk/src/sl_lidar_driver.cpp.o\x1b[0m\n'}
[21.987448] (-) TimerEvent: {}
[22.089788] (-) TimerEvent: {}
[22.190367] (-) TimerEvent: {}
[22.291795] (-) TimerEvent: {}
[22.394637] (-) TimerEvent: {}
[22.403595] (sllidar_ros2) StderrLine: {'line': b'In file included from \x1b[01m\x1b[K/home/nathan/ros2_ws/src/sllidar_ros2/./sdk/include/rplidar_protocol.h:36\x1b[m\x1b[K,\n'}
[22.403933] (sllidar_ros2) StderrLine: {'line': b'                 from \x1b[01m\x1b[K/home/nathan/ros2_ws/src/sllidar_ros2/./sdk/include/rplidar.h:39\x1b[m\x1b[K,\n'}
[22.404149] (sllidar_ros2) StderrLine: {'line': b'                 from \x1b[01m\x1b[K/home/nathan/ros2_ws/src/sllidar_ros2/sdk/src/sdkcommon.h:49\x1b[m\x1b[K,\n'}
[22.404359] (sllidar_ros2) StderrLine: {'line': b'                 from \x1b[01m\x1b[K/home/nathan/ros2_ws/src/sllidar_ros2/sdk/src/sl_async_transceiver.cpp:35\x1b[m\x1b[K:\n'}
[22.405591] (sllidar_ros2) StderrLine: {'line': b'\x1b[01m\x1b[K/home/nathan/ros2_ws/src/sllidar_ros2/./sdk/include/sl_lidar_protocol.h:66:16:\x1b[m\x1b[K \x1b[01;35m\x1b[Kwarning: \x1b[m\x1b[KISO C++ forbids zero-size array \xe2\x80\x98\x1b[01m\x1b[Kdata\x1b[m\x1b[K\xe2\x80\x99 [\x1b[01;35m\x1b[K\x1b]8;;https://gcc.gnu.org/onlinedocs/gcc/Warning-Options.html#index-Wpedantic\x07-Wpedantic\x1b]8;;\x07\x1b[m\x1b[K]\n'}
[22.405824] (sllidar_ros2) StderrLine: {'line': b'   66 |     sl_u8 data[\x1b[01;35m\x1b[K0\x1b[m\x1b[K];\n'}
[22.405963] (sllidar_ros2) StderrLine: {'line': b'      |                \x1b[01;35m\x1b[K^\x1b[m\x1b[K\n'}
[22.406185] (sllidar_ros2) StderrLine: {'line': b'In file included from \x1b[01m\x1b[K/home/nathan/ros2_ws/src/sllidar_ros2/./sdk/include/rplidar_cmd.h:36\x1b[m\x1b[K,\n'}
[22.406427] (sllidar_ros2) StderrLine: {'line': b'                 from \x1b[01m\x1b[K/home/nathan/ros2_ws/src/sllidar_ros2/./sdk/include/rplidar.h:40\x1b[m\x1b[K,\n'}
[22.406655] (sllidar_ros2) StderrLine: {'line': b'                 from \x1b[01m\x1b[K/home/nathan/ros2_ws/src/sllidar_ros2/sdk/src/sdkcommon.h:49\x1b[m\x1b[K,\n'}
[22.408861] (sllidar_ros2) StderrLine: {'line': b'                 from \x1b[01m\x1b[K/home/nathan/ros2_ws/src/sllidar_ros2/sdk/src/sl_async_transceiver.cpp:35\x1b[m\x1b[K:\n'}
[22.409106] (sllidar_ros2) StderrLine: {'line': b'\x1b[01m\x1b[K/home/nathan/ros2_ws/src/sllidar_ros2/./sdk/include/sl_lidar_cmd.h:324:20:\x1b[m\x1b[K \x1b[01;35m\x1b[Kwarning: \x1b[m\x1b[KISO C++ forbids zero-size array \xe2\x80\x98\x1b[01m\x1b[Kpayload\x1b[m\x1b[K\xe2\x80\x99 [\x1b[01;35m\x1b[K\x1b]8;;https://gcc.gnu.org/onlinedocs/gcc/Warning-Options.html#index-Wpedantic\x07-Wpedantic\x1b]8;;\x07\x1b[m\x1b[K]\n'}
[22.409236] (sllidar_ros2) StderrLine: {'line': b'  324 |     sl_u8  payload[\x1b[01;35m\x1b[K0\x1b[m\x1b[K];\n'}
[22.409352] (sllidar_ros2) StderrLine: {'line': b'      |                    \x1b[01;35m\x1b[K^\x1b[m\x1b[K\n'}
[22.494901] (-) TimerEvent: {}
[22.569112] (sllidar_ros2) StderrLine: {'line': b'In file included from \x1b[01m\x1b[K/home/nathan/ros2_ws/src/sllidar_ros2/./sdk/include/sl_lidar_cmd.h:41\x1b[m\x1b[K,\n'}
[22.569373] (sllidar_ros2) StderrLine: {'line': b'                 from \x1b[01m\x1b[K/home/nathan/ros2_ws/src/sllidar_ros2/./sdk/include/sl_lidar_driver.h:54\x1b[m\x1b[K,\n'}
[22.569528] (sllidar_ros2) StderrLine: {'line': b'                 from \x1b[01m\x1b[K/home/nathan/ros2_ws/src/sllidar_ros2/./sdk/include/sl_lidar.h:36\x1b[m\x1b[K,\n'}
[22.569665] (sllidar_ros2) StderrLine: {'line': b'                 from \x1b[01m\x1b[K/home/nathan/ros2_ws/src/sllidar_ros2/src/sllidar_node.cpp:38\x1b[m\x1b[K:\n'}
[22.569800] (sllidar_ros2) StderrLine: {'line': b'\x1b[01m\x1b[K/home/nathan/ros2_ws/src/sllidar_ros2/./sdk/include/sl_lidar_protocol.h:66:16:\x1b[m\x1b[K \x1b[01;35m\x1b[Kwarning: \x1b[m\x1b[KISO C++ forbids zero-size array \xe2\x80\x98\x1b[01m\x1b[Kdata\x1b[m\x1b[K\xe2\x80\x99 [\x1b[01;35m\x1b[K\x1b]8;;https://gcc.gnu.org/onlinedocs/gcc/Warning-Options.html#index-Wpedantic\x07-Wpedantic\x1b]8;;\x07\x1b[m\x1b[K]\n'}
[22.569928] (sllidar_ros2) StderrLine: {'line': b'   66 |     sl_u8 data[\x1b[01;35m\x1b[K0\x1b[m\x1b[K];\n'}
[22.570059] (sllidar_ros2) StderrLine: {'line': b'      |                \x1b[01;35m\x1b[K^\x1b[m\x1b[K\n'}
[22.570189] (sllidar_ros2) StderrLine: {'line': b'In file included from \x1b[01m\x1b[K/home/nathan/ros2_ws/src/sllidar_ros2/./sdk/include/sl_lidar_driver.h:54\x1b[m\x1b[K,\n'}
[22.570327] (sllidar_ros2) StderrLine: {'line': b'                 from \x1b[01m\x1b[K/home/nathan/ros2_ws/src/sllidar_ros2/./sdk/include/sl_lidar.h:36\x1b[m\x1b[K,\n'}
[22.570465] (sllidar_ros2) StderrLine: {'line': b'                 from \x1b[01m\x1b[K/home/nathan/ros2_ws/src/sllidar_ros2/src/sllidar_node.cpp:38\x1b[m\x1b[K:\n'}
[22.570597] (sllidar_ros2) StderrLine: {'line': b'\x1b[01m\x1b[K/home/nathan/ros2_ws/src/sllidar_ros2/./sdk/include/sl_lidar_cmd.h:324:20:\x1b[m\x1b[K \x1b[01;35m\x1b[Kwarning: \x1b[m\x1b[KISO C++ forbids zero-size array \xe2\x80\x98\x1b[01m\x1b[Kpayload\x1b[m\x1b[K\xe2\x80\x99 [\x1b[01;35m\x1b[K\x1b]8;;https://gcc.gnu.org/onlinedocs/gcc/Warning-Options.html#index-Wpedantic\x07-Wpedantic\x1b]8;;\x07\x1b[m\x1b[K]\n'}
[22.570742] (sllidar_ros2) StderrLine: {'line': b'  324 |     sl_u8  payload[\x1b[01;35m\x1b[K0\x1b[m\x1b[K];\n'}
[22.570888] (sllidar_ros2) StderrLine: {'line': b'      |                    \x1b[01;35m\x1b[K^\x1b[m\x1b[K\n'}
[22.599788] (-) TimerEvent: {}
[22.626898] (sllidar_ros2) StderrLine: {'line': b'In file included from \x1b[01m\x1b[K/home/nathan/ros2_ws/src/sllidar_ros2/sdk/src/sl_async_transceiver.cpp:44\x1b[m\x1b[K:\n'}
[22.627146] (sllidar_ros2) StderrLine: {'line': b'\x1b[01m\x1b[K/home/nathan/ros2_ws/src/sllidar_ros2/sdk/src/sl_async_transceiver.h:\x1b[m\x1b[K In member function \xe2\x80\x98\x1b[01m\x1b[Kvirtual void sl::internal::IAsyncProtocolCodec::onChannelError(u_result)\x1b[m\x1b[K\xe2\x80\x99:\n'}
[22.627271] (sllidar_ros2) StderrLine: {'line': b'\x1b[01m\x1b[K/home/nathan/ros2_ws/src/sllidar_ros2/sdk/src/sl_async_transceiver.h:90:48:\x1b[m\x1b[K \x1b[01;35m\x1b[Kwarning: \x1b[m\x1b[Kunused parameter \xe2\x80\x98\x1b[01m\x1b[KerrCode\x1b[m\x1b[K\xe2\x80\x99 [\x1b[01;35m\x1b[K\x1b]8;;https://gcc.gnu.org/onlinedocs/gcc/Warning-Options.html#index-Wunused-parameter\x07-Wunused-parameter\x1b]8;;\x07\x1b[m\x1b[K]\n'}
[22.627391] (sllidar_ros2) StderrLine: {'line': b'   90 |         virtual void   onChannelError(\x1b[01;35m\x1b[Ku_result errCode\x1b[m\x1b[K) {}\n'}
[22.627505] (sllidar_ros2) StderrLine: {'line': b'      |                                       \x1b[01;35m\x1b[K~~~~~~~~~^~~~~~~\x1b[m\x1b[K\n'}
[22.702789] (-) TimerEvent: {}
[22.803179] (-) TimerEvent: {}
[22.903560] (-) TimerEvent: {}
[22.962043] (sllidar_ros2) StdoutLine: {'line': b'[ 75%] \x1b[32mBuilding CXX object CMakeFiles/sllidar_node.dir/sdk/src/sl_lidarprotocol_codec.cpp.o\x1b[0m\n'}
[23.003680] (-) TimerEvent: {}
[23.060791] (sllidar_ros2) StderrLine: {'line': b'In file included from \x1b[01m\x1b[K/home/nathan/ros2_ws/src/sllidar_ros2/./sdk/include/rplidar_protocol.h:36\x1b[m\x1b[K,\n'}
[23.061070] (sllidar_ros2) StderrLine: {'line': b'                 from \x1b[01m\x1b[K/home/nathan/ros2_ws/src/sllidar_ros2/./sdk/include/rplidar.h:39\x1b[m\x1b[K,\n'}
[23.061244] (sllidar_ros2) StderrLine: {'line': b'                 from \x1b[01m\x1b[K/home/nathan/ros2_ws/src/sllidar_ros2/sdk/src/sdkcommon.h:49\x1b[m\x1b[K,\n'}
[23.061402] (sllidar_ros2) StderrLine: {'line': b'                 from \x1b[01m\x1b[K/home/nathan/ros2_ws/src/sllidar_ros2/sdk/src/sl_lidar_driver.cpp:33\x1b[m\x1b[K:\n'}
[23.061652] (sllidar_ros2) StderrLine: {'line': b'\x1b[01m\x1b[K/home/nathan/ros2_ws/src/sllidar_ros2/./sdk/include/sl_lidar_protocol.h:66:16:\x1b[m\x1b[K \x1b[01;35m\x1b[Kwarning: \x1b[m\x1b[KISO C++ forbids zero-size array \xe2\x80\x98\x1b[01m\x1b[Kdata\x1b[m\x1b[K\xe2\x80\x99 [\x1b[01;35m\x1b[K\x1b]8;;https://gcc.gnu.org/onlinedocs/gcc/Warning-Options.html#index-Wpedantic\x07-Wpedantic\x1b]8;;\x07\x1b[m\x1b[K]\n'}
[23.061823] (sllidar_ros2) StderrLine: {'line': b'   66 |     sl_u8 data[\x1b[01;35m\x1b[K0\x1b[m\x1b[K];\n'}
[23.061970] (sllidar_ros2) StderrLine: {'line': b'      |                \x1b[01;35m\x1b[K^\x1b[m\x1b[K\n'}
[23.062108] (sllidar_ros2) StderrLine: {'line': b'In file included from \x1b[01m\x1b[K/home/nathan/ros2_ws/src/sllidar_ros2/./sdk/include/rplidar_cmd.h:36\x1b[m\x1b[K,\n'}
[23.062246] (sllidar_ros2) StderrLine: {'line': b'                 from \x1b[01m\x1b[K/home/nathan/ros2_ws/src/sllidar_ros2/./sdk/include/rplidar.h:40\x1b[m\x1b[K,\n'}
[23.062400] (sllidar_ros2) StderrLine: {'line': b'                 from \x1b[01m\x1b[K/home/nathan/ros2_ws/src/sllidar_ros2/sdk/src/sdkcommon.h:49\x1b[m\x1b[K,\n'}
[23.062533] (sllidar_ros2) StderrLine: {'line': b'                 from \x1b[01m\x1b[K/home/nathan/ros2_ws/src/sllidar_ros2/sdk/src/sl_lidar_driver.cpp:33\x1b[m\x1b[K:\n'}
[23.062662] (sllidar_ros2) StderrLine: {'line': b'\x1b[01m\x1b[K/home/nathan/ros2_ws/src/sllidar_ros2/./sdk/include/sl_lidar_cmd.h:324:20:\x1b[m\x1b[K \x1b[01;35m\x1b[Kwarning: \x1b[m\x1b[KISO C++ forbids zero-size array \xe2\x80\x98\x1b[01m\x1b[Kpayload\x1b[m\x1b[K\xe2\x80\x99 [\x1b[01;35m\x1b[K\x1b]8;;https://gcc.gnu.org/onlinedocs/gcc/Warning-Options.html#index-Wpedantic\x07-Wpedantic\x1b]8;;\x07\x1b[m\x1b[K]\n'}
[23.062833] (sllidar_ros2) StderrLine: {'line': b'  324 |     sl_u8  payload[\x1b[01;35m\x1b[K0\x1b[m\x1b[K];\n'}
[23.062969] (sllidar_ros2) StderrLine: {'line': b'      |                    \x1b[01;35m\x1b[K^\x1b[m\x1b[K\n'}
[23.106798] (-) TimerEvent: {}
[23.207297] (-) TimerEvent: {}
[23.307782] (-) TimerEvent: {}
[23.408296] (-) TimerEvent: {}
[23.512791] (-) TimerEvent: {}
[23.613230] (-) TimerEvent: {}
[23.615013] (sllidar_ros2) StderrLine: {'line': b'In file included from \x1b[01m\x1b[K/home/nathan/ros2_ws/src/sllidar_ros2/sdk/src/sl_lidar_driver.cpp:50\x1b[m\x1b[K:\n'}
[23.615275] (sllidar_ros2) StderrLine: {'line': b'\x1b[01m\x1b[K/home/nathan/ros2_ws/src/sllidar_ros2/sdk/src/dataunpacker/dataunpacker.h:\x1b[m\x1b[K In member function \xe2\x80\x98\x1b[01m\x1b[Kvirtual void sl::internal::LIDARSampleDataListener::onCustomSampleDataDecoded(_u8, _u32, const void*, size_t)\x1b[m\x1b[K\xe2\x80\x99:\n'}
[23.615422] (sllidar_ros2) StderrLine: {'line': b'\x1b[01m\x1b[K/home/nathan/ros2_ws/src/sllidar_ros2/sdk/src/dataunpacker/dataunpacker.h:54:52:\x1b[m\x1b[K \x1b[01;35m\x1b[Kwarning: \x1b[m\x1b[Kunused parameter \xe2\x80\x98\x1b[01m\x1b[KansType\x1b[m\x1b[K\xe2\x80\x99 [\x1b[01;35m\x1b[K\x1b]8;;https://gcc.gnu.org/onlinedocs/gcc/Warning-Options.html#index-Wunused-parameter\x07-Wunused-parameter\x1b]8;;\x07\x1b[m\x1b[K]\n'}
[23.615562] (sllidar_ros2) StderrLine: {'line': b'   54 |         virtual void onCustomSampleDataDecoded(\x1b[01;35m\x1b[K_u8 ansType\x1b[m\x1b[K, _u32 customCode, const void* data, size_t size) {}\n'}
[23.615703] (sllidar_ros2) StderrLine: {'line': b'      |                                                \x1b[01;35m\x1b[K~~~~^~~~~~~\x1b[m\x1b[K\n'}
[23.615858] (sllidar_ros2) StderrLine: {'line': b'\x1b[01m\x1b[K/home/nathan/ros2_ws/src/sllidar_ros2/sdk/src/dataunpacker/dataunpacker.h:54:66:\x1b[m\x1b[K \x1b[01;35m\x1b[Kwarning: \x1b[m\x1b[Kunused parameter \xe2\x80\x98\x1b[01m\x1b[KcustomCode\x1b[m\x1b[K\xe2\x80\x99 [\x1b[01;35m\x1b[K\x1b]8;;https://gcc.gnu.org/onlinedocs/gcc/Warning-Options.html#index-Wunused-parameter\x07-Wunused-parameter\x1b]8;;\x07\x1b[m\x1b[K]\n'}
[23.616007] (sllidar_ros2) StderrLine: {'line': b'   54 |         virtual void onCustomSampleDataDecoded(_u8 ansType, \x1b[01;35m\x1b[K_u32 customCode\x1b[m\x1b[K, const void* data, size_t size) {}\n'}
[23.616142] (sllidar_ros2) StderrLine: {'line': b'      |                                                             \x1b[01;35m\x1b[K~~~~~^~~~~~~~~~\x1b[m\x1b[K\n'}
[23.616269] (sllidar_ros2) StderrLine: {'line': b'\x1b[01m\x1b[K/home/nathan/ros2_ws/src/sllidar_ros2/sdk/src/dataunpacker/dataunpacker.h:54:90:\x1b[m\x1b[K \x1b[01;35m\x1b[Kwarning: \x1b[m\x1b[Kunused parameter \xe2\x80\x98\x1b[01m\x1b[Kdata\x1b[m\x1b[K\xe2\x80\x99 [\x1b[01;35m\x1b[K\x1b]8;;https://gcc.gnu.org/onlinedocs/gcc/Warning-Options.html#index-Wunused-parameter\x07-Wunused-parameter\x1b]8;;\x07\x1b[m\x1b[K]\n'}
[23.616403] (sllidar_ros2) StderrLine: {'line': b'   54 |         virtual void onCustomSampleDataDecoded(_u8 ansType, _u32 customCode, \x1b[01;35m\x1b[Kconst void* data\x1b[m\x1b[K, size_t size) {}\n'}
[23.616533] (sllidar_ros2) StderrLine: {'line': b'      |                                                                              \x1b[01;35m\x1b[K~~~~~~~~~~~~^~~~\x1b[m\x1b[K\n'}
[23.616665] (sllidar_ros2) StderrLine: {'line': b'\x1b[01m\x1b[K/home/nathan/ros2_ws/src/sllidar_ros2/sdk/src/dataunpacker/dataunpacker.h:54:103:\x1b[m\x1b[K \x1b[01;35m\x1b[Kwarning: \x1b[m\x1b[Kunused parameter \xe2\x80\x98\x1b[01m\x1b[Ksize\x1b[m\x1b[K\xe2\x80\x99 [\x1b[01;35m\x1b[K\x1b]8;;https://gcc.gnu.org/onlinedocs/gcc/Warning-Options.html#index-Wunused-parameter\x07-Wunused-parameter\x1b]8;;\x07\x1b[m\x1b[K]\n'}
[23.616838] (sllidar_ros2) StderrLine: {'line': b'   54 |         virtual void onCustomSampleDataDecoded(_u8 ansType, _u32 customCode, const void* data, \x1b[01;35m\x1b[Ksize_t size\x1b[m\x1b[K) {}\n'}
[23.616974] (sllidar_ros2) StderrLine: {'line': b'      |                                                                                                \x1b[01;35m\x1b[K~~~~~~~^~~~\x1b[m\x1b[K\n'}
[23.617280] (sllidar_ros2) StderrLine: {'line': b'\x1b[01m\x1b[K/home/nathan/ros2_ws/src/sllidar_ros2/sdk/src/dataunpacker/dataunpacker.h:\x1b[m\x1b[K In member function \xe2\x80\x98\x1b[01m\x1b[Kvirtual void sl::internal::LIDARSampleDataListener::onDecodingError(int, _u8, const void*, size_t)\x1b[m\x1b[K\xe2\x80\x99:\n'}
[23.617433] (sllidar_ros2) StderrLine: {'line': b'\x1b[01m\x1b[K/home/nathan/ros2_ws/src/sllidar_ros2/sdk/src/dataunpacker/dataunpacker.h:56:42:\x1b[m\x1b[K \x1b[01;35m\x1b[Kwarning: \x1b[m\x1b[Kunused parameter \xe2\x80\x98\x1b[01m\x1b[KerrMsg\x1b[m\x1b[K\xe2\x80\x99 [\x1b[01;35m\x1b[K\x1b]8;;https://gcc.gnu.org/onlinedocs/gcc/Warning-Options.html#index-Wunused-parameter\x07-Wunused-parameter\x1b]8;;\x07\x1b[m\x1b[K]\n'}
[23.617572] (sllidar_ros2) StderrLine: {'line': b'   56 |         virtual void onDecodingError(\x1b[01;35m\x1b[Kint errMsg\x1b[m\x1b[K, _u8 ansType, const void* payload, size_t size) {}\n'}
[23.617706] (sllidar_ros2) StderrLine: {'line': b'      |                                      \x1b[01;35m\x1b[K~~~~^~~~~~\x1b[m\x1b[K\n'}
[23.617866] (sllidar_ros2) StderrLine: {'line': b'\x1b[01m\x1b[K/home/nathan/ros2_ws/src/sllidar_ros2/sdk/src/dataunpacker/dataunpacker.h:56:54:\x1b[m\x1b[K \x1b[01;35m\x1b[Kwarning: \x1b[m\x1b[Kunused parameter \xe2\x80\x98\x1b[01m\x1b[KansType\x1b[m\x1b[K\xe2\x80\x99 [\x1b[01;35m\x1b[K\x1b]8;;https://gcc.gnu.org/onlinedocs/gcc/Warning-Options.html#index-Wunused-parameter\x07-Wunused-parameter\x1b]8;;\x07\x1b[m\x1b[K]\n'}
[23.618006] (sllidar_ros2) StderrLine: {'line': b'   56 |         virtual void onDecodingError(int errMsg, \x1b[01;35m\x1b[K_u8 ansType\x1b[m\x1b[K, const void* payload, size_t size) {}\n'}
[23.618137] (sllidar_ros2) StderrLine: {'line': b'      |                                                  \x1b[01;35m\x1b[K~~~~^~~~~~~\x1b[m\x1b[K\n'}
[23.618266] (sllidar_ros2) StderrLine: {'line': b'\x1b[01m\x1b[K/home/nathan/ros2_ws/src/sllidar_ros2/sdk/src/dataunpacker/dataunpacker.h:56:75:\x1b[m\x1b[K \x1b[01;35m\x1b[Kwarning: \x1b[m\x1b[Kunused parameter \xe2\x80\x98\x1b[01m\x1b[Kpayload\x1b[m\x1b[K\xe2\x80\x99 [\x1b[01;35m\x1b[K\x1b]8;;https://gcc.gnu.org/onlinedocs/gcc/Warning-Options.html#index-Wunused-parameter\x07-Wunused-parameter\x1b]8;;\x07\x1b[m\x1b[K]\n'}
[23.618417] (sllidar_ros2) StderrLine: {'line': b'   56 |         virtual void onDecodingError(int errMsg, _u8 ansType, \x1b[01;35m\x1b[Kconst void* payload\x1b[m\x1b[K, size_t size) {}\n'}
[23.618548] (sllidar_ros2) StderrLine: {'line': b'      |                                                               \x1b[01;35m\x1b[K~~~~~~~~~~~~^~~~~~~\x1b[m\x1b[K\n'}
[23.618677] (sllidar_ros2) StderrLine: {'line': b'\x1b[01m\x1b[K/home/nathan/ros2_ws/src/sllidar_ros2/sdk/src/dataunpacker/dataunpacker.h:56:91:\x1b[m\x1b[K \x1b[01;35m\x1b[Kwarning: \x1b[m\x1b[Kunused parameter \xe2\x80\x98\x1b[01m\x1b[Ksize\x1b[m\x1b[K\xe2\x80\x99 [\x1b[01;35m\x1b[K\x1b]8;;https://gcc.gnu.org/onlinedocs/gcc/Warning-Options.html#index-Wunused-parameter\x07-Wunused-parameter\x1b]8;;\x07\x1b[m\x1b[K]\n'}
[23.618837] (sllidar_ros2) StderrLine: {'line': b'   56 |         virtual void onDecodingError(int errMsg, _u8 ansType, const void* payload, \x1b[01;35m\x1b[Ksize_t size\x1b[m\x1b[K) {}\n'}
[23.618974] (sllidar_ros2) StderrLine: {'line': b'      |                                                                                    \x1b[01;35m\x1b[K~~~~~~~^~~~\x1b[m\x1b[K\n'}
[23.632780] (sllidar_ros2) StderrLine: {'line': b'In file included from \x1b[01m\x1b[K/home/nathan/ros2_ws/src/sllidar_ros2/sdk/src/sl_lidar_driver.cpp:51\x1b[m\x1b[K:\n'}
[23.633039] (sllidar_ros2) StderrLine: {'line': b'\x1b[01m\x1b[K/home/nathan/ros2_ws/src/sllidar_ros2/sdk/src/sl_async_transceiver.h:\x1b[m\x1b[K In member function \xe2\x80\x98\x1b[01m\x1b[Kvirtual void sl::internal::IAsyncProtocolCodec::onChannelError(u_result)\x1b[m\x1b[K\xe2\x80\x99:\n'}
[23.633181] (sllidar_ros2) StderrLine: {'line': b'\x1b[01m\x1b[K/home/nathan/ros2_ws/src/sllidar_ros2/sdk/src/sl_async_transceiver.h:90:48:\x1b[m\x1b[K \x1b[01;35m\x1b[Kwarning: \x1b[m\x1b[Kunused parameter \xe2\x80\x98\x1b[01m\x1b[KerrCode\x1b[m\x1b[K\xe2\x80\x99 [\x1b[01;35m\x1b[K\x1b]8;;https://gcc.gnu.org/onlinedocs/gcc/Warning-Options.html#index-Wunused-parameter\x07-Wunused-parameter\x1b]8;;\x07\x1b[m\x1b[K]\n'}
[23.633334] (sllidar_ros2) StderrLine: {'line': b'   90 |         virtual void   onChannelError(\x1b[01;35m\x1b[Ku_result errCode\x1b[m\x1b[K) {}\n'}
[23.633464] (sllidar_ros2) StderrLine: {'line': b'      |                                       \x1b[01;35m\x1b[K~~~~~~~~~^~~~~~~\x1b[m\x1b[K\n'}
[23.676538] (sllidar_ros2) StderrLine: {'line': b'\x1b[01m\x1b[K/home/nathan/ros2_ws/src/sllidar_ros2/sdk/src/sl_lidar_driver.cpp:\x1b[m\x1b[K In member function \xe2\x80\x98\x1b[01m\x1b[Kvirtual sl_result sl::SlamtecLidarDriver::reset(sl_u32)\x1b[m\x1b[K\xe2\x80\x99:\n'}
[23.676810] (sllidar_ros2) StderrLine: {'line': b'\x1b[01m\x1b[K/home/nathan/ros2_ws/src/sllidar_ros2/sdk/src/sl_lidar_driver.cpp:511:32:\x1b[m\x1b[K \x1b[01;35m\x1b[Kwarning: \x1b[m\x1b[Kunused parameter \xe2\x80\x98\x1b[01m\x1b[KtimeoutInMs\x1b[m\x1b[K\xe2\x80\x99 [\x1b[01;35m\x1b[K\x1b]8;;https://gcc.gnu.org/onlinedocs/gcc/Warning-Options.html#index-Wunused-parameter\x07-Wunused-parameter\x1b]8;;\x07\x1b[m\x1b[K]\n'}
[23.676970] (sllidar_ros2) StderrLine: {'line': b'  511 |         sl_result reset(\x1b[01;35m\x1b[Ksl_u32 timeoutInMs = DEFAULT_TIMEOUT\x1b[m\x1b[K)\n'}
[23.677109] (sllidar_ros2) StderrLine: {'line': b'      |                         \x1b[01;35m\x1b[K~~~~~~~^~~~~~~~~~~~~~~~~~~~~~~~~~~~~\x1b[m\x1b[K\n'}
[23.683937] (sllidar_ros2) StderrLine: {'line': b'\x1b[01m\x1b[K/home/nathan/ros2_ws/src/sllidar_ros2/sdk/src/sl_lidar_driver.cpp:\x1b[m\x1b[K In member function \xe2\x80\x98\x1b[01m\x1b[Kvirtual sl_result sl::SlamtecLidarDriver::startScan(bool, bool, sl_u32, sl::LidarScanMode*)\x1b[m\x1b[K\xe2\x80\x99:\n'}
[23.684194] (sllidar_ros2) StderrLine: {'line': b'\x1b[01m\x1b[K/home/nathan/ros2_ws/src/sllidar_ros2/sdk/src/sl_lidar_driver.cpp:586:69:\x1b[m\x1b[K \x1b[01;35m\x1b[Kwarning: \x1b[m\x1b[Kunused parameter \xe2\x80\x98\x1b[01m\x1b[Koptions\x1b[m\x1b[K\xe2\x80\x99 [\x1b[01;35m\x1b[K\x1b]8;;https://gcc.gnu.org/onlinedocs/gcc/Warning-Options.html#index-Wunused-parameter\x07-Wunused-parameter\x1b]8;;\x07\x1b[m\x1b[K]\n'}
[23.684343] (sllidar_ros2) StderrLine: {'line': b'  586 |         sl_result startScan(bool force, bool useTypicalScan, \x1b[01;35m\x1b[Ksl_u32 options = 0\x1b[m\x1b[K, LidarScanMode* outUsedScanMode = nullptr)\n'}
[23.684481] (sllidar_ros2) StderrLine: {'line': b'      |                                                              \x1b[01;35m\x1b[K~~~~~~~^~~~~~~~~~~\x1b[m\x1b[K\n'}
[23.687926] (sllidar_ros2) StderrLine: {'line': b'\x1b[01m\x1b[K/home/nathan/ros2_ws/src/sllidar_ros2/sdk/src/sl_lidar_driver.cpp:\x1b[m\x1b[K In member function \xe2\x80\x98\x1b[01m\x1b[Kvirtual sl_result sl::SlamtecLidarDriver::stop(sl_u32)\x1b[m\x1b[K\xe2\x80\x99:\n'}
[23.688179] (sllidar_ros2) StderrLine: {'line': b'\x1b[01m\x1b[K/home/nathan/ros2_ws/src/sllidar_ros2/sdk/src/sl_lidar_driver.cpp:763:31:\x1b[m\x1b[K \x1b[01;35m\x1b[Kwarning: \x1b[m\x1b[Kunused parameter \xe2\x80\x98\x1b[01m\x1b[Ktimeout\x1b[m\x1b[K\xe2\x80\x99 [\x1b[01;35m\x1b[K\x1b]8;;https://gcc.gnu.org/onlinedocs/gcc/Warning-Options.html#index-Wunused-parameter\x07-Wunused-parameter\x1b]8;;\x07\x1b[m\x1b[K]\n'}
[23.688336] (sllidar_ros2) StderrLine: {'line': b'  763 |         sl_result stop(\x1b[01;35m\x1b[Ksl_u32 timeout = DEFAULT_TIMEOUT\x1b[m\x1b[K)\n'}
[23.688468] (sllidar_ros2) StderrLine: {'line': b'      |                        \x1b[01;35m\x1b[K~~~~~~~^~~~~~~~~~~~~~~~~~~~~~~~~\x1b[m\x1b[K\n'}
[23.691286] (sllidar_ros2) StderrLine: {'line': b'\x1b[01m\x1b[K/home/nathan/ros2_ws/src/sllidar_ros2/sdk/src/sl_lidar_driver.cpp:\x1b[m\x1b[K In member function \xe2\x80\x98\x1b[01m\x1b[Kvirtual sl_result sl::SlamtecLidarDriver::getFrequency(const sl::LidarScanMode&, const sl_lidar_response_measurement_node_hq_t*, size_t, float&)\x1b[m\x1b[K\xe2\x80\x99:\n'}
[23.691560] (sllidar_ros2) StderrLine: {'line': b'\x1b[01m\x1b[K/home/nathan/ros2_ws/src/sllidar_ros2/sdk/src/sl_lidar_driver.cpp:880:110:\x1b[m\x1b[K \x1b[01;35m\x1b[Kwarning: \x1b[m\x1b[Kunused parameter \xe2\x80\x98\x1b[01m\x1b[Knodes\x1b[m\x1b[K\xe2\x80\x99 [\x1b[01;35m\x1b[K\x1b]8;;https://gcc.gnu.org/onlinedocs/gcc/Warning-Options.html#index-Wunused-parameter\x07-Wunused-parameter\x1b]8;;\x07\x1b[m\x1b[K]\n'}
[23.691703] (sllidar_ros2) StderrLine: {'line': b'  880 |         sl_result getFrequency(const LidarScanMode& scanMode, \x1b[01;35m\x1b[Kconst sl_lidar_response_measurement_node_hq_t* nodes\x1b[m\x1b[K, size_t count, float& frequency)\n'}
[23.691863] (sllidar_ros2) StderrLine: {'line': b'      |                                                               \x1b[01;35m\x1b[K~~~~~~~~~~~~~~~~~~~~~~~~~~~~~~~~~~~~~~~~~~~~~~~^~~~~\x1b[m\x1b[K\n'}
[23.695892] (sllidar_ros2) StderrLine: {'line': b'\x1b[01m\x1b[K/home/nathan/ros2_ws/src/sllidar_ros2/sdk/src/sl_lidar_driver.cpp:\x1b[m\x1b[K In member function \xe2\x80\x98\x1b[01m\x1b[Kvirtual sl_result sl::SlamtecLidarDriver::getMotorInfo(sl::LidarMotorInfo&, sl_u32)\x1b[m\x1b[K\xe2\x80\x99:\n'}
[23.696147] (sllidar_ros2) StderrLine: {'line': b'\x1b[01m\x1b[K/home/nathan/ros2_ws/src/sllidar_ros2/sdk/src/sl_lidar_driver.cpp:1023:66:\x1b[m\x1b[K \x1b[01;35m\x1b[Kwarning: \x1b[m\x1b[Kunused parameter \xe2\x80\x98\x1b[01m\x1b[KtimeoutInMs\x1b[m\x1b[K\xe2\x80\x99 [\x1b[01;35m\x1b[K\x1b]8;;https://gcc.gnu.org/onlinedocs/gcc/Warning-Options.html#index-Wunused-parameter\x07-Wunused-parameter\x1b]8;;\x07\x1b[m\x1b[K]\n'}
[23.696292] (sllidar_ros2) StderrLine: {'line': b' 1023 |         sl_result getMotorInfo(LidarMotorInfo &motorInfo, \x1b[01;35m\x1b[Ksl_u32 timeoutInMs\x1b[m\x1b[K)\n'}
[23.696428] (sllidar_ros2) StderrLine: {'line': b'      |                                                           \x1b[01;35m\x1b[K~~~~~~~^~~~~~~~~~~\x1b[m\x1b[K\n'}
[23.700780] (sllidar_ros2) StderrLine: {'line': b'\x1b[01m\x1b[K/home/nathan/ros2_ws/src/sllidar_ros2/sdk/src/sl_lidar_driver.cpp:\x1b[m\x1b[K In member function \xe2\x80\x98\x1b[01m\x1b[Ku_result sl::SlamtecLidarDriver::getScanModeCount(sl_u16&, sl_u32)\x1b[m\x1b[K\xe2\x80\x99:\n'}
[23.701063] (sllidar_ros2) StderrLine: {'line': b'\x1b[01m\x1b[K/home/nathan/ros2_ws/src/sllidar_ros2/sdk/src/sl_lidar_driver.cpp:1199:61:\x1b[m\x1b[K \x1b[01;35m\x1b[Kwarning: \x1b[m\x1b[Kunused parameter \xe2\x80\x98\x1b[01m\x1b[KtimeoutInMs\x1b[m\x1b[K\xe2\x80\x99 [\x1b[01;35m\x1b[K\x1b]8;;https://gcc.gnu.org/onlinedocs/gcc/Warning-Options.html#index-Wunused-parameter\x07-Wunused-parameter\x1b]8;;\x07\x1b[m\x1b[K]\n'}
[23.701211] (sllidar_ros2) StderrLine: {'line': b' 1199 |         u_result getScanModeCount(sl_u16& modeCount, \x1b[01;35m\x1b[Ksl_u32 timeoutInMs = DEFAULT_TIMEOUT\x1b[m\x1b[K)\n'}
[23.701348] (sllidar_ros2) StderrLine: {'line': b'      |                                                      \x1b[01;35m\x1b[K~~~~~~~^~~~~~~~~~~~~~~~~~~~~~~~~~~~~\x1b[m\x1b[K\n'}
[23.713347] (-) TimerEvent: {}
[23.813870] (-) TimerEvent: {}
[23.849705] (sllidar_ros2) StderrLine: {'line': b'/home/nathan/ros2_ws/src/sllidar_ros2/sdk/src/sl_lidar_driver.cpp: In instantiation of \xe2\x80\x98\x1b[01m\x1b[Kvoid sl::RawSampleNodeHolder<T>::pushNode(_u64, const T*) [with T = sl_lidar_response_measurement_node_hq_t; _u64 = long unsigned int]\x1b[m\x1b[K\xe2\x80\x99:\n'}
[23.850015] (sllidar_ros2) StderrLine: {'line': b'\x1b[01m\x1b[K/home/nathan/ros2_ws/src/sllidar_ros2/sdk/src/sl_lidar_driver.cpp:1648:42:\x1b[m\x1b[K   required from here\n'}
[23.850206] (sllidar_ros2) StderrLine: {'line': b'\x1b[01m\x1b[K/home/nathan/ros2_ws/src/sllidar_ros2/sdk/src/sl_lidar_driver.cpp:202:28:\x1b[m\x1b[K \x1b[01;35m\x1b[Kwarning: \x1b[m\x1b[Kunused parameter \xe2\x80\x98\x1b[01m\x1b[Ktimestamp_uS\x1b[m\x1b[K\xe2\x80\x99 [\x1b[01;35m\x1b[K\x1b]8;;https://gcc.gnu.org/onlinedocs/gcc/Warning-Options.html#index-Wunused-parameter\x07-Wunused-parameter\x1b]8;;\x07\x1b[m\x1b[K]\n'}
[23.850379] (sllidar_ros2) StderrLine: {'line': b'  202 |         void pushNode(\x1b[01;35m\x1b[K_u64 timestamp_uS\x1b[m\x1b[K, const T* node)\n'}
[23.850537] (sllidar_ros2) StderrLine: {'line': b'      |                       \x1b[01;35m\x1b[K~~~~~^~~~~~~~~~~~\x1b[m\x1b[K\n'}
[23.914793] (-) TimerEvent: {}
[23.966540] (sllidar_ros2) StderrLine: {'line': b'In file included from \x1b[01m\x1b[K/home/nathan/ros2_ws/src/sllidar_ros2/./sdk/include/rplidar_protocol.h:36\x1b[m\x1b[K,\n'}
[23.967781] (sllidar_ros2) StderrLine: {'line': b'                 from \x1b[01m\x1b[K/home/nathan/ros2_ws/src/sllidar_ros2/./sdk/include/rplidar.h:39\x1b[m\x1b[K,\n'}
[23.967950] (sllidar_ros2) StderrLine: {'line': b'                 from \x1b[01m\x1b[K/home/nathan/ros2_ws/src/sllidar_ros2/sdk/src/sdkcommon.h:49\x1b[m\x1b[K,\n'}
[23.968066] (sllidar_ros2) StderrLine: {'line': b'                 from \x1b[01m\x1b[K/home/nathan/ros2_ws/src/sllidar_ros2/sdk/src/sl_lidarprotocol_codec.cpp:35\x1b[m\x1b[K:\n'}
[23.968243] (sllidar_ros2) StderrLine: {'line': b'\x1b[01m\x1b[K/home/nathan/ros2_ws/src/sllidar_ros2/./sdk/include/sl_lidar_protocol.h:66:16:\x1b[m\x1b[K \x1b[01;35m\x1b[Kwarning: \x1b[m\x1b[KISO C++ forbids zero-size array \xe2\x80\x98\x1b[01m\x1b[Kdata\x1b[m\x1b[K\xe2\x80\x99 [\x1b[01;35m\x1b[K\x1b]8;;https://gcc.gnu.org/onlinedocs/gcc/Warning-Options.html#index-Wpedantic\x07-Wpedantic\x1b]8;;\x07\x1b[m\x1b[K]\n'}
[23.968371] (sllidar_ros2) StderrLine: {'line': b'   66 |     sl_u8 data[\x1b[01;35m\x1b[K0\x1b[m\x1b[K];\n'}
[23.968484] (sllidar_ros2) StderrLine: {'line': b'      |                \x1b[01;35m\x1b[K^\x1b[m\x1b[K\n'}
[23.968856] (sllidar_ros2) StderrLine: {'line': b'In file included from \x1b[01m\x1b[K/home/nathan/ros2_ws/src/sllidar_ros2/./sdk/include/rplidar_cmd.h:36\x1b[m\x1b[K,\n'}
[23.969110] (sllidar_ros2) StderrLine: {'line': b'                 from \x1b[01m\x1b[K/home/nathan/ros2_ws/src/sllidar_ros2/./sdk/include/rplidar.h:40\x1b[m\x1b[K,\n'}
[23.971863] (sllidar_ros2) StderrLine: {'line': b'                 from \x1b[01m\x1b[K/home/nathan/ros2_ws/src/sllidar_ros2/sdk/src/sdkcommon.h:49\x1b[m\x1b[K,\n'}
[23.972111] (sllidar_ros2) StderrLine: {'line': b'                 from \x1b[01m\x1b[K/home/nathan/ros2_ws/src/sllidar_ros2/sdk/src/sl_lidarprotocol_codec.cpp:35\x1b[m\x1b[K:\n'}
[23.972246] (sllidar_ros2) StderrLine: {'line': b'\x1b[01m\x1b[K/home/nathan/ros2_ws/src/sllidar_ros2/./sdk/include/sl_lidar_cmd.h:324:20:\x1b[m\x1b[K \x1b[01;35m\x1b[Kwarning: \x1b[m\x1b[KISO C++ forbids zero-size array \xe2\x80\x98\x1b[01m\x1b[Kpayload\x1b[m\x1b[K\xe2\x80\x99 [\x1b[01;35m\x1b[K\x1b]8;;https://gcc.gnu.org/onlinedocs/gcc/Warning-Options.html#index-Wpedantic\x07-Wpedantic\x1b]8;;\x07\x1b[m\x1b[K]\n'}
[23.972399] (sllidar_ros2) StderrLine: {'line': b'  324 |     sl_u8  payload[\x1b[01;35m\x1b[K0\x1b[m\x1b[K];\n'}
[23.972530] (sllidar_ros2) StderrLine: {'line': b'      |                    \x1b[01;35m\x1b[K^\x1b[m\x1b[K\n'}
[24.014906] (-) TimerEvent: {}
[24.086027] (sllidar_ros2) StderrLine: {'line': b'\x1b[01m\x1b[K/home/nathan/ros2_ws/src/sllidar_ros2/sdk/src/sl_lidar_driver.cpp:\x1b[m\x1b[K At global scope:\n'}
[24.086314] (sllidar_ros2) StderrLine: {'line': b'\x1b[01m\x1b[K/home/nathan/ros2_ws/src/sllidar_ros2/sdk/src/sl_lidar_driver.cpp:83:17:\x1b[m\x1b[K \x1b[01;35m\x1b[Kwarning: \x1b[m\x1b[K\xe2\x80\x98\x1b[01m\x1b[Kvoid sl::convert(const sl_lidar_response_measurement_node_hq_t&, sl_lidar_response_measurement_node_t&)\x1b[m\x1b[K\xe2\x80\x99 defined but not used [\x1b[01;35m\x1b[K\x1b]8;;https://gcc.gnu.org/onlinedocs/gcc/Warning-Options.html#index-Wunused-function\x07-Wunused-function\x1b]8;;\x07\x1b[m\x1b[K]\n'}
[24.086478] (sllidar_ros2) StderrLine: {'line': b'   83 |     static void \x1b[01;35m\x1b[Kconvert\x1b[m\x1b[K(const sl_lidar_response_measurement_node_hq_t& from, sl_lidar_response_measurement_node_t& to)\n'}
[24.086615] (sllidar_ros2) StderrLine: {'line': b'      |                 \x1b[01;35m\x1b[K^~~~~~~\x1b[m\x1b[K\n'}
[24.086762] (sllidar_ros2) StderrLine: {'line': b'\x1b[01m\x1b[K/home/nathan/ros2_ws/src/sllidar_ros2/sdk/src/sl_lidar_driver.cpp:75:17:\x1b[m\x1b[K \x1b[01;35m\x1b[Kwarning: \x1b[m\x1b[K\xe2\x80\x98\x1b[01m\x1b[Kvoid sl::convert(const sl_lidar_response_measurement_node_t&, sl_lidar_response_measurement_node_hq_t&)\x1b[m\x1b[K\xe2\x80\x99 defined but not used [\x1b[01;35m\x1b[K\x1b]8;;https://gcc.gnu.org/onlinedocs/gcc/Warning-Options.html#index-Wunused-function\x07-Wunused-function\x1b]8;;\x07\x1b[m\x1b[K]\n'}
[24.086911] (sllidar_ros2) StderrLine: {'line': b'   75 |     static void \x1b[01;35m\x1b[Kconvert\x1b[m\x1b[K(const sl_lidar_response_measurement_node_t& from, sl_lidar_response_measurement_node_hq_t& to)\n'}
[24.087056] (sllidar_ros2) StderrLine: {'line': b'      |                 \x1b[01;35m\x1b[K^~~~~~~\x1b[m\x1b[K\n'}
[24.087186] (sllidar_ros2) StderrLine: {'line': b'\x1b[01m\x1b[K/home/nathan/ros2_ws/src/sllidar_ros2/sdk/src/sl_lidar_driver.cpp:70:17:\x1b[m\x1b[K \x1b[01;35m\x1b[Kwarning: \x1b[m\x1b[K\xe2\x80\x98\x1b[01m\x1b[Kvoid sl::printDeprecationWarn(const char*, const char*)\x1b[m\x1b[K\xe2\x80\x99 defined but not used [\x1b[01;35m\x1b[K\x1b]8;;https://gcc.gnu.org/onlinedocs/gcc/Warning-Options.html#index-Wunused-function\x07-Wunused-function\x1b]8;;\x07\x1b[m\x1b[K]\n'}
[24.087323] (sllidar_ros2) StderrLine: {'line': b'   70 |     static void \x1b[01;35m\x1b[KprintDeprecationWarn\x1b[m\x1b[K(const char* fn, const char* replacement)\n'}
[24.087450] (sllidar_ros2) StderrLine: {'line': b'      |                 \x1b[01;35m\x1b[K^~~~~~~~~~~~~~~~~~~~\x1b[m\x1b[K\n'}
[24.117790] (-) TimerEvent: {}
[24.218163] (-) TimerEvent: {}
[24.318548] (-) TimerEvent: {}
[24.374811] (sllidar_ros2) StderrLine: {'line': b'In file included from \x1b[01m\x1b[K/home/nathan/ros2_ws/src/sllidar_ros2/sdk/src/sl_lidarprotocol_codec.cpp:49\x1b[m\x1b[K:\n'}
[24.375164] (sllidar_ros2) StderrLine: {'line': b'\x1b[01m\x1b[K/home/nathan/ros2_ws/src/sllidar_ros2/sdk/src/sl_async_transceiver.h:\x1b[m\x1b[K In member function \xe2\x80\x98\x1b[01m\x1b[Kvirtual void sl::internal::IAsyncProtocolCodec::onChannelError(u_result)\x1b[m\x1b[K\xe2\x80\x99:\n'}
[24.375395] (sllidar_ros2) StderrLine: {'line': b'\x1b[01m\x1b[K/home/nathan/ros2_ws/src/sllidar_ros2/sdk/src/sl_async_transceiver.h:90:48:\x1b[m\x1b[K \x1b[01;35m\x1b[Kwarning: \x1b[m\x1b[Kunused parameter \xe2\x80\x98\x1b[01m\x1b[KerrCode\x1b[m\x1b[K\xe2\x80\x99 [\x1b[01;35m\x1b[K\x1b]8;;https://gcc.gnu.org/onlinedocs/gcc/Warning-Options.html#index-Wunused-parameter\x07-Wunused-parameter\x1b]8;;\x07\x1b[m\x1b[K]\n'}
[24.375633] (sllidar_ros2) StderrLine: {'line': b'   90 |         virtual void   onChannelError(\x1b[01;35m\x1b[Ku_result errCode\x1b[m\x1b[K) {}\n'}
[24.375895] (sllidar_ros2) StderrLine: {'line': b'      |                                       \x1b[01;35m\x1b[K~~~~~~~~~^~~~~~~\x1b[m\x1b[K\n'}
[24.420787] (-) TimerEvent: {}
[24.521186] (-) TimerEvent: {}
[24.614403] (sllidar_ros2) StdoutLine: {'line': b'[ 80%] \x1b[32mBuilding CXX object CMakeFiles/sllidar_node.dir/sdk/src/sl_serial_channel.cpp.o\x1b[0m\n'}
[24.621314] (-) TimerEvent: {}
[24.721699] (-) TimerEvent: {}
[24.822108] (-) TimerEvent: {}
[24.922530] (-) TimerEvent: {}
[25.019025] (sllidar_ros2) StdoutLine: {'line': b'[ 85%] \x1b[32mBuilding CXX object CMakeFiles/sllidar_node.dir/sdk/src/sl_tcp_channel.cpp.o\x1b[0m\n'}
[25.023386] (-) TimerEvent: {}
[25.123779] (-) TimerEvent: {}
[25.224217] (-) TimerEvent: {}
[25.325849] (-) TimerEvent: {}
[25.329066] (sllidar_ros2) StderrLine: {'line': b'In file included from \x1b[01m\x1b[K/home/nathan/ros2_ws/src/sllidar_ros2/./sdk/include/sl_lidar_cmd.h:41\x1b[m\x1b[K,\n'}
[25.329308] (sllidar_ros2) StderrLine: {'line': b'                 from \x1b[01m\x1b[K/home/nathan/ros2_ws/src/sllidar_ros2/./sdk/include/sl_lidar_driver.h:54\x1b[m\x1b[K,\n'}
[25.329421] (sllidar_ros2) StderrLine: {'line': b'                 from \x1b[01m\x1b[K/home/nathan/ros2_ws/src/sllidar_ros2/sdk/src/sl_serial_channel.cpp:33\x1b[m\x1b[K:\n'}
[25.329526] (sllidar_ros2) StderrLine: {'line': b'\x1b[01m\x1b[K/home/nathan/ros2_ws/src/sllidar_ros2/./sdk/include/sl_lidar_protocol.h:66:16:\x1b[m\x1b[K \x1b[01;35m\x1b[Kwarning: \x1b[m\x1b[KISO C++ forbids zero-size array \xe2\x80\x98\x1b[01m\x1b[Kdata\x1b[m\x1b[K\xe2\x80\x99 [\x1b[01;35m\x1b[K\x1b]8;;https://gcc.gnu.org/onlinedocs/gcc/Warning-Options.html#index-Wpedantic\x07-Wpedantic\x1b]8;;\x07\x1b[m\x1b[K]\n'}
[25.329647] (sllidar_ros2) StderrLine: {'line': b'   66 |     sl_u8 data[\x1b[01;35m\x1b[K0\x1b[m\x1b[K];\n'}
[25.329788] (sllidar_ros2) StderrLine: {'line': b'      |                \x1b[01;35m\x1b[K^\x1b[m\x1b[K\n'}
[25.329977] (sllidar_ros2) StderrLine: {'line': b'In file included from \x1b[01m\x1b[K/home/nathan/ros2_ws/src/sllidar_ros2/./sdk/include/sl_lidar_driver.h:54\x1b[m\x1b[K,\n'}
[25.330087] (sllidar_ros2) StderrLine: {'line': b'                 from \x1b[01m\x1b[K/home/nathan/ros2_ws/src/sllidar_ros2/sdk/src/sl_serial_channel.cpp:33\x1b[m\x1b[K:\n'}
[25.330189] (sllidar_ros2) StderrLine: {'line': b'\x1b[01m\x1b[K/home/nathan/ros2_ws/src/sllidar_ros2/./sdk/include/sl_lidar_cmd.h:324:20:\x1b[m\x1b[K \x1b[01;35m\x1b[Kwarning: \x1b[m\x1b[KISO C++ forbids zero-size array \xe2\x80\x98\x1b[01m\x1b[Kpayload\x1b[m\x1b[K\xe2\x80\x99 [\x1b[01;35m\x1b[K\x1b]8;;https://gcc.gnu.org/onlinedocs/gcc/Warning-Options.html#index-Wpedantic\x07-Wpedantic\x1b]8;;\x07\x1b[m\x1b[K]\n'}
[25.330304] (sllidar_ros2) StderrLine: {'line': b'  324 |     sl_u8  payload[\x1b[01;35m\x1b[K0\x1b[m\x1b[K];\n'}
[25.330405] (sllidar_ros2) StderrLine: {'line': b'      |                    \x1b[01;35m\x1b[K^\x1b[m\x1b[K\n'}
[25.345674] (diffdrive_arduino) StdoutLine: {'line': b'[100%] \x1b[32m\x1b[1mLinking CXX shared library libdiffdrive_arduino.so\x1b[0m\n'}
[25.426002] (-) TimerEvent: {}
[25.493826] (sllidar_ros2) StdoutLine: {'line': b'[ 90%] \x1b[32mBuilding CXX object CMakeFiles/sllidar_node.dir/sdk/src/sl_udp_channel.cpp.o\x1b[0m\n'}
[25.526288] (-) TimerEvent: {}
[25.630030] (-) TimerEvent: {}
[25.639001] (sllidar_ros2) StderrLine: {'line': b'In file included from \x1b[01m\x1b[K/home/nathan/ros2_ws/src/sllidar_ros2/./sdk/include/sl_lidar_cmd.h:41\x1b[m\x1b[K,\n'}
[25.639257] (sllidar_ros2) StderrLine: {'line': b'                 from \x1b[01m\x1b[K/home/nathan/ros2_ws/src/sllidar_ros2/./sdk/include/sl_lidar_driver.h:54\x1b[m\x1b[K,\n'}
[25.639397] (sllidar_ros2) StderrLine: {'line': b'                 from \x1b[01m\x1b[K/home/nathan/ros2_ws/src/sllidar_ros2/sdk/src/sl_tcp_channel.cpp:33\x1b[m\x1b[K:\n'}
[25.639527] (sllidar_ros2) StderrLine: {'line': b'\x1b[01m\x1b[K/home/nathan/ros2_ws/src/sllidar_ros2/./sdk/include/sl_lidar_protocol.h:66:16:\x1b[m\x1b[K \x1b[01;35m\x1b[Kwarning: \x1b[m\x1b[KISO C++ forbids zero-size array \xe2\x80\x98\x1b[01m\x1b[Kdata\x1b[m\x1b[K\xe2\x80\x99 [\x1b[01;35m\x1b[K\x1b]8;;https://gcc.gnu.org/onlinedocs/gcc/Warning-Options.html#index-Wpedantic\x07-Wpedantic\x1b]8;;\x07\x1b[m\x1b[K]\n'}
[25.639676] (sllidar_ros2) StderrLine: {'line': b'   66 |     sl_u8 data[\x1b[01;35m\x1b[K0\x1b[m\x1b[K];\n'}
[25.639839] (sllidar_ros2) StderrLine: {'line': b'      |                \x1b[01;35m\x1b[K^\x1b[m\x1b[K\n'}
[25.640077] (sllidar_ros2) StderrLine: {'line': b'In file included from \x1b[01m\x1b[K/home/nathan/ros2_ws/src/sllidar_ros2/./sdk/include/sl_lidar_driver.h:54\x1b[m\x1b[K,\n'}
[25.640217] (sllidar_ros2) StderrLine: {'line': b'                 from \x1b[01m\x1b[K/home/nathan/ros2_ws/src/sllidar_ros2/sdk/src/sl_tcp_channel.cpp:33\x1b[m\x1b[K:\n'}
[25.640347] (sllidar_ros2) StderrLine: {'line': b'\x1b[01m\x1b[K/home/nathan/ros2_ws/src/sllidar_ros2/./sdk/include/sl_lidar_cmd.h:324:20:\x1b[m\x1b[K \x1b[01;35m\x1b[Kwarning: \x1b[m\x1b[KISO C++ forbids zero-size array \xe2\x80\x98\x1b[01m\x1b[Kpayload\x1b[m\x1b[K\xe2\x80\x99 [\x1b[01;35m\x1b[K\x1b]8;;https://gcc.gnu.org/onlinedocs/gcc/Warning-Options.html#index-Wpedantic\x07-Wpedantic\x1b]8;;\x07\x1b[m\x1b[K]\n'}
[25.640492] (sllidar_ros2) StderrLine: {'line': b'  324 |     sl_u8  payload[\x1b[01;35m\x1b[K0\x1b[m\x1b[K];\n'}
[25.640618] (sllidar_ros2) StderrLine: {'line': b'      |                    \x1b[01;35m\x1b[K^\x1b[m\x1b[K\n'}
[25.648822] (sllidar_ros2) StderrLine: {'line': b'\x1b[01m\x1b[K/home/nathan/ros2_ws/src/sllidar_ros2/sdk/src/sl_tcp_channel.cpp:\x1b[m\x1b[K In member function \xe2\x80\x98\x1b[01m\x1b[Kvoid sl::TcpChannel::setStatus(_u32)\x1b[m\x1b[K\xe2\x80\x99:\n'}
[25.649073] (sllidar_ros2) StderrLine: {'line': b'\x1b[01m\x1b[K/home/nathan/ros2_ws/src/sllidar_ros2/sdk/src/sl_tcp_channel.cpp:109:29:\x1b[m\x1b[K \x1b[01;35m\x1b[Kwarning: \x1b[m\x1b[Kunused parameter \xe2\x80\x98\x1b[01m\x1b[Kflag\x1b[m\x1b[K\xe2\x80\x99 [\x1b[01;35m\x1b[K\x1b]8;;https://gcc.gnu.org/onlinedocs/gcc/Warning-Options.html#index-Wunused-parameter\x07-Wunused-parameter\x1b]8;;\x07\x1b[m\x1b[K]\n'}
[25.649231] (sllidar_ros2) StderrLine: {'line': b'  109 |         void setStatus(\x1b[01;35m\x1b[K_u32 flag\x1b[m\x1b[K){}\n'}
[25.649370] (sllidar_ros2) StderrLine: {'line': b'      |                        \x1b[01;35m\x1b[K~~~~~^~~~\x1b[m\x1b[K\n'}
[25.730824] (-) TimerEvent: {}
[25.831255] (-) TimerEvent: {}
[25.923852] (sllidar_ros2) StderrLine: {'line': b'In file included from \x1b[01m\x1b[K/home/nathan/ros2_ws/src/sllidar_ros2/./sdk/include/sl_lidar_cmd.h:41\x1b[m\x1b[K,\n'}
[25.924106] (sllidar_ros2) StderrLine: {'line': b'                 from \x1b[01m\x1b[K/home/nathan/ros2_ws/src/sllidar_ros2/./sdk/include/sl_lidar_driver.h:54\x1b[m\x1b[K,\n'}
[25.924245] (sllidar_ros2) StderrLine: {'line': b'                 from \x1b[01m\x1b[K/home/nathan/ros2_ws/src/sllidar_ros2/sdk/src/sl_udp_channel.cpp:33\x1b[m\x1b[K:\n'}
[25.924376] (sllidar_ros2) StderrLine: {'line': b'\x1b[01m\x1b[K/home/nathan/ros2_ws/src/sllidar_ros2/./sdk/include/sl_lidar_protocol.h:66:16:\x1b[m\x1b[K \x1b[01;35m\x1b[Kwarning: \x1b[m\x1b[KISO C++ forbids zero-size array \xe2\x80\x98\x1b[01m\x1b[Kdata\x1b[m\x1b[K\xe2\x80\x99 [\x1b[01;35m\x1b[K\x1b]8;;https://gcc.gnu.org/onlinedocs/gcc/Warning-Options.html#index-Wpedantic\x07-Wpedantic\x1b]8;;\x07\x1b[m\x1b[K]\n'}
[25.924512] (sllidar_ros2) StderrLine: {'line': b'   66 |     sl_u8 data[\x1b[01;35m\x1b[K0\x1b[m\x1b[K];\n'}
[25.924634] (sllidar_ros2) StderrLine: {'line': b'      |                \x1b[01;35m\x1b[K^\x1b[m\x1b[K\n'}
[25.924905] (sllidar_ros2) StderrLine: {'line': b'In file included from \x1b[01m\x1b[K/home/nathan/ros2_ws/src/sllidar_ros2/./sdk/include/sl_lidar_driver.h:54\x1b[m\x1b[K,\n'}
[25.925054] (sllidar_ros2) StderrLine: {'line': b'                 from \x1b[01m\x1b[K/home/nathan/ros2_ws/src/sllidar_ros2/sdk/src/sl_udp_channel.cpp:33\x1b[m\x1b[K:\n'}
[25.925185] (sllidar_ros2) StderrLine: {'line': b'\x1b[01m\x1b[K/home/nathan/ros2_ws/src/sllidar_ros2/./sdk/include/sl_lidar_cmd.h:324:20:\x1b[m\x1b[K \x1b[01;35m\x1b[Kwarning: \x1b[m\x1b[KISO C++ forbids zero-size array \xe2\x80\x98\x1b[01m\x1b[Kpayload\x1b[m\x1b[K\xe2\x80\x99 [\x1b[01;35m\x1b[K\x1b]8;;https://gcc.gnu.org/onlinedocs/gcc/Warning-Options.html#index-Wpedantic\x07-Wpedantic\x1b]8;;\x07\x1b[m\x1b[K]\n'}
[25.925332] (sllidar_ros2) StderrLine: {'line': b'  324 |     sl_u8  payload[\x1b[01;35m\x1b[K0\x1b[m\x1b[K];\n'}
[25.925461] (sllidar_ros2) StderrLine: {'line': b'      |                    \x1b[01;35m\x1b[K^\x1b[m\x1b[K\n'}
[25.930851] (sllidar_ros2) StderrLine: {'line': b'\x1b[01m\x1b[K/home/nathan/ros2_ws/src/sllidar_ros2/sdk/src/sl_udp_channel.cpp:\x1b[m\x1b[K In member function \xe2\x80\x98\x1b[01m\x1b[Kvoid sl::UdpChannel::setStatus(_u32)\x1b[m\x1b[K\xe2\x80\x99:\n'}
[25.931136] (sllidar_ros2) StderrLine: {'line': b'\x1b[01m\x1b[K/home/nathan/ros2_ws/src/sllidar_ros2/sdk/src/sl_udp_channel.cpp:112:29:\x1b[m\x1b[K \x1b[01;35m\x1b[Kwarning: \x1b[m\x1b[Kunused parameter \xe2\x80\x98\x1b[01m\x1b[Kflag\x1b[m\x1b[K\xe2\x80\x99 [\x1b[01;35m\x1b[K\x1b]8;;https://gcc.gnu.org/onlinedocs/gcc/Warning-Options.html#index-Wunused-parameter\x07-Wunused-parameter\x1b]8;;\x07\x1b[m\x1b[K]\n'}
[25.931287] (-) TimerEvent: {}
[25.931473] (sllidar_ros2) StderrLine: {'line': b'  112 |         void setStatus(\x1b[01;35m\x1b[K_u32 flag\x1b[m\x1b[K){}\n'}
[25.931617] (sllidar_ros2) StderrLine: {'line': b'      |                        \x1b[01;35m\x1b[K~~~~~^~~~\x1b[m\x1b[K\n'}
[26.031439] (-) TimerEvent: {}
[26.131828] (-) TimerEvent: {}
[26.232263] (-) TimerEvent: {}
[26.333789] (-) TimerEvent: {}
[26.434166] (-) TimerEvent: {}
[26.534538] (-) TimerEvent: {}
[26.634957] (-) TimerEvent: {}
[26.691975] (diffdrive_arduino) StdoutLine: {'line': b'[100%] Built target diffdrive_arduino\n'}
[26.710529] (diffdrive_arduino) CommandEnded: {'returncode': 0}
[26.732166] (diffdrive_arduino) JobProgress: {'identifier': 'diffdrive_arduino', 'progress': 'install'}
[26.732633] (diffdrive_arduino) Command: {'cmd': ['/usr/bin/cmake', '--install', '/home/nathan/ros2_ws/build/diffdrive_arduino'], 'cwd': '/home/nathan/ros2_ws/build/diffdrive_arduino', 'env': OrderedDict([('LESSOPEN', '| /usr/bin/lesspipe %s'), ('USER', 'nathan'), ('LC_TIME', 'sw_KE'), ('XDG_SESSION_TYPE', 'wayland'), ('SHLVL', '1'), ('LD_LIBRARY_PATH', '/home/nathan/ros2_ws/install/diffdrive_arduino/lib:/usr/lib/x86_64-linux-gnu/gazebo-11/plugins:/opt/ros/humble/opt/rviz_ogre_vendor/lib:/opt/ros/humble/lib/x86_64-linux-gnu:/opt/ros/humble/lib'), ('HOME', '/home/nathan'), ('OLDPWD', '/home/nathan'), ('DESKTOP_SESSION', 'ubuntu'), ('ROS_PYTHON_VERSION', '3'), ('GNOME_SHELL_SESSION_MODE', 'ubuntu'), ('GTK_MODULES', 'gail:atk-bridge'), ('LC_MONETARY', 'sw_KE'), ('SYSTEMD_EXEC_PID', '1584'), ('DBUS_SESSION_BUS_ADDRESS', 'unix:path=/run/user/1000/bus'), ('COLORTERM', 'truecolor'), ('IM_CONFIG_PHASE', '1'), ('WAYLAND_DISPLAY', 'wayland-0'), ('COLCON_PREFIX_PATH', '/home/nathan/ros2_ws/install'), ('ROS_DISTRO', 'humble'), ('LOGNAME', 'nathan'), ('_', '/usr/bin/colcon'), ('ROS_VERSION', '2'), ('XDG_SESSION_CLASS', 'user'), ('USERNAME', 'nathan'), ('TERM', 'xterm-256color'), ('GNOME_DESKTOP_SESSION_ID', 'this-is-deprecated'), ('ROS_LOCALHOST_ONLY', '0'), ('PATH', '/opt/ros/humble/bin:/home/nathan/.local/bin:/usr/local/sbin:/usr/local/bin:/usr/sbin:/usr/bin:/sbin:/bin:/usr/games:/usr/local/games:/snap/bin:/snap/bin'), ('SESSION_MANAGER', 'local/nathan:@/tmp/.ICE-unix/1556,unix/nathan:/tmp/.ICE-unix/1556'), ('XDG_MENU_PREFIX', 'gnome-'), ('LC_ADDRESS', 'sw_KE'), ('GNOME_TERMINAL_SCREEN', '/org/gnome/Terminal/screen/82718a6d_e3c1_4342_ab85_cc6ec652b17e'), ('GNOME_SETUP_DISPLAY', ':1'), ('XDG_RUNTIME_DIR', '/run/user/1000'), ('DISPLAY', ':0'), ('LANG', 'en_US.UTF-8'), ('XDG_CURRENT_DESKTOP', 'ubuntu:GNOME'), ('LC_TELEPHONE', 'sw_KE'), ('XMODIFIERS', '@im=ibus'), ('XDG_SESSION_DESKTOP', 'ubuntu'), ('XAUTHORITY', '/run/user/1000/.mutter-Xwaylandauth.EPJUD3'), ('LS_COLORS', 'rs=0:di=01;34:ln=01;36:mh=00:pi=40;33:so=01;35:do=01;35:bd=40;33;01:cd=40;33;01:or=40;31;01:mi=00:su=37;41:sg=30;43:ca=30;41:tw=30;42:ow=34;42:st=37;44:ex=01;32:*.tar=01;31:*.tgz=01;31:*.arc=01;31:*.arj=01;31:*.taz=01;31:*.lha=01;31:*.lz4=01;31:*.lzh=01;31:*.lzma=01;31:*.tlz=01;31:*.txz=01;31:*.tzo=01;31:*.t7z=01;31:*.zip=01;31:*.z=01;31:*.dz=01;31:*.gz=01;31:*.lrz=01;31:*.lz=01;31:*.lzo=01;31:*.xz=01;31:*.zst=01;31:*.tzst=01;31:*.bz2=01;31:*.bz=01;31:*.tbz=01;31:*.tbz2=01;31:*.tz=01;31:*.deb=01;31:*.rpm=01;31:*.jar=01;31:*.war=01;31:*.ear=01;31:*.sar=01;31:*.rar=01;31:*.alz=01;31:*.ace=01;31:*.zoo=01;31:*.cpio=01;31:*.7z=01;31:*.rz=01;31:*.cab=01;31:*.wim=01;31:*.swm=01;31:*.dwm=01;31:*.esd=01;31:*.jpg=01;35:*.jpeg=01;35:*.mjpg=01;35:*.mjpeg=01;35:*.gif=01;35:*.bmp=01;35:*.pbm=01;35:*.pgm=01;35:*.ppm=01;35:*.tga=01;35:*.xbm=01;35:*.xpm=01;35:*.tif=01;35:*.tiff=01;35:*.png=01;35:*.svg=01;35:*.svgz=01;35:*.mng=01;35:*.pcx=01;35:*.mov=01;35:*.mpg=01;35:*.mpeg=01;35:*.m2v=01;35:*.mkv=01;35:*.webm=01;35:*.webp=01;35:*.ogm=01;35:*.mp4=01;35:*.m4v=01;35:*.mp4v=01;35:*.vob=01;35:*.qt=01;35:*.nuv=01;35:*.wmv=01;35:*.asf=01;35:*.rm=01;35:*.rmvb=01;35:*.flc=01;35:*.avi=01;35:*.fli=01;35:*.flv=01;35:*.gl=01;35:*.dl=01;35:*.xcf=01;35:*.xwd=01;35:*.yuv=01;35:*.cgm=01;35:*.emf=01;35:*.ogv=01;35:*.ogx=01;35:*.aac=00;36:*.au=00;36:*.flac=00;36:*.m4a=00;36:*.mid=00;36:*.midi=00;36:*.mka=00;36:*.mp3=00;36:*.mpc=00;36:*.ogg=00;36:*.ra=00;36:*.wav=00;36:*.oga=00;36:*.opus=00;36:*.spx=00;36:*.xspf=00;36:'), ('GNOME_TERMINAL_SERVICE', ':1.126'), ('SSH_AGENT_LAUNCHER', 'gnome-keyring'), ('SSH_AUTH_SOCK', '/run/user/1000/keyring/ssh'), ('AMENT_PREFIX_PATH', '/home/nathan/ros2_ws/install/sllidar_ros2:/home/nathan/ros2_ws/install/rdj2025_potato_disease_detection:/home/nathan/ros2_ws/install/joy_tester:/home/nathan/ros2_ws/install/dojo:/home/nathan/ros2_ws/install/diffdrive_arduino:/home/nathan/ros2_ws/install/articubot_one:/opt/ros/humble'), ('SHELL', '/bin/bash'), ('LC_NAME', 'sw_KE'), ('QT_ACCESSIBILITY', '1'), ('GDMSESSION', 'ubuntu'), ('LESSCLOSE', '/usr/bin/lesspipe %s %s'), ('LC_MEASUREMENT', 'sw_KE'), ('LC_IDENTIFICATION', 'sw_KE'), ('QT_IM_MODULE', 'ibus'), ('PWD', '/home/nathan/ros2_ws/build/diffdrive_arduino'), ('XDG_CONFIG_DIRS', '/etc/xdg/xdg-ubuntu:/etc/xdg'), ('XDG_DATA_DIRS', '/usr/share/ubuntu:/usr/local/share/:/usr/share/:/var/lib/snapd/desktop'), ('PYTHONPATH', '/home/nathan/ros2_ws/install/rdj2025_potato_disease_detection/lib/python3.10/site-packages:/home/nathan/ros2_ws/install/joy_tester/lib/python3.10/site-packages:/opt/ros/humble/lib/python3.10/site-packages:/opt/ros/humble/local/lib/python3.10/dist-packages'), ('LC_NUMERIC', 'sw_KE'), ('LC_PAPER', 'sw_KE'), ('COLCON', '1'), ('VTE_VERSION', '6800'), ('CMAKE_PREFIX_PATH', '/home/nathan/ros2_ws/install/sllidar_ros2:/home/nathan/ros2_ws/install/dojo:/home/nathan/ros2_ws/install/diffdrive_arduino:/home/nathan/ros2_ws/install/articubot_one:/home/nathan/ros2_ws/install/rdj2025_potato_disease_detection:/home/nathan/ros2_ws/install/joy_tester:/opt/ros/humble')]), 'shell': False}
[26.735028] (-) TimerEvent: {}
[26.753386] (diffdrive_arduino) StdoutLine: {'line': b'-- Install configuration: ""\n'}
[26.753714] (diffdrive_arduino) StdoutLine: {'line': b'-- Up-to-date: /home/nathan/ros2_ws/install/diffdrive_arduino/share/diffdrive_arduino/diffdrive_arduino.xml\n'}
[26.758551] (diffdrive_arduino) StdoutLine: {'line': b'-- Up-to-date: /home/nathan/ros2_ws/install/diffdrive_arduino/include/diffdrive_arduino\n'}
[26.760752] (diffdrive_arduino) StdoutLine: {'line': b'-- Up-to-date: /home/nathan/ros2_ws/install/diffdrive_arduino/include/diffdrive_arduino/diffdrive_arduino\n'}
[26.763906] (diffdrive_arduino) StdoutLine: {'line': b'-- Up-to-date: /home/nathan/ros2_ws/install/diffdrive_arduino/include/diffdrive_arduino/diffdrive_arduino/visibility_control.h\n'}
[26.764172] (diffdrive_arduino) StdoutLine: {'line': b'-- Up-to-date: /home/nathan/ros2_ws/install/diffdrive_arduino/include/diffdrive_arduino/diffdrive_arduino/diffbot_system.hpp\n'}
[26.764322] (diffdrive_arduino) StdoutLine: {'line': b'-- Up-to-date: /home/nathan/ros2_ws/install/diffdrive_arduino/include/diffdrive_arduino/diffdrive_arduino/arduino_comms.hpp\n'}
[26.764462] (diffdrive_arduino) StdoutLine: {'line': b'-- Up-to-date: /home/nathan/ros2_ws/install/diffdrive_arduino/include/diffdrive_arduino/diffdrive_arduino/wheel.hpp\n'}
[26.767657] (diffdrive_arduino) StdoutLine: {'line': b'-- Up-to-date: /home/nathan/ros2_ws/install/diffdrive_arduino/share/diffdrive_arduino/launch\n'}
[26.768084] (diffdrive_arduino) StdoutLine: {'line': b'-- Up-to-date: /home/nathan/ros2_ws/install/diffdrive_arduino/share/diffdrive_arduino/launch/view_robot.launch.py\n'}
[26.768330] (diffdrive_arduino) StdoutLine: {'line': b'-- Up-to-date: /home/nathan/ros2_ws/install/diffdrive_arduino/share/diffdrive_arduino/ros2_control\n'}
[26.768539] (diffdrive_arduino) StdoutLine: {'line': b'-- Up-to-date: /home/nathan/ros2_ws/install/diffdrive_arduino/share/diffdrive_arduino/ros2_control/diffbot.ros2_control.xacro\n'}
[26.768833] (diffdrive_arduino) StdoutLine: {'line': b'-- Up-to-date: /home/nathan/ros2_ws/install/diffdrive_arduino/share/diffdrive_arduino/urdf\n'}
[26.769022] (diffdrive_arduino) StdoutLine: {'line': b'-- Up-to-date: /home/nathan/ros2_ws/install/diffdrive_arduino/share/diffdrive_arduino/urdf/diffbot_description.urdf.xacro\n'}
[26.769236] (diffdrive_arduino) StdoutLine: {'line': b'-- Up-to-date: /home/nathan/ros2_ws/install/diffdrive_arduino/share/diffdrive_arduino/urdf/diffbot.materials.xacro\n'}
[26.769516] (diffdrive_arduino) StdoutLine: {'line': b'-- Up-to-date: /home/nathan/ros2_ws/install/diffdrive_arduino/share/diffdrive_arduino/urdf/diffbot.urdf.xacro\n'}
[26.769662] (diffdrive_arduino) StdoutLine: {'line': b'-- Up-to-date: /home/nathan/ros2_ws/install/diffdrive_arduino/share/diffdrive_arduino/rviz\n'}
[26.769852] (diffdrive_arduino) StdoutLine: {'line': b'-- Up-to-date: /home/nathan/ros2_ws/install/diffdrive_arduino/share/diffdrive_arduino/rviz/diffbot.rviz\n'}
[26.769991] (diffdrive_arduino) StdoutLine: {'line': b'-- Up-to-date: /home/nathan/ros2_ws/install/diffdrive_arduino/share/diffdrive_arduino/rviz/diffbot_view.rviz\n'}
[26.770126] (diffdrive_arduino) StdoutLine: {'line': b'-- Up-to-date: /home/nathan/ros2_ws/install/diffdrive_arduino/share/diffdrive_arduino/launch\n'}
[26.770261] (diffdrive_arduino) StdoutLine: {'line': b'-- Up-to-date: /home/nathan/ros2_ws/install/diffdrive_arduino/share/diffdrive_arduino/launch/diffbot.launch.py\n'}
[26.770399] (diffdrive_arduino) StdoutLine: {'line': b'-- Up-to-date: /home/nathan/ros2_ws/install/diffdrive_arduino/share/diffdrive_arduino/config\n'}
[26.770537] (diffdrive_arduino) StdoutLine: {'line': b'-- Up-to-date: /home/nathan/ros2_ws/install/diffdrive_arduino/share/diffdrive_arduino/config/diffbot_controllers.yaml\n'}
[26.798512] (diffdrive_arduino) StdoutLine: {'line': b'-- Installing: /home/nathan/ros2_ws/install/diffdrive_arduino/lib/libdiffdrive_arduino.so\n'}
[26.799978] (diffdrive_arduino) StdoutLine: {'line': b'-- Set runtime path of "/home/nathan/ros2_ws/install/diffdrive_arduino/lib/libdiffdrive_arduino.so" to ""\n'}
[26.800234] (diffdrive_arduino) StdoutLine: {'line': b'-- Up-to-date: /home/nathan/ros2_ws/install/diffdrive_arduino/share/diffdrive_arduino/environment/library_path.sh\n'}
[26.800378] (diffdrive_arduino) StdoutLine: {'line': b'-- Up-to-date: /home/nathan/ros2_ws/install/diffdrive_arduino/share/diffdrive_arduino/environment/library_path.dsv\n'}
[26.800577] (diffdrive_arduino) StdoutLine: {'line': b'-- Up-to-date: /home/nathan/ros2_ws/install/diffdrive_arduino/share/ament_index/resource_index/package_run_dependencies/diffdrive_arduino\n'}
[26.800851] (diffdrive_arduino) StdoutLine: {'line': b'-- Up-to-date: /home/nathan/ros2_ws/install/diffdrive_arduino/share/ament_index/resource_index/parent_prefix_path/diffdrive_arduino\n'}
[26.801081] (diffdrive_arduino) StdoutLine: {'line': b'-- Up-to-date: /home/nathan/ros2_ws/install/diffdrive_arduino/share/diffdrive_arduino/environment/ament_prefix_path.sh\n'}
[26.801275] (diffdrive_arduino) StdoutLine: {'line': b'-- Up-to-date: /home/nathan/ros2_ws/install/diffdrive_arduino/share/diffdrive_arduino/environment/ament_prefix_path.dsv\n'}
[26.801437] (diffdrive_arduino) StdoutLine: {'line': b'-- Up-to-date: /home/nathan/ros2_ws/install/diffdrive_arduino/share/diffdrive_arduino/environment/path.sh\n'}
[26.801549] (diffdrive_arduino) StdoutLine: {'line': b'-- Up-to-date: /home/nathan/ros2_ws/install/diffdrive_arduino/share/diffdrive_arduino/environment/path.dsv\n'}
[26.801658] (diffdrive_arduino) StdoutLine: {'line': b'-- Up-to-date: /home/nathan/ros2_ws/install/diffdrive_arduino/share/diffdrive_arduino/local_setup.bash\n'}
[26.801782] (diffdrive_arduino) StdoutLine: {'line': b'-- Up-to-date: /home/nathan/ros2_ws/install/diffdrive_arduino/share/diffdrive_arduino/local_setup.sh\n'}
[26.801894] (diffdrive_arduino) StdoutLine: {'line': b'-- Up-to-date: /home/nathan/ros2_ws/install/diffdrive_arduino/share/diffdrive_arduino/local_setup.zsh\n'}
[26.802002] (diffdrive_arduino) StdoutLine: {'line': b'-- Up-to-date: /home/nathan/ros2_ws/install/diffdrive_arduino/share/diffdrive_arduino/local_setup.dsv\n'}
[26.802125] (diffdrive_arduino) StdoutLine: {'line': b'-- Installing: /home/nathan/ros2_ws/install/diffdrive_arduino/share/diffdrive_arduino/package.dsv\n'}
[26.817488] (diffdrive_arduino) StdoutLine: {'line': b'-- Up-to-date: /home/nathan/ros2_ws/install/diffdrive_arduino/share/ament_index/resource_index/packages/diffdrive_arduino\n'}
[26.817799] (diffdrive_arduino) StdoutLine: {'line': b'-- Up-to-date: /home/nathan/ros2_ws/install/diffdrive_arduino/share/ament_index/resource_index/hardware_interface__pluginlib__plugin/diffdrive_arduino\n'}
[26.835146] (-) TimerEvent: {}
[26.844296] (diffdrive_arduino) StdoutLine: {'line': b'-- Up-to-date: /home/nathan/ros2_ws/install/diffdrive_arduino/share/diffdrive_arduino/cmake/export_diffdrive_arduinoExport.cmake\n'}
[26.844908] (diffdrive_arduino) StdoutLine: {'line': b'-- Up-to-date: /home/nathan/ros2_ws/install/diffdrive_arduino/share/diffdrive_arduino/cmake/export_diffdrive_arduinoExport-noconfig.cmake\n'}
[26.845079] (diffdrive_arduino) StdoutLine: {'line': b'-- Up-to-date: /home/nathan/ros2_ws/install/diffdrive_arduino/share/diffdrive_arduino/cmake/ament_cmake_export_targets-extras.cmake\n'}
[26.845214] (diffdrive_arduino) StdoutLine: {'line': b'-- Up-to-date: /home/nathan/ros2_ws/install/diffdrive_arduino/share/diffdrive_arduino/cmake/ament_cmake_export_dependencies-extras.cmake\n'}
[26.845342] (diffdrive_arduino) StdoutLine: {'line': b'-- Up-to-date: /home/nathan/ros2_ws/install/diffdrive_arduino/share/diffdrive_arduino/cmake/diffdrive_arduinoConfig.cmake\n'}
[26.845469] (diffdrive_arduino) StdoutLine: {'line': b'-- Up-to-date: /home/nathan/ros2_ws/install/diffdrive_arduino/share/diffdrive_arduino/cmake/diffdrive_arduinoConfig-version.cmake\n'}
[26.845598] (diffdrive_arduino) StdoutLine: {'line': b'-- Up-to-date: /home/nathan/ros2_ws/install/diffdrive_arduino/share/diffdrive_arduino/package.xml\n'}
[26.846729] (diffdrive_arduino) CommandEnded: {'returncode': 0}
[26.879216] (diffdrive_arduino) JobEnded: {'identifier': 'diffdrive_arduino', 'rc': 0}
[26.935265] (-) TimerEvent: {}
[27.035623] (-) TimerEvent: {}
[27.136004] (-) TimerEvent: {}
[27.236440] (-) TimerEvent: {}
[27.336962] (-) TimerEvent: {}
[27.437335] (-) TimerEvent: {}
[27.537842] (-) TimerEvent: {}
[27.638349] (-) TimerEvent: {}
[27.738817] (-) TimerEvent: {}
[27.826311] (sllidar_ros2) StdoutLine: {'line': b'[ 95%] \x1b[32m\x1b[1mLinking CXX executable sllidar_node\x1b[0m\n'}
[27.838915] (-) TimerEvent: {}
[27.939306] (-) TimerEvent: {}
[28.039733] (-) TimerEvent: {}
[28.140171] (-) TimerEvent: {}
[28.240485] (-) TimerEvent: {}
[28.342452] (-) TimerEvent: {}
[28.426680] (sllidar_ros2) StdoutLine: {'line': b'[ 95%] Built target sllidar_node\n'}
[28.442569] (-) TimerEvent: {}
[28.542951] (-) TimerEvent: {}
[28.643305] (-) TimerEvent: {}
[28.743646] (-) TimerEvent: {}
[28.844041] (-) TimerEvent: {}
[28.944391] (-) TimerEvent: {}
[29.045048] (-) TimerEvent: {}
[29.145807] (-) TimerEvent: {}
[29.246169] (-) TimerEvent: {}
[29.346522] (-) TimerEvent: {}
[29.446899] (-) TimerEvent: {}
[29.547268] (-) TimerEvent: {}
[29.647622] (-) TimerEvent: {}
[29.748008] (-) TimerEvent: {}
[29.848369] (-) TimerEvent: {}
[29.948836] (-) TimerEvent: {}
[30.049232] (-) TimerEvent: {}
[30.149587] (-) TimerEvent: {}
[30.249991] (-) TimerEvent: {}
[30.350347] (-) TimerEvent: {}
[30.450697] (-) TimerEvent: {}
[30.551071] (-) TimerEvent: {}
[30.651431] (-) TimerEvent: {}
[30.751787] (-) TimerEvent: {}
[30.852149] (-) TimerEvent: {}
[30.952517] (-) TimerEvent: {}
[31.052897] (-) TimerEvent: {}
[31.153328] (-) TimerEvent: {}
[31.254052] (-) TimerEvent: {}
[31.354492] (-) TimerEvent: {}
[31.454930] (-) TimerEvent: {}
[31.555399] (-) TimerEvent: {}
[31.656011] (-) TimerEvent: {}
[31.753592] (sllidar_ros2) StdoutLine: {'line': b'[100%] \x1b[32m\x1b[1mLinking CXX executable sllidar_client\x1b[0m\n'}
[31.756107] (-) TimerEvent: {}
[31.856469] (-) TimerEvent: {}
[31.956824] (-) TimerEvent: {}
[32.057130] (-) TimerEvent: {}
[32.157444] (-) TimerEvent: {}
[32.244098] (sllidar_ros2) StdoutLine: {'line': b'[100%] Built target sllidar_client\n'}
[32.257500] (sllidar_ros2) CommandEnded: {'returncode': 0}
[32.257947] (-) TimerEvent: {}
[32.295904] (sllidar_ros2) JobProgress: {'identifier': 'sllidar_ros2', 'progress': 'install'}
[32.297549] (sllidar_ros2) Command: {'cmd': ['/usr/bin/cmake', '--install', '/home/nathan/ros2_ws/build/sllidar_ros2'], 'cwd': '/home/nathan/ros2_ws/build/sllidar_ros2', 'env': OrderedDict([('LESSOPEN', '| /usr/bin/lesspipe %s'), ('USER', 'nathan'), ('LC_TIME', 'sw_KE'), ('XDG_SESSION_TYPE', 'wayland'), ('SHLVL', '1'), ('LD_LIBRARY_PATH', '/home/nathan/ros2_ws/install/diffdrive_arduino/lib:/usr/lib/x86_64-linux-gnu/gazebo-11/plugins:/opt/ros/humble/opt/rviz_ogre_vendor/lib:/opt/ros/humble/lib/x86_64-linux-gnu:/opt/ros/humble/lib'), ('HOME', '/home/nathan'), ('OLDPWD', '/home/nathan'), ('DESKTOP_SESSION', 'ubuntu'), ('ROS_PYTHON_VERSION', '3'), ('GNOME_SHELL_SESSION_MODE', 'ubuntu'), ('GTK_MODULES', 'gail:atk-bridge'), ('LC_MONETARY', 'sw_KE'), ('SYSTEMD_EXEC_PID', '1584'), ('DBUS_SESSION_BUS_ADDRESS', 'unix:path=/run/user/1000/bus'), ('COLORTERM', 'truecolor'), ('IM_CONFIG_PHASE', '1'), ('WAYLAND_DISPLAY', 'wayland-0'), ('COLCON_PREFIX_PATH', '/home/nathan/ros2_ws/install'), ('ROS_DISTRO', 'humble'), ('LOGNAME', 'nathan'), ('_', '/usr/bin/colcon'), ('ROS_VERSION', '2'), ('XDG_SESSION_CLASS', 'user'), ('USERNAME', 'nathan'), ('TERM', 'xterm-256color'), ('GNOME_DESKTOP_SESSION_ID', 'this-is-deprecated'), ('ROS_LOCALHOST_ONLY', '0'), ('PATH', '/opt/ros/humble/bin:/home/nathan/.local/bin:/usr/local/sbin:/usr/local/bin:/usr/sbin:/usr/bin:/sbin:/bin:/usr/games:/usr/local/games:/snap/bin:/snap/bin'), ('SESSION_MANAGER', 'local/nathan:@/tmp/.ICE-unix/1556,unix/nathan:/tmp/.ICE-unix/1556'), ('XDG_MENU_PREFIX', 'gnome-'), ('LC_ADDRESS', 'sw_KE'), ('GNOME_TERMINAL_SCREEN', '/org/gnome/Terminal/screen/82718a6d_e3c1_4342_ab85_cc6ec652b17e'), ('GNOME_SETUP_DISPLAY', ':1'), ('XDG_RUNTIME_DIR', '/run/user/1000'), ('DISPLAY', ':0'), ('LANG', 'en_US.UTF-8'), ('XDG_CURRENT_DESKTOP', 'ubuntu:GNOME'), ('LC_TELEPHONE', 'sw_KE'), ('XMODIFIERS', '@im=ibus'), ('XDG_SESSION_DESKTOP', 'ubuntu'), ('XAUTHORITY', '/run/user/1000/.mutter-Xwaylandauth.EPJUD3'), ('LS_COLORS', 'rs=0:di=01;34:ln=01;36:mh=00:pi=40;33:so=01;35:do=01;35:bd=40;33;01:cd=40;33;01:or=40;31;01:mi=00:su=37;41:sg=30;43:ca=30;41:tw=30;42:ow=34;42:st=37;44:ex=01;32:*.tar=01;31:*.tgz=01;31:*.arc=01;31:*.arj=01;31:*.taz=01;31:*.lha=01;31:*.lz4=01;31:*.lzh=01;31:*.lzma=01;31:*.tlz=01;31:*.txz=01;31:*.tzo=01;31:*.t7z=01;31:*.zip=01;31:*.z=01;31:*.dz=01;31:*.gz=01;31:*.lrz=01;31:*.lz=01;31:*.lzo=01;31:*.xz=01;31:*.zst=01;31:*.tzst=01;31:*.bz2=01;31:*.bz=01;31:*.tbz=01;31:*.tbz2=01;31:*.tz=01;31:*.deb=01;31:*.rpm=01;31:*.jar=01;31:*.war=01;31:*.ear=01;31:*.sar=01;31:*.rar=01;31:*.alz=01;31:*.ace=01;31:*.zoo=01;31:*.cpio=01;31:*.7z=01;31:*.rz=01;31:*.cab=01;31:*.wim=01;31:*.swm=01;31:*.dwm=01;31:*.esd=01;31:*.jpg=01;35:*.jpeg=01;35:*.mjpg=01;35:*.mjpeg=01;35:*.gif=01;35:*.bmp=01;35:*.pbm=01;35:*.pgm=01;35:*.ppm=01;35:*.tga=01;35:*.xbm=01;35:*.xpm=01;35:*.tif=01;35:*.tiff=01;35:*.png=01;35:*.svg=01;35:*.svgz=01;35:*.mng=01;35:*.pcx=01;35:*.mov=01;35:*.mpg=01;35:*.mpeg=01;35:*.m2v=01;35:*.mkv=01;35:*.webm=01;35:*.webp=01;35:*.ogm=01;35:*.mp4=01;35:*.m4v=01;35:*.mp4v=01;35:*.vob=01;35:*.qt=01;35:*.nuv=01;35:*.wmv=01;35:*.asf=01;35:*.rm=01;35:*.rmvb=01;35:*.flc=01;35:*.avi=01;35:*.fli=01;35:*.flv=01;35:*.gl=01;35:*.dl=01;35:*.xcf=01;35:*.xwd=01;35:*.yuv=01;35:*.cgm=01;35:*.emf=01;35:*.ogv=01;35:*.ogx=01;35:*.aac=00;36:*.au=00;36:*.flac=00;36:*.m4a=00;36:*.mid=00;36:*.midi=00;36:*.mka=00;36:*.mp3=00;36:*.mpc=00;36:*.ogg=00;36:*.ra=00;36:*.wav=00;36:*.oga=00;36:*.opus=00;36:*.spx=00;36:*.xspf=00;36:'), ('GNOME_TERMINAL_SERVICE', ':1.126'), ('SSH_AGENT_LAUNCHER', 'gnome-keyring'), ('SSH_AUTH_SOCK', '/run/user/1000/keyring/ssh'), ('AMENT_PREFIX_PATH', '/home/nathan/ros2_ws/install/sllidar_ros2:/home/nathan/ros2_ws/install/rdj2025_potato_disease_detection:/home/nathan/ros2_ws/install/joy_tester:/home/nathan/ros2_ws/install/dojo:/home/nathan/ros2_ws/install/diffdrive_arduino:/home/nathan/ros2_ws/install/articubot_one:/opt/ros/humble'), ('SHELL', '/bin/bash'), ('LC_NAME', 'sw_KE'), ('QT_ACCESSIBILITY', '1'), ('GDMSESSION', 'ubuntu'), ('LESSCLOSE', '/usr/bin/lesspipe %s %s'), ('LC_MEASUREMENT', 'sw_KE'), ('LC_IDENTIFICATION', 'sw_KE'), ('QT_IM_MODULE', 'ibus'), ('PWD', '/home/nathan/ros2_ws/build/sllidar_ros2'), ('XDG_CONFIG_DIRS', '/etc/xdg/xdg-ubuntu:/etc/xdg'), ('XDG_DATA_DIRS', '/usr/share/ubuntu:/usr/local/share/:/usr/share/:/var/lib/snapd/desktop'), ('PYTHONPATH', '/home/nathan/ros2_ws/install/rdj2025_potato_disease_detection/lib/python3.10/site-packages:/home/nathan/ros2_ws/install/joy_tester/lib/python3.10/site-packages:/opt/ros/humble/lib/python3.10/site-packages:/opt/ros/humble/local/lib/python3.10/dist-packages'), ('LC_NUMERIC', 'sw_KE'), ('LC_PAPER', 'sw_KE'), ('COLCON', '1'), ('VTE_VERSION', '6800'), ('CMAKE_PREFIX_PATH', '/home/nathan/ros2_ws/install/sllidar_ros2:/home/nathan/ros2_ws/install/dojo:/home/nathan/ros2_ws/install/diffdrive_arduino:/home/nathan/ros2_ws/install/articubot_one:/home/nathan/ros2_ws/install/rdj2025_potato_disease_detection:/home/nathan/ros2_ws/install/joy_tester:/opt/ros/humble')]), 'shell': False}
[32.308536] (sllidar_ros2) StdoutLine: {'line': b'-- Install configuration: ""\n'}
[32.308779] (sllidar_ros2) StdoutLine: {'line': b'-- Up-to-date: /home/nathan/ros2_ws/install/sllidar_ros2/share/sllidar_ros2/launch\n'}
[32.313406] (sllidar_ros2) StdoutLine: {'line': b'-- Up-to-date: /home/nathan/ros2_ws/install/sllidar_ros2/share/sllidar_ros2/launch/sllidar_a1_launch.py\n'}
[32.313547] (sllidar_ros2) StdoutLine: {'line': b'-- Up-to-date: /home/nathan/ros2_ws/install/sllidar_ros2/share/sllidar_ros2/rviz\n'}
[32.313716] (sllidar_ros2) StdoutLine: {'line': b'-- Up-to-date: /home/nathan/ros2_ws/install/sllidar_ros2/share/sllidar_ros2/rviz/sllidar_ros2.rviz\n'}
[32.324002] (sllidar_ros2) StdoutLine: {'line': b'-- Installing: /home/nathan/ros2_ws/install/sllidar_ros2/lib/sllidar_ros2/sllidar_node\n'}
[32.326691] (sllidar_ros2) StdoutLine: {'line': b'-- Set runtime path of "/home/nathan/ros2_ws/install/sllidar_ros2/lib/sllidar_ros2/sllidar_node" to ""\n'}
[32.338202] (sllidar_ros2) StdoutLine: {'line': b'-- Installing: /home/nathan/ros2_ws/install/sllidar_ros2/lib/sllidar_ros2/sllidar_client\n'}
[32.343221] (sllidar_ros2) StdoutLine: {'line': b'-- Set runtime path of "/home/nathan/ros2_ws/install/sllidar_ros2/lib/sllidar_ros2/sllidar_client" to ""\n'}
[32.343544] (sllidar_ros2) StdoutLine: {'line': b'-- Up-to-date: /home/nathan/ros2_ws/install/sllidar_ros2/share/ament_index/resource_index/package_run_dependencies/sllidar_ros2\n'}
[32.343937] (sllidar_ros2) StdoutLine: {'line': b'-- Up-to-date: /home/nathan/ros2_ws/install/sllidar_ros2/share/ament_index/resource_index/parent_prefix_path/sllidar_ros2\n'}
[32.344267] (sllidar_ros2) StdoutLine: {'line': b'-- Up-to-date: /home/nathan/ros2_ws/install/sllidar_ros2/share/sllidar_ros2/environment/ament_prefix_path.sh\n'}
[32.344562] (sllidar_ros2) StdoutLine: {'line': b'-- Up-to-date: /home/nathan/ros2_ws/install/sllidar_ros2/share/sllidar_ros2/environment/ament_prefix_path.dsv\n'}
[32.344895] (sllidar_ros2) StdoutLine: {'line': b'-- Up-to-date: /home/nathan/ros2_ws/install/sllidar_ros2/share/sllidar_ros2/environment/path.sh\n'}
[32.345134] (sllidar_ros2) StdoutLine: {'line': b'-- Up-to-date: /home/nathan/ros2_ws/install/sllidar_ros2/share/sllidar_ros2/environment/path.dsv\n'}
[32.345336] (sllidar_ros2) StdoutLine: {'line': b'-- Up-to-date: /home/nathan/ros2_ws/install/sllidar_ros2/share/sllidar_ros2/local_setup.bash\n'}
[32.345449] (sllidar_ros2) StdoutLine: {'line': b'-- Up-to-date: /home/nathan/ros2_ws/install/sllidar_ros2/share/sllidar_ros2/local_setup.sh\n'}
[32.345553] (sllidar_ros2) StdoutLine: {'line': b'-- Up-to-date: /home/nathan/ros2_ws/install/sllidar_ros2/share/sllidar_ros2/local_setup.zsh\n'}
[32.345654] (sllidar_ros2) StdoutLine: {'line': b'-- Up-to-date: /home/nathan/ros2_ws/install/sllidar_ros2/share/sllidar_ros2/local_setup.dsv\n'}
[32.345788] (sllidar_ros2) StdoutLine: {'line': b'-- Installing: /home/nathan/ros2_ws/install/sllidar_ros2/share/sllidar_ros2/package.dsv\n'}
[32.355219] (sllidar_ros2) StdoutLine: {'line': b'-- Up-to-date: /home/nathan/ros2_ws/install/sllidar_ros2/share/ament_index/resource_index/packages/sllidar_ros2\n'}
[32.355775] (sllidar_ros2) StdoutLine: {'line': b'-- Up-to-date: /home/nathan/ros2_ws/install/sllidar_ros2/share/sllidar_ros2/cmake/ament_cmake_export_dependencies-extras.cmake\n'}
[32.356170] (sllidar_ros2) StdoutLine: {'line': b'-- Up-to-date: /home/nathan/ros2_ws/install/sllidar_ros2/share/sllidar_ros2/cmake/ament_cmake_export_include_directories-extras.cmake\n'}
[32.356445] (sllidar_ros2) StdoutLine: {'line': b'-- Up-to-date: /home/nathan/ros2_ws/install/sllidar_ros2/share/sllidar_ros2/cmake/sllidar_ros2Config.cmake\n'}
[32.356668] (sllidar_ros2) StdoutLine: {'line': b'-- Up-to-date: /home/nathan/ros2_ws/install/sllidar_ros2/share/sllidar_ros2/cmake/sllidar_ros2Config-version.cmake\n'}
[32.356920] (sllidar_ros2) StdoutLine: {'line': b'-- Up-to-date: /home/nathan/ros2_ws/install/sllidar_ros2/share/sllidar_ros2/package.xml\n'}
[32.358055] (-) TimerEvent: {}
[32.359896] (sllidar_ros2) CommandEnded: {'returncode': 0}
[32.378047] (sllidar_ros2) JobEnded: {'identifier': 'sllidar_ros2', 'rc': 0}
[32.384889] (-) EventReactorShutdown: {}
