[0.000000] (-) TimerEvent: {}
[0.000903] (articubot_one) JobQueued: {'identifier': 'articubot_one', 'dependencies': OrderedDict()}
[0.001004] (diffdrive_arduino) JobQueued: {'identifier': 'diffdrive_arduino', 'dependencies': OrderedDict()}
[0.001161] (dojo) JobQueued: {'identifier': 'dojo', 'dependencies': OrderedDict()}
[0.001239] (joy_tester) JobQueued: {'identifier': 'joy_tester', 'dependencies': OrderedDict()}
[0.001280] (ppp_bot) JobQueued: {'identifier': 'ppp_bot', 'dependencies': OrderedDict()}
[0.001315] (rdj2025_potato_disease_detection) JobQueued: {'identifier': 'rdj2025_potato_disease_detection', 'dependencies': OrderedDict()}
[0.001349] (sllidar_ros2) JobQueued: {'identifier': 'sllidar_ros2', 'dependencies': OrderedDict()}
[0.001383] (articubot_one) JobStarted: {'identifier': 'articubot_one'}
[0.099674] (-) TimerEvent: {}
[0.200159] (-) TimerEvent: {}
[0.241281] (diffdrive_arduino) JobStarted: {'identifier': 'diffdrive_arduino'}
[0.246055] (dojo) JobStarted: {'identifier': 'dojo'}
[0.271585] (joy_tester) JobStarted: {'identifier': 'joy_tester'}
[0.300272] (-) TimerEvent: {}
[0.362742] (articubot_one) JobProgress: {'identifier': 'articubot_one', 'progress': 'cmake'}
[0.400457] (-) TimerEvent: {}
[0.407846] (articubot_one) JobProgress: {'identifier': 'articubot_one', 'progress': 'build'}
[0.410725] (articubot_one) Command: {'cmd': ['/usr/bin/cmake', '--build', '/home/nathan/ros2_ws/build/articubot_one', '--', '-j4', '-l4'], 'cwd': '/home/nathan/ros2_ws/build/articubot_one', 'env': OrderedDict([('LESSOPEN', '| /usr/bin/lesspipe %s'), ('USER', 'nathan'), ('LC_TIME', 'sw_KE'), ('XDG_SESSION_TYPE', 'wayland'), ('SHLVL', '1'), ('LD_LIBRARY_PATH', '/home/nathan/ros2_ws/install/diffdrive_arduino/lib:/usr/lib/x86_64-linux-gnu/gazebo-11/plugins:/opt/ros/humble/opt/rviz_ogre_vendor/lib:/opt/ros/humble/lib/x86_64-linux-gnu:/opt/ros/humble/lib'), ('HOME', '/home/nathan'), ('DESKTOP_SESSION', 'ubuntu'), ('ROS_PYTHON_VERSION', '3'), ('GNOME_SHELL_SESSION_MODE', 'ubuntu'), ('GTK_MODULES', 'gail:atk-bridge'), ('LC_MONETARY', 'sw_KE'), ('SYSTEMD_EXEC_PID', '2216'), ('DBUS_SESSION_BUS_ADDRESS', 'unix:path=/run/user/1000/bus'), ('COLORTERM', 'truecolor'), ('IM_CONFIG_PHASE', '1'), ('WAYLAND_DISPLAY', 'wayland-0'), ('COLCON_PREFIX_PATH', '/home/nathan/ros2_ws/install'), ('ROS_DISTRO', 'humble'), ('LOGNAME', 'nathan'), ('_', '/usr/bin/colcon'), ('ROS_VERSION', '2'), ('XDG_SESSION_CLASS', 'user'), ('USERNAME', 'nathan'), ('TERM', 'xterm-256color'), ('GNOME_DESKTOP_SESSION_ID', 'this-is-deprecated'), ('ROS_LOCALHOST_ONLY', '0'), ('PATH', '/opt/ros/humble/bin:/home/nathan/.local/bin:/usr/local/sbin:/usr/local/bin:/usr/sbin:/usr/bin:/sbin:/bin:/usr/games:/usr/local/games:/snap/bin:/snap/bin'), ('SESSION_MANAGER', 'local/nathan:@/tmp/.ICE-unix/1608,unix/nathan:/tmp/.ICE-unix/1608'), ('XDG_MENU_PREFIX', 'gnome-'), ('LC_ADDRESS', 'sw_KE'), ('GNOME_TERMINAL_SCREEN', '/org/gnome/Terminal/screen/f43f43bd_8ad9_43d2_9f03_8bc19e6f4d4f'), ('GNOME_SETUP_DISPLAY', ':1'), ('XDG_RUNTIME_DIR', '/run/user/1000'), ('DISPLAY', ':0'), ('LANG', 'en_US.UTF-8'), ('XDG_CURRENT_DESKTOP', 'ubuntu:GNOME'), ('LC_TELEPHONE', 'sw_KE'), ('XMODIFIERS', '@im=ibus'), ('XDG_SESSION_DESKTOP', 'ubuntu'), ('XAUTHORITY', '/run/user/1000/.mutter-Xwaylandauth.7M6OD3'), ('LS_COLORS', 'rs=0:di=01;34:ln=01;36:mh=00:pi=40;33:so=01;35:do=01;35:bd=40;33;01:cd=40;33;01:or=40;31;01:mi=00:su=37;41:sg=30;43:ca=30;41:tw=30;42:ow=34;42:st=37;44:ex=01;32:*.tar=01;31:*.tgz=01;31:*.arc=01;31:*.arj=01;31:*.taz=01;31:*.lha=01;31:*.lz4=01;31:*.lzh=01;31:*.lzma=01;31:*.tlz=01;31:*.txz=01;31:*.tzo=01;31:*.t7z=01;31:*.zip=01;31:*.z=01;31:*.dz=01;31:*.gz=01;31:*.lrz=01;31:*.lz=01;31:*.lzo=01;31:*.xz=01;31:*.zst=01;31:*.tzst=01;31:*.bz2=01;31:*.bz=01;31:*.tbz=01;31:*.tbz2=01;31:*.tz=01;31:*.deb=01;31:*.rpm=01;31:*.jar=01;31:*.war=01;31:*.ear=01;31:*.sar=01;31:*.rar=01;31:*.alz=01;31:*.ace=01;31:*.zoo=01;31:*.cpio=01;31:*.7z=01;31:*.rz=01;31:*.cab=01;31:*.wim=01;31:*.swm=01;31:*.dwm=01;31:*.esd=01;31:*.jpg=01;35:*.jpeg=01;35:*.mjpg=01;35:*.mjpeg=01;35:*.gif=01;35:*.bmp=01;35:*.pbm=01;35:*.pgm=01;35:*.ppm=01;35:*.tga=01;35:*.xbm=01;35:*.xpm=01;35:*.tif=01;35:*.tiff=01;35:*.png=01;35:*.svg=01;35:*.svgz=01;35:*.mng=01;35:*.pcx=01;35:*.mov=01;35:*.mpg=01;35:*.mpeg=01;35:*.m2v=01;35:*.mkv=01;35:*.webm=01;35:*.webp=01;35:*.ogm=01;35:*.mp4=01;35:*.m4v=01;35:*.mp4v=01;35:*.vob=01;35:*.qt=01;35:*.nuv=01;35:*.wmv=01;35:*.asf=01;35:*.rm=01;35:*.rmvb=01;35:*.flc=01;35:*.avi=01;35:*.fli=01;35:*.flv=01;35:*.gl=01;35:*.dl=01;35:*.xcf=01;35:*.xwd=01;35:*.yuv=01;35:*.cgm=01;35:*.emf=01;35:*.ogv=01;35:*.ogx=01;35:*.aac=00;36:*.au=00;36:*.flac=00;36:*.m4a=00;36:*.mid=00;36:*.midi=00;36:*.mka=00;36:*.mp3=00;36:*.mpc=00;36:*.ogg=00;36:*.ra=00;36:*.wav=00;36:*.oga=00;36:*.opus=00;36:*.spx=00;36:*.xspf=00;36:'), ('GNOME_TERMINAL_SERVICE', ':1.96'), ('SSH_AGENT_LAUNCHER', 'gnome-keyring'), ('SSH_AUTH_SOCK', '/run/user/1000/keyring/ssh'), ('AMENT_PREFIX_PATH', '/home/nathan/ros2_ws/install/sllidar_ros2:/home/nathan/ros2_ws/install/rdj2025_potato_disease_detection:/home/nathan/ros2_ws/install/ppp_bot:/home/nathan/ros2_ws/install/joy_tester:/home/nathan/ros2_ws/install/dojo:/home/nathan/ros2_ws/install/diffdrive_arduino:/home/nathan/ros2_ws/install/articubot_one:/opt/ros/humble'), ('SHELL', '/bin/bash'), ('LC_NAME', 'sw_KE'), ('QT_ACCESSIBILITY', '1'), ('GDMSESSION', 'ubuntu'), ('LESSCLOSE', '/usr/bin/lesspipe %s %s'), ('LC_MEASUREMENT', 'sw_KE'), ('LC_IDENTIFICATION', 'sw_KE'), ('QT_IM_MODULE', 'ibus'), ('PWD', '/home/nathan/ros2_ws/build/articubot_one'), ('XDG_CONFIG_DIRS', '/etc/xdg/xdg-ubuntu:/etc/xdg'), ('XDG_DATA_DIRS', '/usr/share/ubuntu:/usr/local/share/:/usr/share/:/var/lib/snapd/desktop'), ('PYTHONPATH', '/home/nathan/ros2_ws/install/rdj2025_potato_disease_detection/lib/python3.10/site-packages:/home/nathan/ros2_ws/install/joy_tester/lib/python3.10/site-packages:/opt/ros/humble/lib/python3.10/site-packages:/opt/ros/humble/local/lib/python3.10/dist-packages'), ('LC_NUMERIC', 'sw_KE'), ('LC_PAPER', 'sw_KE'), ('COLCON', '1'), ('VTE_VERSION', '6800'), ('CMAKE_PREFIX_PATH', '/home/nathan/ros2_ws/install/sllidar_ros2:/home/nathan/ros2_ws/install/ppp_bot:/home/nathan/ros2_ws/install/dojo:/home/nathan/ros2_ws/install/diffdrive_arduino:/home/nathan/ros2_ws/install/articubot_one:/home/nathan/ros2_ws/install/rdj2025_potato_disease_detection:/home/nathan/ros2_ws/install/joy_tester:/opt/ros/humble')]), 'shell': False}
[0.431951] (diffdrive_arduino) JobProgress: {'identifier': 'diffdrive_arduino', 'progress': 'cmake'}
[0.456726] (diffdrive_arduino) JobProgress: {'identifier': 'diffdrive_arduino', 'progress': 'build'}
[0.457406] (diffdrive_arduino) Command: {'cmd': ['/usr/bin/cmake', '--build', '/home/nathan/ros2_ws/build/diffdrive_arduino', '--', '-j4', '-l4'], 'cwd': '/home/nathan/ros2_ws/build/diffdrive_arduino', 'env': OrderedDict([('LESSOPEN', '| /usr/bin/lesspipe %s'), ('USER', 'nathan'), ('LC_TIME', 'sw_KE'), ('XDG_SESSION_TYPE', 'wayland'), ('SHLVL', '1'), ('LD_LIBRARY_PATH', '/home/nathan/ros2_ws/install/diffdrive_arduino/lib:/usr/lib/x86_64-linux-gnu/gazebo-11/plugins:/opt/ros/humble/opt/rviz_ogre_vendor/lib:/opt/ros/humble/lib/x86_64-linux-gnu:/opt/ros/humble/lib'), ('HOME', '/home/nathan'), ('DESKTOP_SESSION', 'ubuntu'), ('ROS_PYTHON_VERSION', '3'), ('GNOME_SHELL_SESSION_MODE', 'ubuntu'), ('GTK_MODULES', 'gail:atk-bridge'), ('LC_MONETARY', 'sw_KE'), ('SYSTEMD_EXEC_PID', '2216'), ('DBUS_SESSION_BUS_ADDRESS', 'unix:path=/run/user/1000/bus'), ('COLORTERM', 'truecolor'), ('IM_CONFIG_PHASE', '1'), ('WAYLAND_DISPLAY', 'wayland-0'), ('COLCON_PREFIX_PATH', '/home/nathan/ros2_ws/install'), ('ROS_DISTRO', 'humble'), ('LOGNAME', 'nathan'), ('_', '/usr/bin/colcon'), ('ROS_VERSION', '2'), ('XDG_SESSION_CLASS', 'user'), ('USERNAME', 'nathan'), ('TERM', 'xterm-256color'), ('GNOME_DESKTOP_SESSION_ID', 'this-is-deprecated'), ('ROS_LOCALHOST_ONLY', '0'), ('PATH', '/opt/ros/humble/bin:/home/nathan/.local/bin:/usr/local/sbin:/usr/local/bin:/usr/sbin:/usr/bin:/sbin:/bin:/usr/games:/usr/local/games:/snap/bin:/snap/bin'), ('SESSION_MANAGER', 'local/nathan:@/tmp/.ICE-unix/1608,unix/nathan:/tmp/.ICE-unix/1608'), ('XDG_MENU_PREFIX', 'gnome-'), ('LC_ADDRESS', 'sw_KE'), ('GNOME_TERMINAL_SCREEN', '/org/gnome/Terminal/screen/f43f43bd_8ad9_43d2_9f03_8bc19e6f4d4f'), ('GNOME_SETUP_DISPLAY', ':1'), ('XDG_RUNTIME_DIR', '/run/user/1000'), ('DISPLAY', ':0'), ('LANG', 'en_US.UTF-8'), ('XDG_CURRENT_DESKTOP', 'ubuntu:GNOME'), ('LC_TELEPHONE', 'sw_KE'), ('XMODIFIERS', '@im=ibus'), ('XDG_SESSION_DESKTOP', 'ubuntu'), ('XAUTHORITY', '/run/user/1000/.mutter-Xwaylandauth.7M6OD3'), ('LS_COLORS', 'rs=0:di=01;34:ln=01;36:mh=00:pi=40;33:so=01;35:do=01;35:bd=40;33;01:cd=40;33;01:or=40;31;01:mi=00:su=37;41:sg=30;43:ca=30;41:tw=30;42:ow=34;42:st=37;44:ex=01;32:*.tar=01;31:*.tgz=01;31:*.arc=01;31:*.arj=01;31:*.taz=01;31:*.lha=01;31:*.lz4=01;31:*.lzh=01;31:*.lzma=01;31:*.tlz=01;31:*.txz=01;31:*.tzo=01;31:*.t7z=01;31:*.zip=01;31:*.z=01;31:*.dz=01;31:*.gz=01;31:*.lrz=01;31:*.lz=01;31:*.lzo=01;31:*.xz=01;31:*.zst=01;31:*.tzst=01;31:*.bz2=01;31:*.bz=01;31:*.tbz=01;31:*.tbz2=01;31:*.tz=01;31:*.deb=01;31:*.rpm=01;31:*.jar=01;31:*.war=01;31:*.ear=01;31:*.sar=01;31:*.rar=01;31:*.alz=01;31:*.ace=01;31:*.zoo=01;31:*.cpio=01;31:*.7z=01;31:*.rz=01;31:*.cab=01;31:*.wim=01;31:*.swm=01;31:*.dwm=01;31:*.esd=01;31:*.jpg=01;35:*.jpeg=01;35:*.mjpg=01;35:*.mjpeg=01;35:*.gif=01;35:*.bmp=01;35:*.pbm=01;35:*.pgm=01;35:*.ppm=01;35:*.tga=01;35:*.xbm=01;35:*.xpm=01;35:*.tif=01;35:*.tiff=01;35:*.png=01;35:*.svg=01;35:*.svgz=01;35:*.mng=01;35:*.pcx=01;35:*.mov=01;35:*.mpg=01;35:*.mpeg=01;35:*.m2v=01;35:*.mkv=01;35:*.webm=01;35:*.webp=01;35:*.ogm=01;35:*.mp4=01;35:*.m4v=01;35:*.mp4v=01;35:*.vob=01;35:*.qt=01;35:*.nuv=01;35:*.wmv=01;35:*.asf=01;35:*.rm=01;35:*.rmvb=01;35:*.flc=01;35:*.avi=01;35:*.fli=01;35:*.flv=01;35:*.gl=01;35:*.dl=01;35:*.xcf=01;35:*.xwd=01;35:*.yuv=01;35:*.cgm=01;35:*.emf=01;35:*.ogv=01;35:*.ogx=01;35:*.aac=00;36:*.au=00;36:*.flac=00;36:*.m4a=00;36:*.mid=00;36:*.midi=00;36:*.mka=00;36:*.mp3=00;36:*.mpc=00;36:*.ogg=00;36:*.ra=00;36:*.wav=00;36:*.oga=00;36:*.opus=00;36:*.spx=00;36:*.xspf=00;36:'), ('GNOME_TERMINAL_SERVICE', ':1.96'), ('SSH_AGENT_LAUNCHER', 'gnome-keyring'), ('SSH_AUTH_SOCK', '/run/user/1000/keyring/ssh'), ('AMENT_PREFIX_PATH', '/home/nathan/ros2_ws/install/sllidar_ros2:/home/nathan/ros2_ws/install/rdj2025_potato_disease_detection:/home/nathan/ros2_ws/install/ppp_bot:/home/nathan/ros2_ws/install/joy_tester:/home/nathan/ros2_ws/install/dojo:/home/nathan/ros2_ws/install/diffdrive_arduino:/home/nathan/ros2_ws/install/articubot_one:/opt/ros/humble'), ('SHELL', '/bin/bash'), ('LC_NAME', 'sw_KE'), ('QT_ACCESSIBILITY', '1'), ('GDMSESSION', 'ubuntu'), ('LESSCLOSE', '/usr/bin/lesspipe %s %s'), ('LC_MEASUREMENT', 'sw_KE'), ('LC_IDENTIFICATION', 'sw_KE'), ('QT_IM_MODULE', 'ibus'), ('PWD', '/home/nathan/ros2_ws/build/diffdrive_arduino'), ('XDG_CONFIG_DIRS', '/etc/xdg/xdg-ubuntu:/etc/xdg'), ('XDG_DATA_DIRS', '/usr/share/ubuntu:/usr/local/share/:/usr/share/:/var/lib/snapd/desktop'), ('PYTHONPATH', '/home/nathan/ros2_ws/install/rdj2025_potato_disease_detection/lib/python3.10/site-packages:/home/nathan/ros2_ws/install/joy_tester/lib/python3.10/site-packages:/opt/ros/humble/lib/python3.10/site-packages:/opt/ros/humble/local/lib/python3.10/dist-packages'), ('LC_NUMERIC', 'sw_KE'), ('LC_PAPER', 'sw_KE'), ('COLCON', '1'), ('VTE_VERSION', '6800'), ('CMAKE_PREFIX_PATH', '/home/nathan/ros2_ws/install/sllidar_ros2:/home/nathan/ros2_ws/install/ppp_bot:/home/nathan/ros2_ws/install/dojo:/home/nathan/ros2_ws/install/diffdrive_arduino:/home/nathan/ros2_ws/install/articubot_one:/home/nathan/ros2_ws/install/rdj2025_potato_disease_detection:/home/nathan/ros2_ws/install/joy_tester:/opt/ros/humble')]), 'shell': False}
[0.459415] (dojo) JobProgress: {'identifier': 'dojo', 'progress': 'cmake'}
[0.492242] (dojo) JobProgress: {'identifier': 'dojo', 'progress': 'build'}
[0.493155] (dojo) Command: {'cmd': ['/usr/bin/cmake', '--build', '/home/nathan/ros2_ws/build/dojo', '--', '-j4', '-l4'], 'cwd': '/home/nathan/ros2_ws/build/dojo', 'env': OrderedDict([('LESSOPEN', '| /usr/bin/lesspipe %s'), ('USER', 'nathan'), ('LC_TIME', 'sw_KE'), ('XDG_SESSION_TYPE', 'wayland'), ('SHLVL', '1'), ('LD_LIBRARY_PATH', '/home/nathan/ros2_ws/install/diffdrive_arduino/lib:/usr/lib/x86_64-linux-gnu/gazebo-11/plugins:/opt/ros/humble/opt/rviz_ogre_vendor/lib:/opt/ros/humble/lib/x86_64-linux-gnu:/opt/ros/humble/lib'), ('HOME', '/home/nathan'), ('DESKTOP_SESSION', 'ubuntu'), ('ROS_PYTHON_VERSION', '3'), ('GNOME_SHELL_SESSION_MODE', 'ubuntu'), ('GTK_MODULES', 'gail:atk-bridge'), ('LC_MONETARY', 'sw_KE'), ('SYSTEMD_EXEC_PID', '2216'), ('DBUS_SESSION_BUS_ADDRESS', 'unix:path=/run/user/1000/bus'), ('COLORTERM', 'truecolor'), ('IM_CONFIG_PHASE', '1'), ('WAYLAND_DISPLAY', 'wayland-0'), ('COLCON_PREFIX_PATH', '/home/nathan/ros2_ws/install'), ('ROS_DISTRO', 'humble'), ('LOGNAME', 'nathan'), ('_', '/usr/bin/colcon'), ('ROS_VERSION', '2'), ('XDG_SESSION_CLASS', 'user'), ('USERNAME', 'nathan'), ('TERM', 'xterm-256color'), ('GNOME_DESKTOP_SESSION_ID', 'this-is-deprecated'), ('ROS_LOCALHOST_ONLY', '0'), ('PATH', '/opt/ros/humble/bin:/home/nathan/.local/bin:/usr/local/sbin:/usr/local/bin:/usr/sbin:/usr/bin:/sbin:/bin:/usr/games:/usr/local/games:/snap/bin:/snap/bin'), ('SESSION_MANAGER', 'local/nathan:@/tmp/.ICE-unix/1608,unix/nathan:/tmp/.ICE-unix/1608'), ('XDG_MENU_PREFIX', 'gnome-'), ('LC_ADDRESS', 'sw_KE'), ('GNOME_TERMINAL_SCREEN', '/org/gnome/Terminal/screen/f43f43bd_8ad9_43d2_9f03_8bc19e6f4d4f'), ('GNOME_SETUP_DISPLAY', ':1'), ('XDG_RUNTIME_DIR', '/run/user/1000'), ('DISPLAY', ':0'), ('LANG', 'en_US.UTF-8'), ('XDG_CURRENT_DESKTOP', 'ubuntu:GNOME'), ('LC_TELEPHONE', 'sw_KE'), ('XMODIFIERS', '@im=ibus'), ('XDG_SESSION_DESKTOP', 'ubuntu'), ('XAUTHORITY', '/run/user/1000/.mutter-Xwaylandauth.7M6OD3'), ('LS_COLORS', 'rs=0:di=01;34:ln=01;36:mh=00:pi=40;33:so=01;35:do=01;35:bd=40;33;01:cd=40;33;01:or=40;31;01:mi=00:su=37;41:sg=30;43:ca=30;41:tw=30;42:ow=34;42:st=37;44:ex=01;32:*.tar=01;31:*.tgz=01;31:*.arc=01;31:*.arj=01;31:*.taz=01;31:*.lha=01;31:*.lz4=01;31:*.lzh=01;31:*.lzma=01;31:*.tlz=01;31:*.txz=01;31:*.tzo=01;31:*.t7z=01;31:*.zip=01;31:*.z=01;31:*.dz=01;31:*.gz=01;31:*.lrz=01;31:*.lz=01;31:*.lzo=01;31:*.xz=01;31:*.zst=01;31:*.tzst=01;31:*.bz2=01;31:*.bz=01;31:*.tbz=01;31:*.tbz2=01;31:*.tz=01;31:*.deb=01;31:*.rpm=01;31:*.jar=01;31:*.war=01;31:*.ear=01;31:*.sar=01;31:*.rar=01;31:*.alz=01;31:*.ace=01;31:*.zoo=01;31:*.cpio=01;31:*.7z=01;31:*.rz=01;31:*.cab=01;31:*.wim=01;31:*.swm=01;31:*.dwm=01;31:*.esd=01;31:*.jpg=01;35:*.jpeg=01;35:*.mjpg=01;35:*.mjpeg=01;35:*.gif=01;35:*.bmp=01;35:*.pbm=01;35:*.pgm=01;35:*.ppm=01;35:*.tga=01;35:*.xbm=01;35:*.xpm=01;35:*.tif=01;35:*.tiff=01;35:*.png=01;35:*.svg=01;35:*.svgz=01;35:*.mng=01;35:*.pcx=01;35:*.mov=01;35:*.mpg=01;35:*.mpeg=01;35:*.m2v=01;35:*.mkv=01;35:*.webm=01;35:*.webp=01;35:*.ogm=01;35:*.mp4=01;35:*.m4v=01;35:*.mp4v=01;35:*.vob=01;35:*.qt=01;35:*.nuv=01;35:*.wmv=01;35:*.asf=01;35:*.rm=01;35:*.rmvb=01;35:*.flc=01;35:*.avi=01;35:*.fli=01;35:*.flv=01;35:*.gl=01;35:*.dl=01;35:*.xcf=01;35:*.xwd=01;35:*.yuv=01;35:*.cgm=01;35:*.emf=01;35:*.ogv=01;35:*.ogx=01;35:*.aac=00;36:*.au=00;36:*.flac=00;36:*.m4a=00;36:*.mid=00;36:*.midi=00;36:*.mka=00;36:*.mp3=00;36:*.mpc=00;36:*.ogg=00;36:*.ra=00;36:*.wav=00;36:*.oga=00;36:*.opus=00;36:*.spx=00;36:*.xspf=00;36:'), ('GNOME_TERMINAL_SERVICE', ':1.96'), ('SSH_AGENT_LAUNCHER', 'gnome-keyring'), ('SSH_AUTH_SOCK', '/run/user/1000/keyring/ssh'), ('AMENT_PREFIX_PATH', '/home/nathan/ros2_ws/install/sllidar_ros2:/home/nathan/ros2_ws/install/rdj2025_potato_disease_detection:/home/nathan/ros2_ws/install/ppp_bot:/home/nathan/ros2_ws/install/joy_tester:/home/nathan/ros2_ws/install/dojo:/home/nathan/ros2_ws/install/diffdrive_arduino:/home/nathan/ros2_ws/install/articubot_one:/opt/ros/humble'), ('SHELL', '/bin/bash'), ('LC_NAME', 'sw_KE'), ('QT_ACCESSIBILITY', '1'), ('GDMSESSION', 'ubuntu'), ('LESSCLOSE', '/usr/bin/lesspipe %s %s'), ('LC_MEASUREMENT', 'sw_KE'), ('LC_IDENTIFICATION', 'sw_KE'), ('QT_IM_MODULE', 'ibus'), ('PWD', '/home/nathan/ros2_ws/build/dojo'), ('XDG_CONFIG_DIRS', '/etc/xdg/xdg-ubuntu:/etc/xdg'), ('XDG_DATA_DIRS', '/usr/share/ubuntu:/usr/local/share/:/usr/share/:/var/lib/snapd/desktop'), ('PYTHONPATH', '/home/nathan/ros2_ws/install/rdj2025_potato_disease_detection/lib/python3.10/site-packages:/home/nathan/ros2_ws/install/joy_tester/lib/python3.10/site-packages:/opt/ros/humble/lib/python3.10/site-packages:/opt/ros/humble/local/lib/python3.10/dist-packages'), ('LC_NUMERIC', 'sw_KE'), ('LC_PAPER', 'sw_KE'), ('COLCON', '1'), ('VTE_VERSION', '6800'), ('CMAKE_PREFIX_PATH', '/home/nathan/ros2_ws/install/sllidar_ros2:/home/nathan/ros2_ws/install/ppp_bot:/home/nathan/ros2_ws/install/dojo:/home/nathan/ros2_ws/install/diffdrive_arduino:/home/nathan/ros2_ws/install/articubot_one:/home/nathan/ros2_ws/install/rdj2025_potato_disease_detection:/home/nathan/ros2_ws/install/joy_tester:/opt/ros/humble')]), 'shell': False}
[0.500567] (-) TimerEvent: {}
[0.600877] (-) TimerEvent: {}
[0.701195] (-) TimerEvent: {}
[0.801547] (-) TimerEvent: {}
[0.902153] (-) TimerEvent: {}
[1.002769] (-) TimerEvent: {}
[1.103173] (-) TimerEvent: {}
[1.203597] (-) TimerEvent: {}
[1.304225] (-) TimerEvent: {}
[1.404538] (-) TimerEvent: {}
[1.504830] (-) TimerEvent: {}
[1.605123] (-) TimerEvent: {}
[1.705431] (-) TimerEvent: {}
[1.805892] (-) TimerEvent: {}
[1.906671] (-) TimerEvent: {}
[2.006971] (-) TimerEvent: {}
[2.107342] (-) TimerEvent: {}
[2.179879] (dojo) CommandEnded: {'returncode': 0}
[2.207441] (-) TimerEvent: {}
[2.269430] (dojo) JobProgress: {'identifier': 'dojo', 'progress': 'install'}
[2.282111] (dojo) Command: {'cmd': ['/usr/bin/cmake', '--install', '/home/nathan/ros2_ws/build/dojo'], 'cwd': '/home/nathan/ros2_ws/build/dojo', 'env': OrderedDict([('LESSOPEN', '| /usr/bin/lesspipe %s'), ('USER', 'nathan'), ('LC_TIME', 'sw_KE'), ('XDG_SESSION_TYPE', 'wayland'), ('SHLVL', '1'), ('LD_LIBRARY_PATH', '/home/nathan/ros2_ws/install/diffdrive_arduino/lib:/usr/lib/x86_64-linux-gnu/gazebo-11/plugins:/opt/ros/humble/opt/rviz_ogre_vendor/lib:/opt/ros/humble/lib/x86_64-linux-gnu:/opt/ros/humble/lib'), ('HOME', '/home/nathan'), ('DESKTOP_SESSION', 'ubuntu'), ('ROS_PYTHON_VERSION', '3'), ('GNOME_SHELL_SESSION_MODE', 'ubuntu'), ('GTK_MODULES', 'gail:atk-bridge'), ('LC_MONETARY', 'sw_KE'), ('SYSTEMD_EXEC_PID', '2216'), ('DBUS_SESSION_BUS_ADDRESS', 'unix:path=/run/user/1000/bus'), ('COLORTERM', 'truecolor'), ('IM_CONFIG_PHASE', '1'), ('WAYLAND_DISPLAY', 'wayland-0'), ('COLCON_PREFIX_PATH', '/home/nathan/ros2_ws/install'), ('ROS_DISTRO', 'humble'), ('LOGNAME', 'nathan'), ('_', '/usr/bin/colcon'), ('ROS_VERSION', '2'), ('XDG_SESSION_CLASS', 'user'), ('USERNAME', 'nathan'), ('TERM', 'xterm-256color'), ('GNOME_DESKTOP_SESSION_ID', 'this-is-deprecated'), ('ROS_LOCALHOST_ONLY', '0'), ('PATH', '/opt/ros/humble/bin:/home/nathan/.local/bin:/usr/local/sbin:/usr/local/bin:/usr/sbin:/usr/bin:/sbin:/bin:/usr/games:/usr/local/games:/snap/bin:/snap/bin'), ('SESSION_MANAGER', 'local/nathan:@/tmp/.ICE-unix/1608,unix/nathan:/tmp/.ICE-unix/1608'), ('XDG_MENU_PREFIX', 'gnome-'), ('LC_ADDRESS', 'sw_KE'), ('GNOME_TERMINAL_SCREEN', '/org/gnome/Terminal/screen/f43f43bd_8ad9_43d2_9f03_8bc19e6f4d4f'), ('GNOME_SETUP_DISPLAY', ':1'), ('XDG_RUNTIME_DIR', '/run/user/1000'), ('DISPLAY', ':0'), ('LANG', 'en_US.UTF-8'), ('XDG_CURRENT_DESKTOP', 'ubuntu:GNOME'), ('LC_TELEPHONE', 'sw_KE'), ('XMODIFIERS', '@im=ibus'), ('XDG_SESSION_DESKTOP', 'ubuntu'), ('XAUTHORITY', '/run/user/1000/.mutter-Xwaylandauth.7M6OD3'), ('LS_COLORS', 'rs=0:di=01;34:ln=01;36:mh=00:pi=40;33:so=01;35:do=01;35:bd=40;33;01:cd=40;33;01:or=40;31;01:mi=00:su=37;41:sg=30;43:ca=30;41:tw=30;42:ow=34;42:st=37;44:ex=01;32:*.tar=01;31:*.tgz=01;31:*.arc=01;31:*.arj=01;31:*.taz=01;31:*.lha=01;31:*.lz4=01;31:*.lzh=01;31:*.lzma=01;31:*.tlz=01;31:*.txz=01;31:*.tzo=01;31:*.t7z=01;31:*.zip=01;31:*.z=01;31:*.dz=01;31:*.gz=01;31:*.lrz=01;31:*.lz=01;31:*.lzo=01;31:*.xz=01;31:*.zst=01;31:*.tzst=01;31:*.bz2=01;31:*.bz=01;31:*.tbz=01;31:*.tbz2=01;31:*.tz=01;31:*.deb=01;31:*.rpm=01;31:*.jar=01;31:*.war=01;31:*.ear=01;31:*.sar=01;31:*.rar=01;31:*.alz=01;31:*.ace=01;31:*.zoo=01;31:*.cpio=01;31:*.7z=01;31:*.rz=01;31:*.cab=01;31:*.wim=01;31:*.swm=01;31:*.dwm=01;31:*.esd=01;31:*.jpg=01;35:*.jpeg=01;35:*.mjpg=01;35:*.mjpeg=01;35:*.gif=01;35:*.bmp=01;35:*.pbm=01;35:*.pgm=01;35:*.ppm=01;35:*.tga=01;35:*.xbm=01;35:*.xpm=01;35:*.tif=01;35:*.tiff=01;35:*.png=01;35:*.svg=01;35:*.svgz=01;35:*.mng=01;35:*.pcx=01;35:*.mov=01;35:*.mpg=01;35:*.mpeg=01;35:*.m2v=01;35:*.mkv=01;35:*.webm=01;35:*.webp=01;35:*.ogm=01;35:*.mp4=01;35:*.m4v=01;35:*.mp4v=01;35:*.vob=01;35:*.qt=01;35:*.nuv=01;35:*.wmv=01;35:*.asf=01;35:*.rm=01;35:*.rmvb=01;35:*.flc=01;35:*.avi=01;35:*.fli=01;35:*.flv=01;35:*.gl=01;35:*.dl=01;35:*.xcf=01;35:*.xwd=01;35:*.yuv=01;35:*.cgm=01;35:*.emf=01;35:*.ogv=01;35:*.ogx=01;35:*.aac=00;36:*.au=00;36:*.flac=00;36:*.m4a=00;36:*.mid=00;36:*.midi=00;36:*.mka=00;36:*.mp3=00;36:*.mpc=00;36:*.ogg=00;36:*.ra=00;36:*.wav=00;36:*.oga=00;36:*.opus=00;36:*.spx=00;36:*.xspf=00;36:'), ('GNOME_TERMINAL_SERVICE', ':1.96'), ('SSH_AGENT_LAUNCHER', 'gnome-keyring'), ('SSH_AUTH_SOCK', '/run/user/1000/keyring/ssh'), ('AMENT_PREFIX_PATH', '/home/nathan/ros2_ws/install/sllidar_ros2:/home/nathan/ros2_ws/install/rdj2025_potato_disease_detection:/home/nathan/ros2_ws/install/ppp_bot:/home/nathan/ros2_ws/install/joy_tester:/home/nathan/ros2_ws/install/dojo:/home/nathan/ros2_ws/install/diffdrive_arduino:/home/nathan/ros2_ws/install/articubot_one:/opt/ros/humble'), ('SHELL', '/bin/bash'), ('LC_NAME', 'sw_KE'), ('QT_ACCESSIBILITY', '1'), ('GDMSESSION', 'ubuntu'), ('LESSCLOSE', '/usr/bin/lesspipe %s %s'), ('LC_MEASUREMENT', 'sw_KE'), ('LC_IDENTIFICATION', 'sw_KE'), ('QT_IM_MODULE', 'ibus'), ('PWD', '/home/nathan/ros2_ws/build/dojo'), ('XDG_CONFIG_DIRS', '/etc/xdg/xdg-ubuntu:/etc/xdg'), ('XDG_DATA_DIRS', '/usr/share/ubuntu:/usr/local/share/:/usr/share/:/var/lib/snapd/desktop'), ('PYTHONPATH', '/home/nathan/ros2_ws/install/rdj2025_potato_disease_detection/lib/python3.10/site-packages:/home/nathan/ros2_ws/install/joy_tester/lib/python3.10/site-packages:/opt/ros/humble/lib/python3.10/site-packages:/opt/ros/humble/local/lib/python3.10/dist-packages'), ('LC_NUMERIC', 'sw_KE'), ('LC_PAPER', 'sw_KE'), ('COLCON', '1'), ('VTE_VERSION', '6800'), ('CMAKE_PREFIX_PATH', '/home/nathan/ros2_ws/install/sllidar_ros2:/home/nathan/ros2_ws/install/ppp_bot:/home/nathan/ros2_ws/install/dojo:/home/nathan/ros2_ws/install/diffdrive_arduino:/home/nathan/ros2_ws/install/articubot_one:/home/nathan/ros2_ws/install/rdj2025_potato_disease_detection:/home/nathan/ros2_ws/install/joy_tester:/opt/ros/humble')]), 'shell': False}
[2.285037] (articubot_one) CommandEnded: {'returncode': 0}
[2.307591] (-) TimerEvent: {}
[2.408081] (-) TimerEvent: {}
[2.497464] (dojo) StdoutLine: {'line': b'-- Install configuration: ""\n'}
[2.508343] (-) TimerEvent: {}
[2.514697] (dojo) StdoutLine: {'line': b'-- Up-to-date: /home/nathan/ros2_ws/install/dojo/share/dojo/config\n'}
[2.515213] (dojo) StdoutLine: {'line': b'-- Up-to-date: /home/nathan/ros2_ws/install/dojo/share/dojo/config/my_controllers.yaml\n'}
[2.515428] (dojo) StdoutLine: {'line': b'-- Up-to-date: /home/nathan/ros2_ws/install/dojo/share/dojo/config/joystick.yaml\n'}
[2.515764] (dojo) StdoutLine: {'line': b'-- Up-to-date: /home/nathan/ros2_ws/install/dojo/share/dojo/config/default_view.rviz\n'}
[2.515927] (dojo) StdoutLine: {'line': b'-- Up-to-date: /home/nathan/ros2_ws/install/dojo/share/dojo/config/gazebo_params.yaml\n'}
[2.516091] (dojo) StdoutLine: {'line': b'-- Up-to-date: /home/nathan/ros2_ws/install/dojo/share/dojo/config/gaz_ros2_ctl_use_sim.yaml\n'}
[2.516251] (dojo) StdoutLine: {'line': b'-- Up-to-date: /home/nathan/ros2_ws/install/dojo/share/dojo/config/twist_mux.yaml\n'}
[2.516386] (dojo) StdoutLine: {'line': b'-- Up-to-date: /home/nathan/ros2_ws/install/dojo/share/dojo/config/empty.yaml\n'}
[2.516516] (dojo) StdoutLine: {'line': b'-- Up-to-date: /home/nathan/ros2_ws/install/dojo/share/dojo/config/mapper_params_online_async.yaml\n'}
[2.516648] (dojo) StdoutLine: {'line': b'-- Up-to-date: /home/nathan/ros2_ws/install/dojo/share/dojo/config/nav2_params.yaml\n'}
[2.516777] (dojo) StdoutLine: {'line': b'-- Up-to-date: /home/nathan/ros2_ws/install/dojo/share/dojo/description\n'}
[2.582831] (articubot_one) JobProgress: {'identifier': 'articubot_one', 'progress': 'install'}
[2.583777] (articubot_one) Command: {'cmd': ['/usr/bin/cmake', '--install', '/home/nathan/ros2_ws/build/articubot_one'], 'cwd': '/home/nathan/ros2_ws/build/articubot_one', 'env': OrderedDict([('LESSOPEN', '| /usr/bin/lesspipe %s'), ('USER', 'nathan'), ('LC_TIME', 'sw_KE'), ('XDG_SESSION_TYPE', 'wayland'), ('SHLVL', '1'), ('LD_LIBRARY_PATH', '/home/nathan/ros2_ws/install/diffdrive_arduino/lib:/usr/lib/x86_64-linux-gnu/gazebo-11/plugins:/opt/ros/humble/opt/rviz_ogre_vendor/lib:/opt/ros/humble/lib/x86_64-linux-gnu:/opt/ros/humble/lib'), ('HOME', '/home/nathan'), ('DESKTOP_SESSION', 'ubuntu'), ('ROS_PYTHON_VERSION', '3'), ('GNOME_SHELL_SESSION_MODE', 'ubuntu'), ('GTK_MODULES', 'gail:atk-bridge'), ('LC_MONETARY', 'sw_KE'), ('SYSTEMD_EXEC_PID', '2216'), ('DBUS_SESSION_BUS_ADDRESS', 'unix:path=/run/user/1000/bus'), ('COLORTERM', 'truecolor'), ('IM_CONFIG_PHASE', '1'), ('WAYLAND_DISPLAY', 'wayland-0'), ('COLCON_PREFIX_PATH', '/home/nathan/ros2_ws/install'), ('ROS_DISTRO', 'humble'), ('LOGNAME', 'nathan'), ('_', '/usr/bin/colcon'), ('ROS_VERSION', '2'), ('XDG_SESSION_CLASS', 'user'), ('USERNAME', 'nathan'), ('TERM', 'xterm-256color'), ('GNOME_DESKTOP_SESSION_ID', 'this-is-deprecated'), ('ROS_LOCALHOST_ONLY', '0'), ('PATH', '/opt/ros/humble/bin:/home/nathan/.local/bin:/usr/local/sbin:/usr/local/bin:/usr/sbin:/usr/bin:/sbin:/bin:/usr/games:/usr/local/games:/snap/bin:/snap/bin'), ('SESSION_MANAGER', 'local/nathan:@/tmp/.ICE-unix/1608,unix/nathan:/tmp/.ICE-unix/1608'), ('XDG_MENU_PREFIX', 'gnome-'), ('LC_ADDRESS', 'sw_KE'), ('GNOME_TERMINAL_SCREEN', '/org/gnome/Terminal/screen/f43f43bd_8ad9_43d2_9f03_8bc19e6f4d4f'), ('GNOME_SETUP_DISPLAY', ':1'), ('XDG_RUNTIME_DIR', '/run/user/1000'), ('DISPLAY', ':0'), ('LANG', 'en_US.UTF-8'), ('XDG_CURRENT_DESKTOP', 'ubuntu:GNOME'), ('LC_TELEPHONE', 'sw_KE'), ('XMODIFIERS', '@im=ibus'), ('XDG_SESSION_DESKTOP', 'ubuntu'), ('XAUTHORITY', '/run/user/1000/.mutter-Xwaylandauth.7M6OD3'), ('LS_COLORS', 'rs=0:di=01;34:ln=01;36:mh=00:pi=40;33:so=01;35:do=01;35:bd=40;33;01:cd=40;33;01:or=40;31;01:mi=00:su=37;41:sg=30;43:ca=30;41:tw=30;42:ow=34;42:st=37;44:ex=01;32:*.tar=01;31:*.tgz=01;31:*.arc=01;31:*.arj=01;31:*.taz=01;31:*.lha=01;31:*.lz4=01;31:*.lzh=01;31:*.lzma=01;31:*.tlz=01;31:*.txz=01;31:*.tzo=01;31:*.t7z=01;31:*.zip=01;31:*.z=01;31:*.dz=01;31:*.gz=01;31:*.lrz=01;31:*.lz=01;31:*.lzo=01;31:*.xz=01;31:*.zst=01;31:*.tzst=01;31:*.bz2=01;31:*.bz=01;31:*.tbz=01;31:*.tbz2=01;31:*.tz=01;31:*.deb=01;31:*.rpm=01;31:*.jar=01;31:*.war=01;31:*.ear=01;31:*.sar=01;31:*.rar=01;31:*.alz=01;31:*.ace=01;31:*.zoo=01;31:*.cpio=01;31:*.7z=01;31:*.rz=01;31:*.cab=01;31:*.wim=01;31:*.swm=01;31:*.dwm=01;31:*.esd=01;31:*.jpg=01;35:*.jpeg=01;35:*.mjpg=01;35:*.mjpeg=01;35:*.gif=01;35:*.bmp=01;35:*.pbm=01;35:*.pgm=01;35:*.ppm=01;35:*.tga=01;35:*.xbm=01;35:*.xpm=01;35:*.tif=01;35:*.tiff=01;35:*.png=01;35:*.svg=01;35:*.svgz=01;35:*.mng=01;35:*.pcx=01;35:*.mov=01;35:*.mpg=01;35:*.mpeg=01;35:*.m2v=01;35:*.mkv=01;35:*.webm=01;35:*.webp=01;35:*.ogm=01;35:*.mp4=01;35:*.m4v=01;35:*.mp4v=01;35:*.vob=01;35:*.qt=01;35:*.nuv=01;35:*.wmv=01;35:*.asf=01;35:*.rm=01;35:*.rmvb=01;35:*.flc=01;35:*.avi=01;35:*.fli=01;35:*.flv=01;35:*.gl=01;35:*.dl=01;35:*.xcf=01;35:*.xwd=01;35:*.yuv=01;35:*.cgm=01;35:*.emf=01;35:*.ogv=01;35:*.ogx=01;35:*.aac=00;36:*.au=00;36:*.flac=00;36:*.m4a=00;36:*.mid=00;36:*.midi=00;36:*.mka=00;36:*.mp3=00;36:*.mpc=00;36:*.ogg=00;36:*.ra=00;36:*.wav=00;36:*.oga=00;36:*.opus=00;36:*.spx=00;36:*.xspf=00;36:'), ('GNOME_TERMINAL_SERVICE', ':1.96'), ('SSH_AGENT_LAUNCHER', 'gnome-keyring'), ('SSH_AUTH_SOCK', '/run/user/1000/keyring/ssh'), ('AMENT_PREFIX_PATH', '/home/nathan/ros2_ws/install/sllidar_ros2:/home/nathan/ros2_ws/install/rdj2025_potato_disease_detection:/home/nathan/ros2_ws/install/ppp_bot:/home/nathan/ros2_ws/install/joy_tester:/home/nathan/ros2_ws/install/dojo:/home/nathan/ros2_ws/install/diffdrive_arduino:/home/nathan/ros2_ws/install/articubot_one:/opt/ros/humble'), ('SHELL', '/bin/bash'), ('LC_NAME', 'sw_KE'), ('QT_ACCESSIBILITY', '1'), ('GDMSESSION', 'ubuntu'), ('LESSCLOSE', '/usr/bin/lesspipe %s %s'), ('LC_MEASUREMENT', 'sw_KE'), ('LC_IDENTIFICATION', 'sw_KE'), ('QT_IM_MODULE', 'ibus'), ('PWD', '/home/nathan/ros2_ws/build/articubot_one'), ('XDG_CONFIG_DIRS', '/etc/xdg/xdg-ubuntu:/etc/xdg'), ('XDG_DATA_DIRS', '/usr/share/ubuntu:/usr/local/share/:/usr/share/:/var/lib/snapd/desktop'), ('PYTHONPATH', '/home/nathan/ros2_ws/install/rdj2025_potato_disease_detection/lib/python3.10/site-packages:/home/nathan/ros2_ws/install/joy_tester/lib/python3.10/site-packages:/opt/ros/humble/lib/python3.10/site-packages:/opt/ros/humble/local/lib/python3.10/dist-packages'), ('LC_NUMERIC', 'sw_KE'), ('LC_PAPER', 'sw_KE'), ('COLCON', '1'), ('VTE_VERSION', '6800'), ('CMAKE_PREFIX_PATH', '/home/nathan/ros2_ws/install/sllidar_ros2:/home/nathan/ros2_ws/install/ppp_bot:/home/nathan/ros2_ws/install/dojo:/home/nathan/ros2_ws/install/diffdrive_arduino:/home/nathan/ros2_ws/install/articubot_one:/home/nathan/ros2_ws/install/rdj2025_potato_disease_detection:/home/nathan/ros2_ws/install/joy_tester:/opt/ros/humble')]), 'shell': False}
[2.608425] (-) TimerEvent: {}
[2.620337] (dojo) StdoutLine: {'line': b'-- Up-to-date: /home/nathan/ros2_ws/install/dojo/share/dojo/description/ros2_control.xacro\n'}
[2.620696] (dojo) StdoutLine: {'line': b'-- Up-to-date: /home/nathan/ros2_ws/install/dojo/share/dojo/description/lidar.xacro\n'}
[2.620854] (dojo) StdoutLine: {'line': b'-- Up-to-date: /home/nathan/ros2_ws/install/dojo/share/dojo/description/robot.urdf.xacro\n'}
[2.621002] (dojo) StdoutLine: {'line': b'-- Up-to-date: /home/nathan/ros2_ws/install/dojo/share/dojo/description/gazebo_control.xacro\n'}
[2.621186] (dojo) StdoutLine: {'line': b'-- Up-to-date: /home/nathan/ros2_ws/install/dojo/share/dojo/description/robot_core.xacro\n'}
[2.621460] (dojo) StdoutLine: {'line': b'-- Up-to-date: /home/nathan/ros2_ws/install/dojo/share/dojo/description/inertial_macros.xacro\n'}
[2.621588] (dojo) StdoutLine: {'line': b'-- Up-to-date: /home/nathan/ros2_ws/install/dojo/share/dojo/launch\n'}
[2.621699] (dojo) StdoutLine: {'line': b'-- Up-to-date: /home/nathan/ros2_ws/install/dojo/share/dojo/launch/joystick.launch.py\n'}
[2.621805] (dojo) StdoutLine: {'line': b'-- Up-to-date: /home/nathan/ros2_ws/install/dojo/share/dojo/launch/raspi_bot.launch.py\n'}
[2.621911] (dojo) StdoutLine: {'line': b'-- Up-to-date: /home/nathan/ros2_ws/install/dojo/share/dojo/launch/navigation_launch.py\n'}
[2.622015] (dojo) StdoutLine: {'line': b'-- Up-to-date: /home/nathan/ros2_ws/install/dojo/share/dojo/launch/rsp.launch.py\n'}
[2.622157] (dojo) StdoutLine: {'line': b'-- Up-to-date: /home/nathan/ros2_ws/install/dojo/share/dojo/launch/consolidated.launch.py\n'}
[2.622270] (dojo) StdoutLine: {'line': b'-- Up-to-date: /home/nathan/ros2_ws/install/dojo/share/dojo/launch/launch_robot.launch.py\n'}
[2.622375] (dojo) StdoutLine: {'line': b'-- Up-to-date: /home/nathan/ros2_ws/install/dojo/share/dojo/launch/launch_sim.launch.py\n'}
[2.622480] (dojo) StdoutLine: {'line': b'-- Up-to-date: /home/nathan/ros2_ws/install/dojo/share/dojo/launch/localization_launch.py\n'}
[2.622585] (dojo) StdoutLine: {'line': b'-- Up-to-date: /home/nathan/ros2_ws/install/dojo/share/dojo/worlds\n'}
[2.665111] (dojo) StdoutLine: {'line': b'-- Up-to-date: /home/nathan/ros2_ws/install/dojo/share/dojo/worlds/gamefield.sdf\n'}
[2.665655] (dojo) StdoutLine: {'line': b'-- Up-to-date: /home/nathan/ros2_ws/install/dojo/share/dojo/worlds/dojo2024\n'}
[2.665941] (dojo) StdoutLine: {'line': b'-- Up-to-date: /home/nathan/ros2_ws/install/dojo/share/dojo/worlds/world_model\n'}
[2.666454] (dojo) StdoutLine: {'line': b'-- Up-to-date: /home/nathan/ros2_ws/install/dojo/share/dojo/worlds/world_model/model.config\n'}
[2.666854] (dojo) StdoutLine: {'line': b'-- Up-to-date: /home/nathan/ros2_ws/install/dojo/share/dojo/worlds/world_model/model.sdf\n'}
[2.667142] (dojo) StdoutLine: {'line': b'-- Up-to-date: /home/nathan/ros2_ws/install/dojo/share/dojo/worlds/empty.world\n'}
[2.667417] (dojo) StdoutLine: {'line': b'-- Up-to-date: /home/nathan/ros2_ws/install/dojo/share/ament_index/resource_index/package_run_dependencies/dojo\n'}
[2.708742] (-) TimerEvent: {}
[2.725656] (articubot_one) StdoutLine: {'line': b'-- Install configuration: ""\n'}
[2.725969] (articubot_one) StdoutLine: {'line': b'-- Up-to-date: /home/nathan/ros2_ws/install/articubot_one/share/articubot_one/config\n'}
[2.745446] (dojo) StdoutLine: {'line': b'-- Up-to-date: /home/nathan/ros2_ws/install/dojo/share/ament_index/resource_index/parent_prefix_path/dojo\n'}
[2.746310] (dojo) StdoutLine: {'line': b'-- Up-to-date: /home/nathan/ros2_ws/install/dojo/share/dojo/environment/ament_prefix_path.sh\n'}
[2.746739] (dojo) StdoutLine: {'line': b'-- Up-to-date: /home/nathan/ros2_ws/install/dojo/share/dojo/environment/ament_prefix_path.dsv\n'}
[2.747244] (dojo) StdoutLine: {'line': b'-- Up-to-date: /home/nathan/ros2_ws/install/dojo/share/dojo/environment/path.sh\n'}
[2.747932] (dojo) StdoutLine: {'line': b'-- Up-to-date: /home/nathan/ros2_ws/install/dojo/share/dojo/environment/path.dsv\n'}
[2.748714] (dojo) StdoutLine: {'line': b'-- Up-to-date: /home/nathan/ros2_ws/install/dojo/share/dojo/local_setup.bash\n'}
[2.749300] (dojo) StdoutLine: {'line': b'-- Up-to-date: /home/nathan/ros2_ws/install/dojo/share/dojo/local_setup.sh\n'}
[2.749663] (dojo) StdoutLine: {'line': b'-- Up-to-date: /home/nathan/ros2_ws/install/dojo/share/dojo/local_setup.zsh\n'}
[2.749949] (dojo) StdoutLine: {'line': b'-- Up-to-date: /home/nathan/ros2_ws/install/dojo/share/dojo/local_setup.dsv\n'}
[2.750260] (dojo) StdoutLine: {'line': b'-- Installing: /home/nathan/ros2_ws/install/dojo/share/dojo/package.dsv\n'}
[2.808953] (-) TimerEvent: {}
[2.815967] (dojo) StdoutLine: {'line': b'-- Up-to-date: /home/nathan/ros2_ws/install/dojo/share/ament_index/resource_index/packages/dojo\n'}
[2.816669] (dojo) StdoutLine: {'line': b'-- Up-to-date: /home/nathan/ros2_ws/install/dojo/share/dojo/cmake/dojoConfig.cmake\n'}
[2.817297] (dojo) StdoutLine: {'line': b'-- Up-to-date: /home/nathan/ros2_ws/install/dojo/share/dojo/cmake/dojoConfig-version.cmake\n'}
[2.817626] (dojo) StdoutLine: {'line': b'-- Up-to-date: /home/nathan/ros2_ws/install/dojo/share/dojo/package.xml\n'}
[2.821152] (dojo) CommandEnded: {'returncode': 0}
[2.832808] (articubot_one) StdoutLine: {'line': b'-- Up-to-date: /home/nathan/ros2_ws/install/articubot_one/share/articubot_one/config/my_controllers.yaml\n'}
[2.833203] (articubot_one) StdoutLine: {'line': b'-- Up-to-date: /home/nathan/ros2_ws/install/articubot_one/share/articubot_one/config/ball_tracker_params_sim.yaml\n'}
[2.833357] (articubot_one) StdoutLine: {'line': b'-- Up-to-date: /home/nathan/ros2_ws/install/articubot_one/share/articubot_one/config/main.rviz\n'}
[2.833493] (articubot_one) StdoutLine: {'line': b'-- Up-to-date: /home/nathan/ros2_ws/install/articubot_one/share/articubot_one/config/joystick.yaml\n'}
[2.833623] (articubot_one) StdoutLine: {'line': b'-- Up-to-date: /home/nathan/ros2_ws/install/articubot_one/share/articubot_one/config/map.rviz\n'}
[2.833750] (articubot_one) StdoutLine: {'line': b'-- Up-to-date: /home/nathan/ros2_ws/install/articubot_one/share/articubot_one/config/gazebo_params.yaml\n'}
[2.833875] (articubot_one) StdoutLine: {'line': b'-- Up-to-date: /home/nathan/ros2_ws/install/articubot_one/share/articubot_one/config/gaz_ros2_ctl_use_sim.yaml\n'}
[2.834000] (articubot_one) StdoutLine: {'line': b'-- Up-to-date: /home/nathan/ros2_ws/install/articubot_one/share/articubot_one/config/twist_mux.yaml\n'}
[2.834208] (articubot_one) StdoutLine: {'line': b'-- Up-to-date: /home/nathan/ros2_ws/install/articubot_one/share/articubot_one/config/empty.yaml\n'}
[2.834433] (articubot_one) StdoutLine: {'line': b'-- Up-to-date: /home/nathan/ros2_ws/install/articubot_one/share/articubot_one/config/drive_bot.rviz\n'}
[2.834565] (articubot_one) StdoutLine: {'line': b'-- Up-to-date: /home/nathan/ros2_ws/install/articubot_one/share/articubot_one/config/ball_tracker_params_robot.yaml\n'}
[2.834693] (articubot_one) StdoutLine: {'line': b'-- Up-to-date: /home/nathan/ros2_ws/install/articubot_one/share/articubot_one/config/mapper_params_online_async.yaml\n'}
[2.834818] (articubot_one) StdoutLine: {'line': b'-- Up-to-date: /home/nathan/ros2_ws/install/articubot_one/share/articubot_one/config/view_bot.rviz\n'}
[2.835071] (articubot_one) StdoutLine: {'line': b'-- Up-to-date: /home/nathan/ros2_ws/install/articubot_one/share/articubot_one/config/nav2_params.yaml\n'}
[2.835207] (articubot_one) StdoutLine: {'line': b'-- Up-to-date: /home/nathan/ros2_ws/install/articubot_one/share/articubot_one/description\n'}
[2.835346] (articubot_one) StdoutLine: {'line': b'-- Up-to-date: /home/nathan/ros2_ws/install/articubot_one/share/articubot_one/description/ros2_control.xacro\n'}
[2.835481] (articubot_one) StdoutLine: {'line': b'-- Up-to-date: /home/nathan/ros2_ws/install/articubot_one/share/articubot_one/description/camera.xacro\n'}
[2.835607] (articubot_one) StdoutLine: {'line': b'-- Up-to-date: /home/nathan/ros2_ws/install/articubot_one/share/articubot_one/description/lidar.xacro\n'}
[2.835732] (articubot_one) StdoutLine: {'line': b'-- Up-to-date: /home/nathan/ros2_ws/install/articubot_one/share/articubot_one/description/depth_camera.xacro\n'}
[2.835858] (articubot_one) StdoutLine: {'line': b'-- Up-to-date: /home/nathan/ros2_ws/install/articubot_one/share/articubot_one/description/face.xacro\n'}
[2.835983] (articubot_one) StdoutLine: {'line': b'-- Up-to-date: /home/nathan/ros2_ws/install/articubot_one/share/articubot_one/description/robot.urdf.xacro\n'}
[2.836190] (articubot_one) StdoutLine: {'line': b'-- Up-to-date: /home/nathan/ros2_ws/install/articubot_one/share/articubot_one/description/gazebo_control.xacro\n'}
[2.836290] (articubot_one) StdoutLine: {'line': b'-- Up-to-date: /home/nathan/ros2_ws/install/articubot_one/share/articubot_one/description/robot_core.xacro\n'}
[2.836377] (articubot_one) StdoutLine: {'line': b'-- Up-to-date: /home/nathan/ros2_ws/install/articubot_one/share/articubot_one/description/inertial_macros.xacro\n'}
[2.836535] (articubot_one) StdoutLine: {'line': b'-- Up-to-date: /home/nathan/ros2_ws/install/articubot_one/share/articubot_one/launch\n'}
[2.836739] (articubot_one) StdoutLine: {'line': b'-- Up-to-date: /home/nathan/ros2_ws/install/articubot_one/share/articubot_one/launch/joystick.launch.py\n'}
[2.836957] (articubot_one) StdoutLine: {'line': b'-- Up-to-date: /home/nathan/ros2_ws/install/articubot_one/share/articubot_one/launch/rplidar.launch.py\n'}
[2.837176] (articubot_one) StdoutLine: {'line': b'-- Up-to-date: /home/nathan/ros2_ws/install/articubot_one/share/articubot_one/launch/navigation_launch.py\n'}
[2.837346] (articubot_one) StdoutLine: {'line': b'-- Up-to-date: /home/nathan/ros2_ws/install/articubot_one/share/articubot_one/launch/camera.launch.py\n'}
[2.837509] (articubot_one) StdoutLine: {'line': b'-- Up-to-date: /home/nathan/ros2_ws/install/articubot_one/share/articubot_one/launch/rsp.launch.py\n'}
[2.837673] (articubot_one) StdoutLine: {'line': b'-- Up-to-date: /home/nathan/ros2_ws/install/articubot_one/share/articubot_one/launch/launch_robot.launch.py\n'}
[2.837834] (articubot_one) StdoutLine: {'line': b'-- Up-to-date: /home/nathan/ros2_ws/install/articubot_one/share/articubot_one/launch/launch_sim.launch.py\n'}
[2.837995] (articubot_one) StdoutLine: {'line': b'-- Up-to-date: /home/nathan/ros2_ws/install/articubot_one/share/articubot_one/launch/online_async_launch.py\n'}
[2.838185] (articubot_one) StdoutLine: {'line': b'-- Up-to-date: /home/nathan/ros2_ws/install/articubot_one/share/articubot_one/launch/ball_tracker.launch.py\n'}
[2.838359] (articubot_one) StdoutLine: {'line': b'-- Up-to-date: /home/nathan/ros2_ws/install/articubot_one/share/articubot_one/launch/localization_launch.py\n'}
[2.838494] (articubot_one) StdoutLine: {'line': b'-- Up-to-date: /home/nathan/ros2_ws/install/articubot_one/share/articubot_one/worlds\n'}
[2.838642] (articubot_one) StdoutLine: {'line': b'-- Up-to-date: /home/nathan/ros2_ws/install/articubot_one/share/articubot_one/worlds/obstacles.world\n'}
[2.838741] (articubot_one) StdoutLine: {'line': b'-- Up-to-date: /home/nathan/ros2_ws/install/articubot_one/share/articubot_one/worlds/empty.world\n'}
[2.838834] (articubot_one) StdoutLine: {'line': b'-- Up-to-date: /home/nathan/ros2_ws/install/articubot_one/share/ament_index/resource_index/package_run_dependencies/articubot_one\n'}
[2.888677] (articubot_one) StdoutLine: {'line': b'-- Up-to-date: /home/nathan/ros2_ws/install/articubot_one/share/ament_index/resource_index/parent_prefix_path/articubot_one\n'}
[2.889856] (articubot_one) StdoutLine: {'line': b'-- Up-to-date: /home/nathan/ros2_ws/install/articubot_one/share/articubot_one/environment/ament_prefix_path.sh\n'}
[2.890530] (articubot_one) StdoutLine: {'line': b'-- Up-to-date: /home/nathan/ros2_ws/install/articubot_one/share/articubot_one/environment/ament_prefix_path.dsv\n'}
[2.891127] (articubot_one) StdoutLine: {'line': b'-- Up-to-date: /home/nathan/ros2_ws/install/articubot_one/share/articubot_one/environment/path.sh\n'}
[2.892035] (articubot_one) StdoutLine: {'line': b'-- Up-to-date: /home/nathan/ros2_ws/install/articubot_one/share/articubot_one/environment/path.dsv\n'}
[2.892513] (articubot_one) StdoutLine: {'line': b'-- Up-to-date: /home/nathan/ros2_ws/install/articubot_one/share/articubot_one/local_setup.bash\n'}
[2.892774] (articubot_one) StdoutLine: {'line': b'-- Up-to-date: /home/nathan/ros2_ws/install/articubot_one/share/articubot_one/local_setup.sh\n'}
[2.893008] (articubot_one) StdoutLine: {'line': b'-- Up-to-date: /home/nathan/ros2_ws/install/articubot_one/share/articubot_one/local_setup.zsh\n'}
[2.893309] (articubot_one) StdoutLine: {'line': b'-- Up-to-date: /home/nathan/ros2_ws/install/articubot_one/share/articubot_one/local_setup.dsv\n'}
[2.893548] (articubot_one) StdoutLine: {'line': b'-- Installing: /home/nathan/ros2_ws/install/articubot_one/share/articubot_one/package.dsv\n'}
[2.909176] (-) TimerEvent: {}
[3.009847] (-) TimerEvent: {}
[3.110628] (-) TimerEvent: {}
[3.167918] (articubot_one) StdoutLine: {'line': b'-- Up-to-date: /home/nathan/ros2_ws/install/articubot_one/share/ament_index/resource_index/packages/articubot_one\n'}
[3.169059] (articubot_one) StdoutLine: {'line': b'-- Up-to-date: /home/nathan/ros2_ws/install/articubot_one/share/articubot_one/cmake/articubot_oneConfig.cmake\n'}
[3.169622] (articubot_one) StdoutLine: {'line': b'-- Up-to-date: /home/nathan/ros2_ws/install/articubot_one/share/articubot_one/cmake/articubot_oneConfig-version.cmake\n'}
[3.170416] (articubot_one) StdoutLine: {'line': b'-- Up-to-date: /home/nathan/ros2_ws/install/articubot_one/share/articubot_one/package.xml\n'}
[3.210816] (-) TimerEvent: {}
[3.311626] (-) TimerEvent: {}
[3.412760] (-) TimerEvent: {}
[3.513675] (-) TimerEvent: {}
[3.560645] (dojo) JobEnded: {'identifier': 'dojo', 'rc': 0}
[3.565260] (ppp_bot) JobStarted: {'identifier': 'ppp_bot'}
[3.613912] (-) TimerEvent: {}
[3.631496] (articubot_one) CommandEnded: {'returncode': 0}
[3.648591] (articubot_one) JobEnded: {'identifier': 'articubot_one', 'rc': 0}
[3.651489] (rdj2025_potato_disease_detection) JobStarted: {'identifier': 'rdj2025_potato_disease_detection'}
[3.714197] (-) TimerEvent: {}
[3.721282] (ppp_bot) JobProgress: {'identifier': 'ppp_bot', 'progress': 'cmake'}
[3.780525] (ppp_bot) JobProgress: {'identifier': 'ppp_bot', 'progress': 'build'}
[3.783131] (ppp_bot) Command: {'cmd': ['/usr/bin/cmake', '--build', '/home/nathan/ros2_ws/build/ppp_bot', '--', '-j4', '-l4'], 'cwd': '/home/nathan/ros2_ws/build/ppp_bot', 'env': OrderedDict([('LESSOPEN', '| /usr/bin/lesspipe %s'), ('USER', 'nathan'), ('LC_TIME', 'sw_KE'), ('XDG_SESSION_TYPE', 'wayland'), ('SHLVL', '1'), ('LD_LIBRARY_PATH', '/home/nathan/ros2_ws/install/diffdrive_arduino/lib:/usr/lib/x86_64-linux-gnu/gazebo-11/plugins:/opt/ros/humble/opt/rviz_ogre_vendor/lib:/opt/ros/humble/lib/x86_64-linux-gnu:/opt/ros/humble/lib'), ('HOME', '/home/nathan'), ('DESKTOP_SESSION', 'ubuntu'), ('ROS_PYTHON_VERSION', '3'), ('GNOME_SHELL_SESSION_MODE', 'ubuntu'), ('GTK_MODULES', 'gail:atk-bridge'), ('LC_MONETARY', 'sw_KE'), ('SYSTEMD_EXEC_PID', '2216'), ('DBUS_SESSION_BUS_ADDRESS', 'unix:path=/run/user/1000/bus'), ('COLORTERM', 'truecolor'), ('IM_CONFIG_PHASE', '1'), ('WAYLAND_DISPLAY', 'wayland-0'), ('COLCON_PREFIX_PATH', '/home/nathan/ros2_ws/install'), ('ROS_DISTRO', 'humble'), ('LOGNAME', 'nathan'), ('_', '/usr/bin/colcon'), ('ROS_VERSION', '2'), ('XDG_SESSION_CLASS', 'user'), ('USERNAME', 'nathan'), ('TERM', 'xterm-256color'), ('GNOME_DESKTOP_SESSION_ID', 'this-is-deprecated'), ('ROS_LOCALHOST_ONLY', '0'), ('PATH', '/opt/ros/humble/bin:/home/nathan/.local/bin:/usr/local/sbin:/usr/local/bin:/usr/sbin:/usr/bin:/sbin:/bin:/usr/games:/usr/local/games:/snap/bin:/snap/bin'), ('SESSION_MANAGER', 'local/nathan:@/tmp/.ICE-unix/1608,unix/nathan:/tmp/.ICE-unix/1608'), ('XDG_MENU_PREFIX', 'gnome-'), ('LC_ADDRESS', 'sw_KE'), ('GNOME_TERMINAL_SCREEN', '/org/gnome/Terminal/screen/f43f43bd_8ad9_43d2_9f03_8bc19e6f4d4f'), ('GNOME_SETUP_DISPLAY', ':1'), ('XDG_RUNTIME_DIR', '/run/user/1000'), ('DISPLAY', ':0'), ('LANG', 'en_US.UTF-8'), ('XDG_CURRENT_DESKTOP', 'ubuntu:GNOME'), ('LC_TELEPHONE', 'sw_KE'), ('XMODIFIERS', '@im=ibus'), ('XDG_SESSION_DESKTOP', 'ubuntu'), ('XAUTHORITY', '/run/user/1000/.mutter-Xwaylandauth.7M6OD3'), ('LS_COLORS', 'rs=0:di=01;34:ln=01;36:mh=00:pi=40;33:so=01;35:do=01;35:bd=40;33;01:cd=40;33;01:or=40;31;01:mi=00:su=37;41:sg=30;43:ca=30;41:tw=30;42:ow=34;42:st=37;44:ex=01;32:*.tar=01;31:*.tgz=01;31:*.arc=01;31:*.arj=01;31:*.taz=01;31:*.lha=01;31:*.lz4=01;31:*.lzh=01;31:*.lzma=01;31:*.tlz=01;31:*.txz=01;31:*.tzo=01;31:*.t7z=01;31:*.zip=01;31:*.z=01;31:*.dz=01;31:*.gz=01;31:*.lrz=01;31:*.lz=01;31:*.lzo=01;31:*.xz=01;31:*.zst=01;31:*.tzst=01;31:*.bz2=01;31:*.bz=01;31:*.tbz=01;31:*.tbz2=01;31:*.tz=01;31:*.deb=01;31:*.rpm=01;31:*.jar=01;31:*.war=01;31:*.ear=01;31:*.sar=01;31:*.rar=01;31:*.alz=01;31:*.ace=01;31:*.zoo=01;31:*.cpio=01;31:*.7z=01;31:*.rz=01;31:*.cab=01;31:*.wim=01;31:*.swm=01;31:*.dwm=01;31:*.esd=01;31:*.jpg=01;35:*.jpeg=01;35:*.mjpg=01;35:*.mjpeg=01;35:*.gif=01;35:*.bmp=01;35:*.pbm=01;35:*.pgm=01;35:*.ppm=01;35:*.tga=01;35:*.xbm=01;35:*.xpm=01;35:*.tif=01;35:*.tiff=01;35:*.png=01;35:*.svg=01;35:*.svgz=01;35:*.mng=01;35:*.pcx=01;35:*.mov=01;35:*.mpg=01;35:*.mpeg=01;35:*.m2v=01;35:*.mkv=01;35:*.webm=01;35:*.webp=01;35:*.ogm=01;35:*.mp4=01;35:*.m4v=01;35:*.mp4v=01;35:*.vob=01;35:*.qt=01;35:*.nuv=01;35:*.wmv=01;35:*.asf=01;35:*.rm=01;35:*.rmvb=01;35:*.flc=01;35:*.avi=01;35:*.fli=01;35:*.flv=01;35:*.gl=01;35:*.dl=01;35:*.xcf=01;35:*.xwd=01;35:*.yuv=01;35:*.cgm=01;35:*.emf=01;35:*.ogv=01;35:*.ogx=01;35:*.aac=00;36:*.au=00;36:*.flac=00;36:*.m4a=00;36:*.mid=00;36:*.midi=00;36:*.mka=00;36:*.mp3=00;36:*.mpc=00;36:*.ogg=00;36:*.ra=00;36:*.wav=00;36:*.oga=00;36:*.opus=00;36:*.spx=00;36:*.xspf=00;36:'), ('GNOME_TERMINAL_SERVICE', ':1.96'), ('SSH_AGENT_LAUNCHER', 'gnome-keyring'), ('SSH_AUTH_SOCK', '/run/user/1000/keyring/ssh'), ('AMENT_PREFIX_PATH', '/home/nathan/ros2_ws/install/sllidar_ros2:/home/nathan/ros2_ws/install/rdj2025_potato_disease_detection:/home/nathan/ros2_ws/install/ppp_bot:/home/nathan/ros2_ws/install/joy_tester:/home/nathan/ros2_ws/install/dojo:/home/nathan/ros2_ws/install/diffdrive_arduino:/home/nathan/ros2_ws/install/articubot_one:/opt/ros/humble'), ('SHELL', '/bin/bash'), ('LC_NAME', 'sw_KE'), ('QT_ACCESSIBILITY', '1'), ('GDMSESSION', 'ubuntu'), ('LESSCLOSE', '/usr/bin/lesspipe %s %s'), ('LC_MEASUREMENT', 'sw_KE'), ('LC_IDENTIFICATION', 'sw_KE'), ('QT_IM_MODULE', 'ibus'), ('PWD', '/home/nathan/ros2_ws/build/ppp_bot'), ('XDG_CONFIG_DIRS', '/etc/xdg/xdg-ubuntu:/etc/xdg'), ('XDG_DATA_DIRS', '/usr/share/ubuntu:/usr/local/share/:/usr/share/:/var/lib/snapd/desktop'), ('PYTHONPATH', '/home/nathan/ros2_ws/install/rdj2025_potato_disease_detection/lib/python3.10/site-packages:/home/nathan/ros2_ws/install/joy_tester/lib/python3.10/site-packages:/opt/ros/humble/lib/python3.10/site-packages:/opt/ros/humble/local/lib/python3.10/dist-packages'), ('LC_NUMERIC', 'sw_KE'), ('LC_PAPER', 'sw_KE'), ('COLCON', '1'), ('VTE_VERSION', '6800'), ('CMAKE_PREFIX_PATH', '/home/nathan/ros2_ws/install/sllidar_ros2:/home/nathan/ros2_ws/install/ppp_bot:/home/nathan/ros2_ws/install/dojo:/home/nathan/ros2_ws/install/diffdrive_arduino:/home/nathan/ros2_ws/install/articubot_one:/home/nathan/ros2_ws/install/rdj2025_potato_disease_detection:/home/nathan/ros2_ws/install/joy_tester:/opt/ros/humble')]), 'shell': False}
[3.814282] (-) TimerEvent: {}
[3.914587] (-) TimerEvent: {}
[4.014890] (-) TimerEvent: {}
[4.115221] (-) TimerEvent: {}
[4.163486] (ppp_bot) CommandEnded: {'returncode': 0}
[4.215304] (-) TimerEvent: {}
[4.227281] (ppp_bot) JobProgress: {'identifier': 'ppp_bot', 'progress': 'install'}
[4.228245] (ppp_bot) Command: {'cmd': ['/usr/bin/cmake', '--install', '/home/nathan/ros2_ws/build/ppp_bot'], 'cwd': '/home/nathan/ros2_ws/build/ppp_bot', 'env': OrderedDict([('LESSOPEN', '| /usr/bin/lesspipe %s'), ('USER', 'nathan'), ('LC_TIME', 'sw_KE'), ('XDG_SESSION_TYPE', 'wayland'), ('SHLVL', '1'), ('LD_LIBRARY_PATH', '/home/nathan/ros2_ws/install/diffdrive_arduino/lib:/usr/lib/x86_64-linux-gnu/gazebo-11/plugins:/opt/ros/humble/opt/rviz_ogre_vendor/lib:/opt/ros/humble/lib/x86_64-linux-gnu:/opt/ros/humble/lib'), ('HOME', '/home/nathan'), ('DESKTOP_SESSION', 'ubuntu'), ('ROS_PYTHON_VERSION', '3'), ('GNOME_SHELL_SESSION_MODE', 'ubuntu'), ('GTK_MODULES', 'gail:atk-bridge'), ('LC_MONETARY', 'sw_KE'), ('SYSTEMD_EXEC_PID', '2216'), ('DBUS_SESSION_BUS_ADDRESS', 'unix:path=/run/user/1000/bus'), ('COLORTERM', 'truecolor'), ('IM_CONFIG_PHASE', '1'), ('WAYLAND_DISPLAY', 'wayland-0'), ('COLCON_PREFIX_PATH', '/home/nathan/ros2_ws/install'), ('ROS_DISTRO', 'humble'), ('LOGNAME', 'nathan'), ('_', '/usr/bin/colcon'), ('ROS_VERSION', '2'), ('XDG_SESSION_CLASS', 'user'), ('USERNAME', 'nathan'), ('TERM', 'xterm-256color'), ('GNOME_DESKTOP_SESSION_ID', 'this-is-deprecated'), ('ROS_LOCALHOST_ONLY', '0'), ('PATH', '/opt/ros/humble/bin:/home/nathan/.local/bin:/usr/local/sbin:/usr/local/bin:/usr/sbin:/usr/bin:/sbin:/bin:/usr/games:/usr/local/games:/snap/bin:/snap/bin'), ('SESSION_MANAGER', 'local/nathan:@/tmp/.ICE-unix/1608,unix/nathan:/tmp/.ICE-unix/1608'), ('XDG_MENU_PREFIX', 'gnome-'), ('LC_ADDRESS', 'sw_KE'), ('GNOME_TERMINAL_SCREEN', '/org/gnome/Terminal/screen/f43f43bd_8ad9_43d2_9f03_8bc19e6f4d4f'), ('GNOME_SETUP_DISPLAY', ':1'), ('XDG_RUNTIME_DIR', '/run/user/1000'), ('DISPLAY', ':0'), ('LANG', 'en_US.UTF-8'), ('XDG_CURRENT_DESKTOP', 'ubuntu:GNOME'), ('LC_TELEPHONE', 'sw_KE'), ('XMODIFIERS', '@im=ibus'), ('XDG_SESSION_DESKTOP', 'ubuntu'), ('XAUTHORITY', '/run/user/1000/.mutter-Xwaylandauth.7M6OD3'), ('LS_COLORS', 'rs=0:di=01;34:ln=01;36:mh=00:pi=40;33:so=01;35:do=01;35:bd=40;33;01:cd=40;33;01:or=40;31;01:mi=00:su=37;41:sg=30;43:ca=30;41:tw=30;42:ow=34;42:st=37;44:ex=01;32:*.tar=01;31:*.tgz=01;31:*.arc=01;31:*.arj=01;31:*.taz=01;31:*.lha=01;31:*.lz4=01;31:*.lzh=01;31:*.lzma=01;31:*.tlz=01;31:*.txz=01;31:*.tzo=01;31:*.t7z=01;31:*.zip=01;31:*.z=01;31:*.dz=01;31:*.gz=01;31:*.lrz=01;31:*.lz=01;31:*.lzo=01;31:*.xz=01;31:*.zst=01;31:*.tzst=01;31:*.bz2=01;31:*.bz=01;31:*.tbz=01;31:*.tbz2=01;31:*.tz=01;31:*.deb=01;31:*.rpm=01;31:*.jar=01;31:*.war=01;31:*.ear=01;31:*.sar=01;31:*.rar=01;31:*.alz=01;31:*.ace=01;31:*.zoo=01;31:*.cpio=01;31:*.7z=01;31:*.rz=01;31:*.cab=01;31:*.wim=01;31:*.swm=01;31:*.dwm=01;31:*.esd=01;31:*.jpg=01;35:*.jpeg=01;35:*.mjpg=01;35:*.mjpeg=01;35:*.gif=01;35:*.bmp=01;35:*.pbm=01;35:*.pgm=01;35:*.ppm=01;35:*.tga=01;35:*.xbm=01;35:*.xpm=01;35:*.tif=01;35:*.tiff=01;35:*.png=01;35:*.svg=01;35:*.svgz=01;35:*.mng=01;35:*.pcx=01;35:*.mov=01;35:*.mpg=01;35:*.mpeg=01;35:*.m2v=01;35:*.mkv=01;35:*.webm=01;35:*.webp=01;35:*.ogm=01;35:*.mp4=01;35:*.m4v=01;35:*.mp4v=01;35:*.vob=01;35:*.qt=01;35:*.nuv=01;35:*.wmv=01;35:*.asf=01;35:*.rm=01;35:*.rmvb=01;35:*.flc=01;35:*.avi=01;35:*.fli=01;35:*.flv=01;35:*.gl=01;35:*.dl=01;35:*.xcf=01;35:*.xwd=01;35:*.yuv=01;35:*.cgm=01;35:*.emf=01;35:*.ogv=01;35:*.ogx=01;35:*.aac=00;36:*.au=00;36:*.flac=00;36:*.m4a=00;36:*.mid=00;36:*.midi=00;36:*.mka=00;36:*.mp3=00;36:*.mpc=00;36:*.ogg=00;36:*.ra=00;36:*.wav=00;36:*.oga=00;36:*.opus=00;36:*.spx=00;36:*.xspf=00;36:'), ('GNOME_TERMINAL_SERVICE', ':1.96'), ('SSH_AGENT_LAUNCHER', 'gnome-keyring'), ('SSH_AUTH_SOCK', '/run/user/1000/keyring/ssh'), ('AMENT_PREFIX_PATH', '/home/nathan/ros2_ws/install/sllidar_ros2:/home/nathan/ros2_ws/install/rdj2025_potato_disease_detection:/home/nathan/ros2_ws/install/ppp_bot:/home/nathan/ros2_ws/install/joy_tester:/home/nathan/ros2_ws/install/dojo:/home/nathan/ros2_ws/install/diffdrive_arduino:/home/nathan/ros2_ws/install/articubot_one:/opt/ros/humble'), ('SHELL', '/bin/bash'), ('LC_NAME', 'sw_KE'), ('QT_ACCESSIBILITY', '1'), ('GDMSESSION', 'ubuntu'), ('LESSCLOSE', '/usr/bin/lesspipe %s %s'), ('LC_MEASUREMENT', 'sw_KE'), ('LC_IDENTIFICATION', 'sw_KE'), ('QT_IM_MODULE', 'ibus'), ('PWD', '/home/nathan/ros2_ws/build/ppp_bot'), ('XDG_CONFIG_DIRS', '/etc/xdg/xdg-ubuntu:/etc/xdg'), ('XDG_DATA_DIRS', '/usr/share/ubuntu:/usr/local/share/:/usr/share/:/var/lib/snapd/desktop'), ('PYTHONPATH', '/home/nathan/ros2_ws/install/rdj2025_potato_disease_detection/lib/python3.10/site-packages:/home/nathan/ros2_ws/install/joy_tester/lib/python3.10/site-packages:/opt/ros/humble/lib/python3.10/site-packages:/opt/ros/humble/local/lib/python3.10/dist-packages'), ('LC_NUMERIC', 'sw_KE'), ('LC_PAPER', 'sw_KE'), ('COLCON', '1'), ('VTE_VERSION', '6800'), ('CMAKE_PREFIX_PATH', '/home/nathan/ros2_ws/install/sllidar_ros2:/home/nathan/ros2_ws/install/ppp_bot:/home/nathan/ros2_ws/install/dojo:/home/nathan/ros2_ws/install/diffdrive_arduino:/home/nathan/ros2_ws/install/articubot_one:/home/nathan/ros2_ws/install/rdj2025_potato_disease_detection:/home/nathan/ros2_ws/install/joy_tester:/opt/ros/humble')]), 'shell': False}
[4.271079] (ppp_bot) StdoutLine: {'line': b'-- Install configuration: ""\n'}
[4.271493] (ppp_bot) StdoutLine: {'line': b'-- Up-to-date: /home/nathan/ros2_ws/install/ppp_bot/share/ppp_bot//description\n'}
[4.315412] (-) TimerEvent: {}
[4.326714] (ppp_bot) StdoutLine: {'line': b'-- Up-to-date: /home/nathan/ros2_ws/install/ppp_bot/share/ppp_bot//description/ros2_control.xacro\n'}
[4.327172] (ppp_bot) StdoutLine: {'line': b'-- Up-to-date: /home/nathan/ros2_ws/install/ppp_bot/share/ppp_bot//description/camera.xacro\n'}
[4.327368] (ppp_bot) StdoutLine: {'line': b'-- Up-to-date: /home/nathan/ros2_ws/install/ppp_bot/share/ppp_bot//description/ignition_control.xacro\n'}
[4.327527] (ppp_bot) StdoutLine: {'line': b'-- Up-to-date: /home/nathan/ros2_ws/install/ppp_bot/share/ppp_bot//description/lidar.xacro\n'}
[4.327673] (ppp_bot) StdoutLine: {'line': b'-- Up-to-date: /home/nathan/ros2_ws/install/ppp_bot/share/ppp_bot//description/depth_camera.xacro\n'}
[4.327818] (ppp_bot) StdoutLine: {'line': b'-- Up-to-date: /home/nathan/ros2_ws/install/ppp_bot/share/ppp_bot//description/robot.urdf.xacro\n'}
[4.328022] (ppp_bot) StdoutLine: {'line': b'-- Up-to-date: /home/nathan/ros2_ws/install/ppp_bot/share/ppp_bot//description/materials.xacro\n'}
[4.328175] (ppp_bot) StdoutLine: {'line': b'-- Up-to-date: /home/nathan/ros2_ws/install/ppp_bot/share/ppp_bot//description/robot_core.xacro\n'}
[4.328292] (ppp_bot) StdoutLine: {'line': b'-- Up-to-date: /home/nathan/ros2_ws/install/ppp_bot/share/ppp_bot//description/inertial_macros.xacro\n'}
[4.328397] (ppp_bot) StdoutLine: {'line': b'-- Up-to-date: /home/nathan/ros2_ws/install/ppp_bot/share/ppp_bot//launch\n'}
[4.328505] (ppp_bot) StdoutLine: {'line': b'-- Up-to-date: /home/nathan/ros2_ws/install/ppp_bot/share/ppp_bot//launch/joystick.launch.py\n'}
[4.328610] (ppp_bot) StdoutLine: {'line': b'-- Up-to-date: /home/nathan/ros2_ws/install/ppp_bot/share/ppp_bot//launch/teleop_sim.launch.py\n'}
[4.328714] (ppp_bot) StdoutLine: {'line': b'-- Up-to-date: /home/nathan/ros2_ws/install/ppp_bot/share/ppp_bot//launch/navigation.launch.py\n'}
[4.328824] (ppp_bot) StdoutLine: {'line': b'-- Up-to-date: /home/nathan/ros2_ws/install/ppp_bot/share/ppp_bot//launch/rsp.launch.py\n'}
[4.328940] (ppp_bot) StdoutLine: {'line': b'-- Up-to-date: /home/nathan/ros2_ws/install/ppp_bot/share/ppp_bot//launch/online_async.launch.py\n'}
[4.329075] (ppp_bot) StdoutLine: {'line': b'-- Up-to-date: /home/nathan/ros2_ws/install/ppp_bot/share/ppp_bot//launch/launch_ign.launch.py\n'}
[4.329218] (ppp_bot) StdoutLine: {'line': b'-- Up-to-date: /home/nathan/ros2_ws/install/ppp_bot/share/ppp_bot//launch/localization.launch.py\n'}
[4.329361] (ppp_bot) StdoutLine: {'line': b'-- Up-to-date: /home/nathan/ros2_ws/install/ppp_bot/share/ppp_bot//launch/keyboard.launch.py\n'}
[4.329472] (ppp_bot) StdoutLine: {'line': b'-- Up-to-date: /home/nathan/ros2_ws/install/ppp_bot/share/ppp_bot//launch/launch_sim.launch.py\n'}
[4.329576] (ppp_bot) StdoutLine: {'line': b'-- Up-to-date: /home/nathan/ros2_ws/install/ppp_bot/share/ppp_bot//launch/legacy_launch_sim.launch.py\n'}
[4.329704] (ppp_bot) StdoutLine: {'line': b'-- Up-to-date: /home/nathan/ros2_ws/install/ppp_bot/share/ppp_bot//worlds\n'}
[4.370218] (ppp_bot) StdoutLine: {'line': b'-- Up-to-date: /home/nathan/ros2_ws/install/ppp_bot/share/ppp_bot//worlds/room_with_cones.sdf\n'}
[4.370477] (ppp_bot) StdoutLine: {'line': b'-- Up-to-date: /home/nathan/ros2_ws/install/ppp_bot/share/ppp_bot//worlds/simple_room.sdf\n'}
[4.370643] (ppp_bot) StdoutLine: {'line': b'-- Up-to-date: /home/nathan/ros2_ws/install/ppp_bot/share/ppp_bot//worlds/barrels.sdf\n'}
[4.370793] (ppp_bot) StdoutLine: {'line': b'-- Up-to-date: /home/nathan/ros2_ws/install/ppp_bot/share/ppp_bot//worlds/cones.sdf\n'}
[4.370941] (ppp_bot) StdoutLine: {'line': b'-- Up-to-date: /home/nathan/ros2_ws/install/ppp_bot/share/ppp_bot//worlds/empty.sdf\n'}
[4.371166] (ppp_bot) StdoutLine: {'line': b'-- Up-to-date: /home/nathan/ros2_ws/install/ppp_bot/share/ppp_bot//worlds/moving_robot.sdf\n'}
[4.371325] (ppp_bot) StdoutLine: {'line': b'-- Up-to-date: /home/nathan/ros2_ws/install/ppp_bot/share/ppp_bot//worlds/cones2.sdf\n'}
[4.371467] (ppp_bot) StdoutLine: {'line': b'-- Up-to-date: /home/nathan/ros2_ws/install/ppp_bot/share/ppp_bot//worlds/maze.sdf\n'}
[4.371607] (ppp_bot) StdoutLine: {'line': b'-- Up-to-date: /home/nathan/ros2_ws/install/ppp_bot/share/ppp_bot//worlds/room.sdf\n'}
[4.371742] (ppp_bot) StdoutLine: {'line': b'-- Up-to-date: /home/nathan/ros2_ws/install/ppp_bot/share/ppp_bot//config\n'}
[4.413716] (ppp_bot) StdoutLine: {'line': b'-- Up-to-date: /home/nathan/ros2_ws/install/ppp_bot/share/ppp_bot//config/my_controllers.yaml\n'}
[4.414088] (ppp_bot) StdoutLine: {'line': b'-- Up-to-date: /home/nathan/ros2_ws/install/ppp_bot/share/ppp_bot//config/default.rviz\n'}
[4.414236] (ppp_bot) StdoutLine: {'line': b'-- Up-to-date: /home/nathan/ros2_ws/install/ppp_bot/share/ppp_bot//config/joystick.yaml\n'}
[4.414362] (ppp_bot) StdoutLine: {'line': b'-- Up-to-date: /home/nathan/ros2_ws/install/ppp_bot/share/ppp_bot//config/twist_mux.yaml\n'}
[4.414483] (ppp_bot) StdoutLine: {'line': b'-- Up-to-date: /home/nathan/ros2_ws/install/ppp_bot/share/ppp_bot//config/mapper_params_online_async.yaml\n'}
[4.414603] (ppp_bot) StdoutLine: {'line': b'-- Up-to-date: /home/nathan/ros2_ws/install/ppp_bot/share/ppp_bot//config/nav2_params.yaml\n'}
[4.414720] (ppp_bot) StdoutLine: {'line': b'-- Up-to-date: /home/nathan/ros2_ws/install/ppp_bot/share/ppp_bot//models\n'}
[4.415481] (-) TimerEvent: {}
[4.481804] (ppp_bot) StdoutLine: {'line': b'-- Up-to-date: /home/nathan/ros2_ws/install/ppp_bot/share/ppp_bot//models/construction_barrel\n'}
[4.482558] (ppp_bot) StdoutLine: {'line': b'-- Up-to-date: /home/nathan/ros2_ws/install/ppp_bot/share/ppp_bot//models/construction_barrel/meshes\n'}
[4.515597] (-) TimerEvent: {}
[4.524828] (ppp_bot) StdoutLine: {'line': b'-- Up-to-date: /home/nathan/ros2_ws/install/ppp_bot/share/ppp_bot//models/construction_barrel/meshes/construction_barrel.dae\n'}
[4.525291] (ppp_bot) StdoutLine: {'line': b'-- Up-to-date: /home/nathan/ros2_ws/install/ppp_bot/share/ppp_bot//models/construction_barrel/thumbnails\n'}
[4.525554] (ppp_bot) StdoutLine: {'line': b'-- Up-to-date: /home/nathan/ros2_ws/install/ppp_bot/share/ppp_bot//models/construction_barrel/thumbnails/3.png\n'}
[4.525768] (ppp_bot) StdoutLine: {'line': b'-- Up-to-date: /home/nathan/ros2_ws/install/ppp_bot/share/ppp_bot//models/construction_barrel/thumbnails/1.png\n'}
[4.525941] (ppp_bot) StdoutLine: {'line': b'-- Up-to-date: /home/nathan/ros2_ws/install/ppp_bot/share/ppp_bot//models/construction_barrel/thumbnails/5.png\n'}
[4.526024] (ppp_bot) StdoutLine: {'line': b'-- Up-to-date: /home/nathan/ros2_ws/install/ppp_bot/share/ppp_bot//models/construction_barrel/thumbnails/4.png\n'}
[4.526196] (ppp_bot) StdoutLine: {'line': b'-- Up-to-date: /home/nathan/ros2_ws/install/ppp_bot/share/ppp_bot//models/construction_barrel/thumbnails/2.png\n'}
[4.526328] (ppp_bot) StdoutLine: {'line': b'-- Up-to-date: /home/nathan/ros2_ws/install/ppp_bot/share/ppp_bot//models/construction_barrel/model.config\n'}
[4.526457] (ppp_bot) StdoutLine: {'line': b'-- Up-to-date: /home/nathan/ros2_ws/install/ppp_bot/share/ppp_bot//models/construction_barrel/model.sdf\n'}
[4.526533] (ppp_bot) StdoutLine: {'line': b'-- Up-to-date: /home/nathan/ros2_ws/install/ppp_bot/share/ppp_bot//models/construction_barrel/materials\n'}
[4.526600] (ppp_bot) StdoutLine: {'line': b'-- Up-to-date: /home/nathan/ros2_ws/install/ppp_bot/share/ppp_bot//models/construction_barrel/materials/textures\n'}
[4.581672] (ppp_bot) StdoutLine: {'line': b'-- Up-to-date: /home/nathan/ros2_ws/install/ppp_bot/share/ppp_bot//models/construction_barrel/materials/textures/Construction_Barrel_Diffuse.png\n'}
[4.581968] (ppp_bot) StdoutLine: {'line': b'-- Up-to-date: /home/nathan/ros2_ws/install/ppp_bot/share/ppp_bot//models/construction_barrel/materials/textures/Construction_Barrel_Spec.png\n'}
[4.582092] (ppp_bot) StdoutLine: {'line': b'-- Up-to-date: /home/nathan/ros2_ws/install/ppp_bot/share/ppp_bot//models/construction_barrel/model-1_3.sdf\n'}
[4.582192] (ppp_bot) StdoutLine: {'line': b'-- Up-to-date: /home/nathan/ros2_ws/install/ppp_bot/share/ppp_bot//models/construction_barrel/model-1_4.sdf\n'}
[4.582277] (ppp_bot) StdoutLine: {'line': b'-- Up-to-date: /home/nathan/ros2_ws/install/ppp_bot/share/ppp_bot//models/construction_cone\n'}
[4.582462] (ppp_bot) StdoutLine: {'line': b'-- Up-to-date: /home/nathan/ros2_ws/install/ppp_bot/share/ppp_bot//models/construction_cone/meshes\n'}
[4.613781] (ppp_bot) StdoutLine: {'line': b'-- Up-to-date: /home/nathan/ros2_ws/install/ppp_bot/share/ppp_bot//models/construction_cone/meshes/construction_cone.dae\n'}
[4.614377] (ppp_bot) StdoutLine: {'line': b'-- Up-to-date: /home/nathan/ros2_ws/install/ppp_bot/share/ppp_bot//models/construction_cone/thumbnails\n'}
[4.614666] (ppp_bot) StdoutLine: {'line': b'-- Up-to-date: /home/nathan/ros2_ws/install/ppp_bot/share/ppp_bot//models/construction_cone/thumbnails/3.png\n'}
[4.614865] (ppp_bot) StdoutLine: {'line': b'-- Up-to-date: /home/nathan/ros2_ws/install/ppp_bot/share/ppp_bot//models/construction_cone/thumbnails/1.png\n'}
[4.615124] (ppp_bot) StdoutLine: {'line': b'-- Up-to-date: /home/nathan/ros2_ws/install/ppp_bot/share/ppp_bot//models/construction_cone/thumbnails/5.png\n'}
[4.615385] (ppp_bot) StdoutLine: {'line': b'-- Up-to-date: /home/nathan/ros2_ws/install/ppp_bot/share/ppp_bot//models/construction_cone/thumbnails/4.png\n'}
[4.615535] (ppp_bot) StdoutLine: {'line': b'-- Up-to-date: /home/nathan/ros2_ws/install/ppp_bot/share/ppp_bot//models/construction_cone/thumbnails/2.png\n'}
[4.615669] (-) TimerEvent: {}
[4.615916] (ppp_bot) StdoutLine: {'line': b'-- Up-to-date: /home/nathan/ros2_ws/install/ppp_bot/share/ppp_bot//models/construction_cone/model.config\n'}
[4.616123] (ppp_bot) StdoutLine: {'line': b'-- Up-to-date: /home/nathan/ros2_ws/install/ppp_bot/share/ppp_bot//models/construction_cone/model.sdf\n'}
[4.616290] (ppp_bot) StdoutLine: {'line': b'-- Up-to-date: /home/nathan/ros2_ws/install/ppp_bot/share/ppp_bot//models/construction_cone/materials\n'}
[4.714853] (ppp_bot) StdoutLine: {'line': b'-- Up-to-date: /home/nathan/ros2_ws/install/ppp_bot/share/ppp_bot//models/construction_cone/materials/textures\n'}
[4.715610] (ppp_bot) StdoutLine: {'line': b'-- Up-to-date: /home/nathan/ros2_ws/install/ppp_bot/share/ppp_bot//models/construction_cone/materials/textures/Construction_Cone_Diffuse.png\n'}
[4.716019] (-) TimerEvent: {}
[4.716383] (ppp_bot) StdoutLine: {'line': b'-- Up-to-date: /home/nathan/ros2_ws/install/ppp_bot/share/ppp_bot//models/construction_cone/model-1_3.sdf\n'}
[4.716604] (ppp_bot) StdoutLine: {'line': b'-- Up-to-date: /home/nathan/ros2_ws/install/ppp_bot/share/ppp_bot//models/construction_cone/model-1_4.sdf\n'}
[4.716802] (ppp_bot) StdoutLine: {'line': b'-- Up-to-date: /home/nathan/ros2_ws/install/ppp_bot/share/ppp_bot//models/maze\n'}
[4.716882] (ppp_bot) StdoutLine: {'line': b'-- Up-to-date: /home/nathan/ros2_ws/install/ppp_bot/share/ppp_bot//models/maze/model.config\n'}
[4.716955] (ppp_bot) StdoutLine: {'line': b'-- Up-to-date: /home/nathan/ros2_ws/install/ppp_bot/share/ppp_bot//models/maze/model.sdf\n'}
[4.717036] (ppp_bot) StdoutLine: {'line': b'-- Up-to-date: /home/nathan/ros2_ws/install/ppp_bot/share/ppp_bot//models/room\n'}
[4.717128] (ppp_bot) StdoutLine: {'line': b'-- Up-to-date: /home/nathan/ros2_ws/install/ppp_bot/share/ppp_bot//models/room/model.config\n'}
[4.717197] (ppp_bot) StdoutLine: {'line': b'-- Up-to-date: /home/nathan/ros2_ws/install/ppp_bot/share/ppp_bot//models/room/model.sdf\n'}
[4.717265] (ppp_bot) StdoutLine: {'line': b'-- Up-to-date: /home/nathan/ros2_ws/install/ppp_bot/share/ppp_bot//models/simple_room\n'}
[4.791173] (ppp_bot) StdoutLine: {'line': b'-- Up-to-date: /home/nathan/ros2_ws/install/ppp_bot/share/ppp_bot//models/simple_room/model.config\n'}
[4.791861] (ppp_bot) StdoutLine: {'line': b'-- Up-to-date: /home/nathan/ros2_ws/install/ppp_bot/share/ppp_bot//models/simple_room/model.sdf\n'}
[4.792193] (ppp_bot) StdoutLine: {'line': b'-- Up-to-date: /home/nathan/ros2_ws/install/ppp_bot/share/ppp_bot//maps\n'}
[4.816147] (-) TimerEvent: {}
[4.876396] (ppp_bot) StdoutLine: {'line': b'-- Up-to-date: /home/nathan/ros2_ws/install/ppp_bot/share/ppp_bot//maps/room_with_cones.pgm\n'}
[4.877772] (ppp_bot) StdoutLine: {'line': b'-- Up-to-date: /home/nathan/ros2_ws/install/ppp_bot/share/ppp_bot//maps/room.posegraph\n'}
[4.878835] (ppp_bot) StdoutLine: {'line': b'-- Up-to-date: /home/nathan/ros2_ws/install/ppp_bot/share/ppp_bot//maps/simple_room.data\n'}
[4.879901] (ppp_bot) StdoutLine: {'line': b'-- Up-to-date: /home/nathan/ros2_ws/install/ppp_bot/share/ppp_bot//maps/room.data\n'}
[4.880504] (ppp_bot) StdoutLine: {'line': b'-- Up-to-date: /home/nathan/ros2_ws/install/ppp_bot/share/ppp_bot//maps/cones.pgm\n'}
[4.881233] (ppp_bot) StdoutLine: {'line': b'-- Up-to-date: /home/nathan/ros2_ws/install/ppp_bot/share/ppp_bot//maps/baseline.yaml\n'}
[4.881560] (ppp_bot) StdoutLine: {'line': b'-- Up-to-date: /home/nathan/ros2_ws/install/ppp_bot/share/ppp_bot//maps/room_with_cones.yaml\n'}
[4.881811] (ppp_bot) StdoutLine: {'line': b'-- Up-to-date: /home/nathan/ros2_ws/install/ppp_bot/share/ppp_bot//maps/cones2.pgm\n'}
[4.882067] (ppp_bot) StdoutLine: {'line': b'-- Up-to-date: /home/nathan/ros2_ws/install/ppp_bot/share/ppp_bot//maps/simple_room.pgm\n'}
[4.882330] (ppp_bot) StdoutLine: {'line': b'-- Up-to-date: /home/nathan/ros2_ws/install/ppp_bot/share/ppp_bot//maps/maze.pgm\n'}
[4.882565] (ppp_bot) StdoutLine: {'line': b'-- Up-to-date: /home/nathan/ros2_ws/install/ppp_bot/share/ppp_bot//maps/simple_room.posegraph\n'}
[4.882795] (ppp_bot) StdoutLine: {'line': b'-- Up-to-date: /home/nathan/ros2_ws/install/ppp_bot/share/ppp_bot//maps/maze.yaml\n'}
[4.883022] (ppp_bot) StdoutLine: {'line': b'-- Up-to-date: /home/nathan/ros2_ws/install/ppp_bot/share/ppp_bot//maps/cones.yaml\n'}
[4.883293] (ppp_bot) StdoutLine: {'line': b'-- Up-to-date: /home/nathan/ros2_ws/install/ppp_bot/share/ppp_bot//maps/room.yaml\n'}
[4.883527] (ppp_bot) StdoutLine: {'line': b'-- Up-to-date: /home/nathan/ros2_ws/install/ppp_bot/share/ppp_bot//maps/cones2.yaml\n'}
[4.883750] (ppp_bot) StdoutLine: {'line': b'-- Up-to-date: /home/nathan/ros2_ws/install/ppp_bot/share/ppp_bot//maps/maze.data\n'}
[4.883972] (ppp_bot) StdoutLine: {'line': b'-- Up-to-date: /home/nathan/ros2_ws/install/ppp_bot/share/ppp_bot//maps/room_with_cones.posegraph\n'}
[4.884246] (ppp_bot) StdoutLine: {'line': b'-- Up-to-date: /home/nathan/ros2_ws/install/ppp_bot/share/ppp_bot//maps/cones.data\n'}
[4.884481] (ppp_bot) StdoutLine: {'line': b'-- Up-to-date: /home/nathan/ros2_ws/install/ppp_bot/share/ppp_bot//maps/room_with_cones.data\n'}
[4.884707] (ppp_bot) StdoutLine: {'line': b'-- Up-to-date: /home/nathan/ros2_ws/install/ppp_bot/share/ppp_bot//maps/simple_room.yaml\n'}
[4.884930] (ppp_bot) StdoutLine: {'line': b'-- Up-to-date: /home/nathan/ros2_ws/install/ppp_bot/share/ppp_bot//maps/baseline.pgm\n'}
[4.885185] (ppp_bot) StdoutLine: {'line': b'-- Up-to-date: /home/nathan/ros2_ws/install/ppp_bot/share/ppp_bot//maps/room.pgm\n'}
[4.885423] (ppp_bot) StdoutLine: {'line': b'-- Up-to-date: /home/nathan/ros2_ws/install/ppp_bot/share/ppp_bot//maps/cones.posegraph\n'}
[4.885678] (ppp_bot) StdoutLine: {'line': b'-- Up-to-date: /home/nathan/ros2_ws/install/ppp_bot/share/ppp_bot//maps/maze.posegraph\n'}
[4.885903] (ppp_bot) StdoutLine: {'line': b'-- Up-to-date: /home/nathan/ros2_ws/install/ppp_bot/share/ament_index/resource_index/package_run_dependencies/ppp_bot\n'}
[4.916446] (-) TimerEvent: {}
[5.017178] (-) TimerEvent: {}
[5.047481] (ppp_bot) StdoutLine: {'line': b'-- Up-to-date: /home/nathan/ros2_ws/install/ppp_bot/share/ament_index/resource_index/parent_prefix_path/ppp_bot\n'}
[5.048378] (ppp_bot) StdoutLine: {'line': b'-- Up-to-date: /home/nathan/ros2_ws/install/ppp_bot/share/ppp_bot/environment/ament_prefix_path.sh\n'}
[5.049094] (ppp_bot) StdoutLine: {'line': b'-- Up-to-date: /home/nathan/ros2_ws/install/ppp_bot/share/ppp_bot/environment/ament_prefix_path.dsv\n'}
[5.049651] (ppp_bot) StdoutLine: {'line': b'-- Up-to-date: /home/nathan/ros2_ws/install/ppp_bot/share/ppp_bot/environment/path.sh\n'}
[5.049962] (ppp_bot) StdoutLine: {'line': b'-- Up-to-date: /home/nathan/ros2_ws/install/ppp_bot/share/ppp_bot/environment/path.dsv\n'}
[5.050302] (ppp_bot) StdoutLine: {'line': b'-- Up-to-date: /home/nathan/ros2_ws/install/ppp_bot/share/ppp_bot/local_setup.bash\n'}
[5.050570] (ppp_bot) StdoutLine: {'line': b'-- Up-to-date: /home/nathan/ros2_ws/install/ppp_bot/share/ppp_bot/local_setup.sh\n'}
[5.051005] (ppp_bot) StdoutLine: {'line': b'-- Up-to-date: /home/nathan/ros2_ws/install/ppp_bot/share/ppp_bot/local_setup.zsh\n'}
[5.051351] (ppp_bot) StdoutLine: {'line': b'-- Up-to-date: /home/nathan/ros2_ws/install/ppp_bot/share/ppp_bot/local_setup.dsv\n'}
[5.051595] (ppp_bot) StdoutLine: {'line': b'-- Installing: /home/nathan/ros2_ws/install/ppp_bot/share/ppp_bot/package.dsv\n'}
[5.077556] (ppp_bot) StdoutLine: {'line': b'-- Up-to-date: /home/nathan/ros2_ws/install/ppp_bot/share/ament_index/resource_index/packages/ppp_bot\n'}
[5.078443] (ppp_bot) StdoutLine: {'line': b'-- Up-to-date: /home/nathan/ros2_ws/install/ppp_bot/share/ppp_bot/cmake/ppp_botConfig.cmake\n'}
[5.078798] (ppp_bot) StdoutLine: {'line': b'-- Up-to-date: /home/nathan/ros2_ws/install/ppp_bot/share/ppp_bot/cmake/ppp_botConfig-version.cmake\n'}
[5.079126] (ppp_bot) StdoutLine: {'line': b'-- Up-to-date: /home/nathan/ros2_ws/install/ppp_bot/share/ppp_bot/package.xml\n'}
[5.083345] (ppp_bot) CommandEnded: {'returncode': 0}
[5.117336] (-) TimerEvent: {}
[5.120839] (ppp_bot) JobEnded: {'identifier': 'ppp_bot', 'rc': 0}
[5.121963] (sllidar_ros2) JobStarted: {'identifier': 'sllidar_ros2'}
[5.163188] (sllidar_ros2) JobProgress: {'identifier': 'sllidar_ros2', 'progress': 'cmake'}
[5.217614] (-) TimerEvent: {}
[5.248657] (sllidar_ros2) JobProgress: {'identifier': 'sllidar_ros2', 'progress': 'build'}
[5.251568] (sllidar_ros2) Command: {'cmd': ['/usr/bin/cmake', '--build', '/home/nathan/ros2_ws/build/sllidar_ros2', '--', '-j4', '-l4'], 'cwd': '/home/nathan/ros2_ws/build/sllidar_ros2', 'env': OrderedDict([('LESSOPEN', '| /usr/bin/lesspipe %s'), ('USER', 'nathan'), ('LC_TIME', 'sw_KE'), ('XDG_SESSION_TYPE', 'wayland'), ('SHLVL', '1'), ('LD_LIBRARY_PATH', '/home/nathan/ros2_ws/install/diffdrive_arduino/lib:/usr/lib/x86_64-linux-gnu/gazebo-11/plugins:/opt/ros/humble/opt/rviz_ogre_vendor/lib:/opt/ros/humble/lib/x86_64-linux-gnu:/opt/ros/humble/lib'), ('HOME', '/home/nathan'), ('DESKTOP_SESSION', 'ubuntu'), ('ROS_PYTHON_VERSION', '3'), ('GNOME_SHELL_SESSION_MODE', 'ubuntu'), ('GTK_MODULES', 'gail:atk-bridge'), ('LC_MONETARY', 'sw_KE'), ('SYSTEMD_EXEC_PID', '2216'), ('DBUS_SESSION_BUS_ADDRESS', 'unix:path=/run/user/1000/bus'), ('COLORTERM', 'truecolor'), ('IM_CONFIG_PHASE', '1'), ('WAYLAND_DISPLAY', 'wayland-0'), ('COLCON_PREFIX_PATH', '/home/nathan/ros2_ws/install'), ('ROS_DISTRO', 'humble'), ('LOGNAME', 'nathan'), ('_', '/usr/bin/colcon'), ('ROS_VERSION', '2'), ('XDG_SESSION_CLASS', 'user'), ('USERNAME', 'nathan'), ('TERM', 'xterm-256color'), ('GNOME_DESKTOP_SESSION_ID', 'this-is-deprecated'), ('ROS_LOCALHOST_ONLY', '0'), ('PATH', '/opt/ros/humble/bin:/home/nathan/.local/bin:/usr/local/sbin:/usr/local/bin:/usr/sbin:/usr/bin:/sbin:/bin:/usr/games:/usr/local/games:/snap/bin:/snap/bin'), ('SESSION_MANAGER', 'local/nathan:@/tmp/.ICE-unix/1608,unix/nathan:/tmp/.ICE-unix/1608'), ('XDG_MENU_PREFIX', 'gnome-'), ('LC_ADDRESS', 'sw_KE'), ('GNOME_TERMINAL_SCREEN', '/org/gnome/Terminal/screen/f43f43bd_8ad9_43d2_9f03_8bc19e6f4d4f'), ('GNOME_SETUP_DISPLAY', ':1'), ('XDG_RUNTIME_DIR', '/run/user/1000'), ('DISPLAY', ':0'), ('LANG', 'en_US.UTF-8'), ('XDG_CURRENT_DESKTOP', 'ubuntu:GNOME'), ('LC_TELEPHONE', 'sw_KE'), ('XMODIFIERS', '@im=ibus'), ('XDG_SESSION_DESKTOP', 'ubuntu'), ('XAUTHORITY', '/run/user/1000/.mutter-Xwaylandauth.7M6OD3'), ('LS_COLORS', 'rs=0:di=01;34:ln=01;36:mh=00:pi=40;33:so=01;35:do=01;35:bd=40;33;01:cd=40;33;01:or=40;31;01:mi=00:su=37;41:sg=30;43:ca=30;41:tw=30;42:ow=34;42:st=37;44:ex=01;32:*.tar=01;31:*.tgz=01;31:*.arc=01;31:*.arj=01;31:*.taz=01;31:*.lha=01;31:*.lz4=01;31:*.lzh=01;31:*.lzma=01;31:*.tlz=01;31:*.txz=01;31:*.tzo=01;31:*.t7z=01;31:*.zip=01;31:*.z=01;31:*.dz=01;31:*.gz=01;31:*.lrz=01;31:*.lz=01;31:*.lzo=01;31:*.xz=01;31:*.zst=01;31:*.tzst=01;31:*.bz2=01;31:*.bz=01;31:*.tbz=01;31:*.tbz2=01;31:*.tz=01;31:*.deb=01;31:*.rpm=01;31:*.jar=01;31:*.war=01;31:*.ear=01;31:*.sar=01;31:*.rar=01;31:*.alz=01;31:*.ace=01;31:*.zoo=01;31:*.cpio=01;31:*.7z=01;31:*.rz=01;31:*.cab=01;31:*.wim=01;31:*.swm=01;31:*.dwm=01;31:*.esd=01;31:*.jpg=01;35:*.jpeg=01;35:*.mjpg=01;35:*.mjpeg=01;35:*.gif=01;35:*.bmp=01;35:*.pbm=01;35:*.pgm=01;35:*.ppm=01;35:*.tga=01;35:*.xbm=01;35:*.xpm=01;35:*.tif=01;35:*.tiff=01;35:*.png=01;35:*.svg=01;35:*.svgz=01;35:*.mng=01;35:*.pcx=01;35:*.mov=01;35:*.mpg=01;35:*.mpeg=01;35:*.m2v=01;35:*.mkv=01;35:*.webm=01;35:*.webp=01;35:*.ogm=01;35:*.mp4=01;35:*.m4v=01;35:*.mp4v=01;35:*.vob=01;35:*.qt=01;35:*.nuv=01;35:*.wmv=01;35:*.asf=01;35:*.rm=01;35:*.rmvb=01;35:*.flc=01;35:*.avi=01;35:*.fli=01;35:*.flv=01;35:*.gl=01;35:*.dl=01;35:*.xcf=01;35:*.xwd=01;35:*.yuv=01;35:*.cgm=01;35:*.emf=01;35:*.ogv=01;35:*.ogx=01;35:*.aac=00;36:*.au=00;36:*.flac=00;36:*.m4a=00;36:*.mid=00;36:*.midi=00;36:*.mka=00;36:*.mp3=00;36:*.mpc=00;36:*.ogg=00;36:*.ra=00;36:*.wav=00;36:*.oga=00;36:*.opus=00;36:*.spx=00;36:*.xspf=00;36:'), ('GNOME_TERMINAL_SERVICE', ':1.96'), ('SSH_AGENT_LAUNCHER', 'gnome-keyring'), ('SSH_AUTH_SOCK', '/run/user/1000/keyring/ssh'), ('AMENT_PREFIX_PATH', '/home/nathan/ros2_ws/install/sllidar_ros2:/home/nathan/ros2_ws/install/rdj2025_potato_disease_detection:/home/nathan/ros2_ws/install/ppp_bot:/home/nathan/ros2_ws/install/joy_tester:/home/nathan/ros2_ws/install/dojo:/home/nathan/ros2_ws/install/diffdrive_arduino:/home/nathan/ros2_ws/install/articubot_one:/opt/ros/humble'), ('SHELL', '/bin/bash'), ('LC_NAME', 'sw_KE'), ('QT_ACCESSIBILITY', '1'), ('GDMSESSION', 'ubuntu'), ('LESSCLOSE', '/usr/bin/lesspipe %s %s'), ('LC_MEASUREMENT', 'sw_KE'), ('LC_IDENTIFICATION', 'sw_KE'), ('QT_IM_MODULE', 'ibus'), ('PWD', '/home/nathan/ros2_ws/build/sllidar_ros2'), ('XDG_CONFIG_DIRS', '/etc/xdg/xdg-ubuntu:/etc/xdg'), ('XDG_DATA_DIRS', '/usr/share/ubuntu:/usr/local/share/:/usr/share/:/var/lib/snapd/desktop'), ('PYTHONPATH', '/home/nathan/ros2_ws/install/rdj2025_potato_disease_detection/lib/python3.10/site-packages:/home/nathan/ros2_ws/install/joy_tester/lib/python3.10/site-packages:/opt/ros/humble/lib/python3.10/site-packages:/opt/ros/humble/local/lib/python3.10/dist-packages'), ('LC_NUMERIC', 'sw_KE'), ('LC_PAPER', 'sw_KE'), ('COLCON', '1'), ('VTE_VERSION', '6800'), ('CMAKE_PREFIX_PATH', '/home/nathan/ros2_ws/install/sllidar_ros2:/home/nathan/ros2_ws/install/ppp_bot:/home/nathan/ros2_ws/install/dojo:/home/nathan/ros2_ws/install/diffdrive_arduino:/home/nathan/ros2_ws/install/articubot_one:/home/nathan/ros2_ws/install/rdj2025_potato_disease_detection:/home/nathan/ros2_ws/install/joy_tester:/opt/ros/humble')]), 'shell': False}
[5.317747] (-) TimerEvent: {}
[5.418213] (-) TimerEvent: {}
[5.518843] (-) TimerEvent: {}
[5.619180] (-) TimerEvent: {}
[5.719790] (-) TimerEvent: {}
[5.820128] (-) TimerEvent: {}
[5.920597] (-) TimerEvent: {}
[6.021113] (-) TimerEvent: {}
[6.121594] (-) TimerEvent: {}
[6.222299] (-) TimerEvent: {}
[6.323094] (-) TimerEvent: {}
[6.423839] (-) TimerEvent: {}
[6.524561] (-) TimerEvent: {}
[6.618629] (diffdrive_arduino) StdoutLine: {'line': b'[100%] Built target diffdrive_arduino\n'}
[6.624665] (-) TimerEvent: {}
[6.629929] (diffdrive_arduino) CommandEnded: {'returncode': 0}
[6.657874] (sllidar_ros2) StdoutLine: {'line': b'[ 10%] Built target sllidar_client\n'}
[6.724922] (-) TimerEvent: {}
[6.770146] (diffdrive_arduino) JobProgress: {'identifier': 'diffdrive_arduino', 'progress': 'install'}
[6.772176] (diffdrive_arduino) Command: {'cmd': ['/usr/bin/cmake', '--install', '/home/nathan/ros2_ws/build/diffdrive_arduino'], 'cwd': '/home/nathan/ros2_ws/build/diffdrive_arduino', 'env': OrderedDict([('LESSOPEN', '| /usr/bin/lesspipe %s'), ('USER', 'nathan'), ('LC_TIME', 'sw_KE'), ('XDG_SESSION_TYPE', 'wayland'), ('SHLVL', '1'), ('LD_LIBRARY_PATH', '/home/nathan/ros2_ws/install/diffdrive_arduino/lib:/usr/lib/x86_64-linux-gnu/gazebo-11/plugins:/opt/ros/humble/opt/rviz_ogre_vendor/lib:/opt/ros/humble/lib/x86_64-linux-gnu:/opt/ros/humble/lib'), ('HOME', '/home/nathan'), ('DESKTOP_SESSION', 'ubuntu'), ('ROS_PYTHON_VERSION', '3'), ('GNOME_SHELL_SESSION_MODE', 'ubuntu'), ('GTK_MODULES', 'gail:atk-bridge'), ('LC_MONETARY', 'sw_KE'), ('SYSTEMD_EXEC_PID', '2216'), ('DBUS_SESSION_BUS_ADDRESS', 'unix:path=/run/user/1000/bus'), ('COLORTERM', 'truecolor'), ('IM_CONFIG_PHASE', '1'), ('WAYLAND_DISPLAY', 'wayland-0'), ('COLCON_PREFIX_PATH', '/home/nathan/ros2_ws/install'), ('ROS_DISTRO', 'humble'), ('LOGNAME', 'nathan'), ('_', '/usr/bin/colcon'), ('ROS_VERSION', '2'), ('XDG_SESSION_CLASS', 'user'), ('USERNAME', 'nathan'), ('TERM', 'xterm-256color'), ('GNOME_DESKTOP_SESSION_ID', 'this-is-deprecated'), ('ROS_LOCALHOST_ONLY', '0'), ('PATH', '/opt/ros/humble/bin:/home/nathan/.local/bin:/usr/local/sbin:/usr/local/bin:/usr/sbin:/usr/bin:/sbin:/bin:/usr/games:/usr/local/games:/snap/bin:/snap/bin'), ('SESSION_MANAGER', 'local/nathan:@/tmp/.ICE-unix/1608,unix/nathan:/tmp/.ICE-unix/1608'), ('XDG_MENU_PREFIX', 'gnome-'), ('LC_ADDRESS', 'sw_KE'), ('GNOME_TERMINAL_SCREEN', '/org/gnome/Terminal/screen/f43f43bd_8ad9_43d2_9f03_8bc19e6f4d4f'), ('GNOME_SETUP_DISPLAY', ':1'), ('XDG_RUNTIME_DIR', '/run/user/1000'), ('DISPLAY', ':0'), ('LANG', 'en_US.UTF-8'), ('XDG_CURRENT_DESKTOP', 'ubuntu:GNOME'), ('LC_TELEPHONE', 'sw_KE'), ('XMODIFIERS', '@im=ibus'), ('XDG_SESSION_DESKTOP', 'ubuntu'), ('XAUTHORITY', '/run/user/1000/.mutter-Xwaylandauth.7M6OD3'), ('LS_COLORS', 'rs=0:di=01;34:ln=01;36:mh=00:pi=40;33:so=01;35:do=01;35:bd=40;33;01:cd=40;33;01:or=40;31;01:mi=00:su=37;41:sg=30;43:ca=30;41:tw=30;42:ow=34;42:st=37;44:ex=01;32:*.tar=01;31:*.tgz=01;31:*.arc=01;31:*.arj=01;31:*.taz=01;31:*.lha=01;31:*.lz4=01;31:*.lzh=01;31:*.lzma=01;31:*.tlz=01;31:*.txz=01;31:*.tzo=01;31:*.t7z=01;31:*.zip=01;31:*.z=01;31:*.dz=01;31:*.gz=01;31:*.lrz=01;31:*.lz=01;31:*.lzo=01;31:*.xz=01;31:*.zst=01;31:*.tzst=01;31:*.bz2=01;31:*.bz=01;31:*.tbz=01;31:*.tbz2=01;31:*.tz=01;31:*.deb=01;31:*.rpm=01;31:*.jar=01;31:*.war=01;31:*.ear=01;31:*.sar=01;31:*.rar=01;31:*.alz=01;31:*.ace=01;31:*.zoo=01;31:*.cpio=01;31:*.7z=01;31:*.rz=01;31:*.cab=01;31:*.wim=01;31:*.swm=01;31:*.dwm=01;31:*.esd=01;31:*.jpg=01;35:*.jpeg=01;35:*.mjpg=01;35:*.mjpeg=01;35:*.gif=01;35:*.bmp=01;35:*.pbm=01;35:*.pgm=01;35:*.ppm=01;35:*.tga=01;35:*.xbm=01;35:*.xpm=01;35:*.tif=01;35:*.tiff=01;35:*.png=01;35:*.svg=01;35:*.svgz=01;35:*.mng=01;35:*.pcx=01;35:*.mov=01;35:*.mpg=01;35:*.mpeg=01;35:*.m2v=01;35:*.mkv=01;35:*.webm=01;35:*.webp=01;35:*.ogm=01;35:*.mp4=01;35:*.m4v=01;35:*.mp4v=01;35:*.vob=01;35:*.qt=01;35:*.nuv=01;35:*.wmv=01;35:*.asf=01;35:*.rm=01;35:*.rmvb=01;35:*.flc=01;35:*.avi=01;35:*.fli=01;35:*.flv=01;35:*.gl=01;35:*.dl=01;35:*.xcf=01;35:*.xwd=01;35:*.yuv=01;35:*.cgm=01;35:*.emf=01;35:*.ogv=01;35:*.ogx=01;35:*.aac=00;36:*.au=00;36:*.flac=00;36:*.m4a=00;36:*.mid=00;36:*.midi=00;36:*.mka=00;36:*.mp3=00;36:*.mpc=00;36:*.ogg=00;36:*.ra=00;36:*.wav=00;36:*.oga=00;36:*.opus=00;36:*.spx=00;36:*.xspf=00;36:'), ('GNOME_TERMINAL_SERVICE', ':1.96'), ('SSH_AGENT_LAUNCHER', 'gnome-keyring'), ('SSH_AUTH_SOCK', '/run/user/1000/keyring/ssh'), ('AMENT_PREFIX_PATH', '/home/nathan/ros2_ws/install/sllidar_ros2:/home/nathan/ros2_ws/install/rdj2025_potato_disease_detection:/home/nathan/ros2_ws/install/ppp_bot:/home/nathan/ros2_ws/install/joy_tester:/home/nathan/ros2_ws/install/dojo:/home/nathan/ros2_ws/install/diffdrive_arduino:/home/nathan/ros2_ws/install/articubot_one:/opt/ros/humble'), ('SHELL', '/bin/bash'), ('LC_NAME', 'sw_KE'), ('QT_ACCESSIBILITY', '1'), ('GDMSESSION', 'ubuntu'), ('LESSCLOSE', '/usr/bin/lesspipe %s %s'), ('LC_MEASUREMENT', 'sw_KE'), ('LC_IDENTIFICATION', 'sw_KE'), ('QT_IM_MODULE', 'ibus'), ('PWD', '/home/nathan/ros2_ws/build/diffdrive_arduino'), ('XDG_CONFIG_DIRS', '/etc/xdg/xdg-ubuntu:/etc/xdg'), ('XDG_DATA_DIRS', '/usr/share/ubuntu:/usr/local/share/:/usr/share/:/var/lib/snapd/desktop'), ('PYTHONPATH', '/home/nathan/ros2_ws/install/rdj2025_potato_disease_detection/lib/python3.10/site-packages:/home/nathan/ros2_ws/install/joy_tester/lib/python3.10/site-packages:/opt/ros/humble/lib/python3.10/site-packages:/opt/ros/humble/local/lib/python3.10/dist-packages'), ('LC_NUMERIC', 'sw_KE'), ('LC_PAPER', 'sw_KE'), ('COLCON', '1'), ('VTE_VERSION', '6800'), ('CMAKE_PREFIX_PATH', '/home/nathan/ros2_ws/install/sllidar_ros2:/home/nathan/ros2_ws/install/ppp_bot:/home/nathan/ros2_ws/install/dojo:/home/nathan/ros2_ws/install/diffdrive_arduino:/home/nathan/ros2_ws/install/articubot_one:/home/nathan/ros2_ws/install/rdj2025_potato_disease_detection:/home/nathan/ros2_ws/install/joy_tester:/opt/ros/humble')]), 'shell': False}
[6.825116] (-) TimerEvent: {}
[6.846160] (diffdrive_arduino) StdoutLine: {'line': b'-- Install configuration: ""\n'}
[6.846451] (diffdrive_arduino) StdoutLine: {'line': b'-- Up-to-date: /home/nathan/ros2_ws/install/diffdrive_arduino/share/diffdrive_arduino/diffdrive_arduino.xml\n'}
[6.846633] (diffdrive_arduino) StdoutLine: {'line': b'-- Up-to-date: /home/nathan/ros2_ws/install/diffdrive_arduino/include/diffdrive_arduino\n'}
[6.846810] (diffdrive_arduino) StdoutLine: {'line': b'-- Up-to-date: /home/nathan/ros2_ws/install/diffdrive_arduino/include/diffdrive_arduino/diffdrive_arduino\n'}
[6.847077] (diffdrive_arduino) StdoutLine: {'line': b'-- Up-to-date: /home/nathan/ros2_ws/install/diffdrive_arduino/include/diffdrive_arduino/diffdrive_arduino/visibility_control.h\n'}
[6.847244] (diffdrive_arduino) StdoutLine: {'line': b'-- Up-to-date: /home/nathan/ros2_ws/install/diffdrive_arduino/include/diffdrive_arduino/diffdrive_arduino/diffbot_system.hpp\n'}
[6.847332] (diffdrive_arduino) StdoutLine: {'line': b'-- Up-to-date: /home/nathan/ros2_ws/install/diffdrive_arduino/include/diffdrive_arduino/diffdrive_arduino/arduino_comms.hpp\n'}
[6.847411] (diffdrive_arduino) StdoutLine: {'line': b'-- Up-to-date: /home/nathan/ros2_ws/install/diffdrive_arduino/include/diffdrive_arduino/diffdrive_arduino/wheel.hpp\n'}
[6.904913] (diffdrive_arduino) StdoutLine: {'line': b'-- Up-to-date: /home/nathan/ros2_ws/install/diffdrive_arduino/share/diffdrive_arduino/launch\n'}
[6.905717] (diffdrive_arduino) StdoutLine: {'line': b'-- Up-to-date: /home/nathan/ros2_ws/install/diffdrive_arduino/share/diffdrive_arduino/launch/view_robot.launch.py\n'}
[6.905971] (diffdrive_arduino) StdoutLine: {'line': b'-- Up-to-date: /home/nathan/ros2_ws/install/diffdrive_arduino/share/diffdrive_arduino/ros2_control\n'}
[6.906251] (diffdrive_arduino) StdoutLine: {'line': b'-- Up-to-date: /home/nathan/ros2_ws/install/diffdrive_arduino/share/diffdrive_arduino/ros2_control/diffbot.ros2_control.xacro\n'}
[6.906406] (diffdrive_arduino) StdoutLine: {'line': b'-- Up-to-date: /home/nathan/ros2_ws/install/diffdrive_arduino/share/diffdrive_arduino/urdf\n'}
[6.906676] (diffdrive_arduino) StdoutLine: {'line': b'-- Up-to-date: /home/nathan/ros2_ws/install/diffdrive_arduino/share/diffdrive_arduino/urdf/diffbot_description.urdf.xacro\n'}
[6.906870] (diffdrive_arduino) StdoutLine: {'line': b'-- Up-to-date: /home/nathan/ros2_ws/install/diffdrive_arduino/share/diffdrive_arduino/urdf/diffbot.materials.xacro\n'}
[6.906993] (diffdrive_arduino) StdoutLine: {'line': b'-- Up-to-date: /home/nathan/ros2_ws/install/diffdrive_arduino/share/diffdrive_arduino/urdf/diffbot.urdf.xacro\n'}
[6.907182] (diffdrive_arduino) StdoutLine: {'line': b'-- Up-to-date: /home/nathan/ros2_ws/install/diffdrive_arduino/share/diffdrive_arduino/rviz\n'}
[6.907274] (diffdrive_arduino) StdoutLine: {'line': b'-- Up-to-date: /home/nathan/ros2_ws/install/diffdrive_arduino/share/diffdrive_arduino/rviz/diffbot.rviz\n'}
[6.907392] (diffdrive_arduino) StdoutLine: {'line': b'-- Up-to-date: /home/nathan/ros2_ws/install/diffdrive_arduino/share/diffdrive_arduino/rviz/diffbot_view.rviz\n'}
[6.925232] (-) TimerEvent: {}
[6.982417] (diffdrive_arduino) StdoutLine: {'line': b'-- Up-to-date: /home/nathan/ros2_ws/install/diffdrive_arduino/share/diffdrive_arduino/launch\n'}
[7.025484] (-) TimerEvent: {}
[7.040261] (diffdrive_arduino) StdoutLine: {'line': b'-- Up-to-date: /home/nathan/ros2_ws/install/diffdrive_arduino/share/diffdrive_arduino/launch/diffbot.launch.py\n'}
[7.040848] (diffdrive_arduino) StdoutLine: {'line': b'-- Up-to-date: /home/nathan/ros2_ws/install/diffdrive_arduino/share/diffdrive_arduino/config\n'}
[7.082121] (sllidar_ros2) StdoutLine: {'line': b'[100%] Built target sllidar_node\n'}
[7.086747] (diffdrive_arduino) StdoutLine: {'line': b'-- Up-to-date: /home/nathan/ros2_ws/install/diffdrive_arduino/share/diffdrive_arduino/config/diffbot_controllers.yaml\n'}
[7.096634] (sllidar_ros2) CommandEnded: {'returncode': 0}
[7.125736] (-) TimerEvent: {}
[7.139708] (sllidar_ros2) JobProgress: {'identifier': 'sllidar_ros2', 'progress': 'install'}
[7.142543] (sllidar_ros2) Command: {'cmd': ['/usr/bin/cmake', '--install', '/home/nathan/ros2_ws/build/sllidar_ros2'], 'cwd': '/home/nathan/ros2_ws/build/sllidar_ros2', 'env': OrderedDict([('LESSOPEN', '| /usr/bin/lesspipe %s'), ('USER', 'nathan'), ('LC_TIME', 'sw_KE'), ('XDG_SESSION_TYPE', 'wayland'), ('SHLVL', '1'), ('LD_LIBRARY_PATH', '/home/nathan/ros2_ws/install/diffdrive_arduino/lib:/usr/lib/x86_64-linux-gnu/gazebo-11/plugins:/opt/ros/humble/opt/rviz_ogre_vendor/lib:/opt/ros/humble/lib/x86_64-linux-gnu:/opt/ros/humble/lib'), ('HOME', '/home/nathan'), ('DESKTOP_SESSION', 'ubuntu'), ('ROS_PYTHON_VERSION', '3'), ('GNOME_SHELL_SESSION_MODE', 'ubuntu'), ('GTK_MODULES', 'gail:atk-bridge'), ('LC_MONETARY', 'sw_KE'), ('SYSTEMD_EXEC_PID', '2216'), ('DBUS_SESSION_BUS_ADDRESS', 'unix:path=/run/user/1000/bus'), ('COLORTERM', 'truecolor'), ('IM_CONFIG_PHASE', '1'), ('WAYLAND_DISPLAY', 'wayland-0'), ('COLCON_PREFIX_PATH', '/home/nathan/ros2_ws/install'), ('ROS_DISTRO', 'humble'), ('LOGNAME', 'nathan'), ('_', '/usr/bin/colcon'), ('ROS_VERSION', '2'), ('XDG_SESSION_CLASS', 'user'), ('USERNAME', 'nathan'), ('TERM', 'xterm-256color'), ('GNOME_DESKTOP_SESSION_ID', 'this-is-deprecated'), ('ROS_LOCALHOST_ONLY', '0'), ('PATH', '/opt/ros/humble/bin:/home/nathan/.local/bin:/usr/local/sbin:/usr/local/bin:/usr/sbin:/usr/bin:/sbin:/bin:/usr/games:/usr/local/games:/snap/bin:/snap/bin'), ('SESSION_MANAGER', 'local/nathan:@/tmp/.ICE-unix/1608,unix/nathan:/tmp/.ICE-unix/1608'), ('XDG_MENU_PREFIX', 'gnome-'), ('LC_ADDRESS', 'sw_KE'), ('GNOME_TERMINAL_SCREEN', '/org/gnome/Terminal/screen/f43f43bd_8ad9_43d2_9f03_8bc19e6f4d4f'), ('GNOME_SETUP_DISPLAY', ':1'), ('XDG_RUNTIME_DIR', '/run/user/1000'), ('DISPLAY', ':0'), ('LANG', 'en_US.UTF-8'), ('XDG_CURRENT_DESKTOP', 'ubuntu:GNOME'), ('LC_TELEPHONE', 'sw_KE'), ('XMODIFIERS', '@im=ibus'), ('XDG_SESSION_DESKTOP', 'ubuntu'), ('XAUTHORITY', '/run/user/1000/.mutter-Xwaylandauth.7M6OD3'), ('LS_COLORS', 'rs=0:di=01;34:ln=01;36:mh=00:pi=40;33:so=01;35:do=01;35:bd=40;33;01:cd=40;33;01:or=40;31;01:mi=00:su=37;41:sg=30;43:ca=30;41:tw=30;42:ow=34;42:st=37;44:ex=01;32:*.tar=01;31:*.tgz=01;31:*.arc=01;31:*.arj=01;31:*.taz=01;31:*.lha=01;31:*.lz4=01;31:*.lzh=01;31:*.lzma=01;31:*.tlz=01;31:*.txz=01;31:*.tzo=01;31:*.t7z=01;31:*.zip=01;31:*.z=01;31:*.dz=01;31:*.gz=01;31:*.lrz=01;31:*.lz=01;31:*.lzo=01;31:*.xz=01;31:*.zst=01;31:*.tzst=01;31:*.bz2=01;31:*.bz=01;31:*.tbz=01;31:*.tbz2=01;31:*.tz=01;31:*.deb=01;31:*.rpm=01;31:*.jar=01;31:*.war=01;31:*.ear=01;31:*.sar=01;31:*.rar=01;31:*.alz=01;31:*.ace=01;31:*.zoo=01;31:*.cpio=01;31:*.7z=01;31:*.rz=01;31:*.cab=01;31:*.wim=01;31:*.swm=01;31:*.dwm=01;31:*.esd=01;31:*.jpg=01;35:*.jpeg=01;35:*.mjpg=01;35:*.mjpeg=01;35:*.gif=01;35:*.bmp=01;35:*.pbm=01;35:*.pgm=01;35:*.ppm=01;35:*.tga=01;35:*.xbm=01;35:*.xpm=01;35:*.tif=01;35:*.tiff=01;35:*.png=01;35:*.svg=01;35:*.svgz=01;35:*.mng=01;35:*.pcx=01;35:*.mov=01;35:*.mpg=01;35:*.mpeg=01;35:*.m2v=01;35:*.mkv=01;35:*.webm=01;35:*.webp=01;35:*.ogm=01;35:*.mp4=01;35:*.m4v=01;35:*.mp4v=01;35:*.vob=01;35:*.qt=01;35:*.nuv=01;35:*.wmv=01;35:*.asf=01;35:*.rm=01;35:*.rmvb=01;35:*.flc=01;35:*.avi=01;35:*.fli=01;35:*.flv=01;35:*.gl=01;35:*.dl=01;35:*.xcf=01;35:*.xwd=01;35:*.yuv=01;35:*.cgm=01;35:*.emf=01;35:*.ogv=01;35:*.ogx=01;35:*.aac=00;36:*.au=00;36:*.flac=00;36:*.m4a=00;36:*.mid=00;36:*.midi=00;36:*.mka=00;36:*.mp3=00;36:*.mpc=00;36:*.ogg=00;36:*.ra=00;36:*.wav=00;36:*.oga=00;36:*.opus=00;36:*.spx=00;36:*.xspf=00;36:'), ('GNOME_TERMINAL_SERVICE', ':1.96'), ('SSH_AGENT_LAUNCHER', 'gnome-keyring'), ('SSH_AUTH_SOCK', '/run/user/1000/keyring/ssh'), ('AMENT_PREFIX_PATH', '/home/nathan/ros2_ws/install/sllidar_ros2:/home/nathan/ros2_ws/install/rdj2025_potato_disease_detection:/home/nathan/ros2_ws/install/ppp_bot:/home/nathan/ros2_ws/install/joy_tester:/home/nathan/ros2_ws/install/dojo:/home/nathan/ros2_ws/install/diffdrive_arduino:/home/nathan/ros2_ws/install/articubot_one:/opt/ros/humble'), ('SHELL', '/bin/bash'), ('LC_NAME', 'sw_KE'), ('QT_ACCESSIBILITY', '1'), ('GDMSESSION', 'ubuntu'), ('LESSCLOSE', '/usr/bin/lesspipe %s %s'), ('LC_MEASUREMENT', 'sw_KE'), ('LC_IDENTIFICATION', 'sw_KE'), ('QT_IM_MODULE', 'ibus'), ('PWD', '/home/nathan/ros2_ws/build/sllidar_ros2'), ('XDG_CONFIG_DIRS', '/etc/xdg/xdg-ubuntu:/etc/xdg'), ('XDG_DATA_DIRS', '/usr/share/ubuntu:/usr/local/share/:/usr/share/:/var/lib/snapd/desktop'), ('PYTHONPATH', '/home/nathan/ros2_ws/install/rdj2025_potato_disease_detection/lib/python3.10/site-packages:/home/nathan/ros2_ws/install/joy_tester/lib/python3.10/site-packages:/opt/ros/humble/lib/python3.10/site-packages:/opt/ros/humble/local/lib/python3.10/dist-packages'), ('LC_NUMERIC', 'sw_KE'), ('LC_PAPER', 'sw_KE'), ('COLCON', '1'), ('VTE_VERSION', '6800'), ('CMAKE_PREFIX_PATH', '/home/nathan/ros2_ws/install/sllidar_ros2:/home/nathan/ros2_ws/install/ppp_bot:/home/nathan/ros2_ws/install/dojo:/home/nathan/ros2_ws/install/diffdrive_arduino:/home/nathan/ros2_ws/install/articubot_one:/home/nathan/ros2_ws/install/rdj2025_potato_disease_detection:/home/nathan/ros2_ws/install/joy_tester:/opt/ros/humble')]), 'shell': False}
[7.182363] (sllidar_ros2) StdoutLine: {'line': b'-- Install configuration: ""\n'}
[7.182673] (sllidar_ros2) StdoutLine: {'line': b'-- Up-to-date: /home/nathan/ros2_ws/install/sllidar_ros2/share/sllidar_ros2/launch\n'}
[7.182892] (sllidar_ros2) StdoutLine: {'line': b'-- Up-to-date: /home/nathan/ros2_ws/install/sllidar_ros2/share/sllidar_ros2/launch/sllidar_a1_launch.py\n'}
[7.183014] (sllidar_ros2) StdoutLine: {'line': b'-- Up-to-date: /home/nathan/ros2_ws/install/sllidar_ros2/share/sllidar_ros2/rviz\n'}
[7.183196] (sllidar_ros2) StdoutLine: {'line': b'-- Up-to-date: /home/nathan/ros2_ws/install/sllidar_ros2/share/sllidar_ros2/rviz/sllidar_ros2.rviz\n'}
[7.201572] (diffdrive_arduino) StdoutLine: {'line': b'-- Up-to-date: /home/nathan/ros2_ws/install/diffdrive_arduino/lib/libdiffdrive_arduino.so\n'}
[7.202330] (diffdrive_arduino) StdoutLine: {'line': b'-- Up-to-date: /home/nathan/ros2_ws/install/diffdrive_arduino/share/diffdrive_arduino/environment/library_path.sh\n'}
[7.202905] (diffdrive_arduino) StdoutLine: {'line': b'-- Up-to-date: /home/nathan/ros2_ws/install/diffdrive_arduino/share/diffdrive_arduino/environment/library_path.dsv\n'}
[7.203191] (diffdrive_arduino) StdoutLine: {'line': b'-- Up-to-date: /home/nathan/ros2_ws/install/diffdrive_arduino/share/ament_index/resource_index/package_run_dependencies/diffdrive_arduino\n'}
[7.225892] (-) TimerEvent: {}
[7.254135] (diffdrive_arduino) StdoutLine: {'line': b'-- Up-to-date: /home/nathan/ros2_ws/install/diffdrive_arduino/share/ament_index/resource_index/parent_prefix_path/diffdrive_arduino\n'}
[7.255205] (diffdrive_arduino) StdoutLine: {'line': b'-- Up-to-date: /home/nathan/ros2_ws/install/diffdrive_arduino/share/diffdrive_arduino/environment/ament_prefix_path.sh\n'}
[7.255772] (diffdrive_arduino) StdoutLine: {'line': b'-- Up-to-date: /home/nathan/ros2_ws/install/diffdrive_arduino/share/diffdrive_arduino/environment/ament_prefix_path.dsv\n'}
[7.256926] (diffdrive_arduino) StdoutLine: {'line': b'-- Up-to-date: /home/nathan/ros2_ws/install/diffdrive_arduino/share/diffdrive_arduino/environment/path.sh\n'}
[7.257565] (diffdrive_arduino) StdoutLine: {'line': b'-- Up-to-date: /home/nathan/ros2_ws/install/diffdrive_arduino/share/diffdrive_arduino/environment/path.dsv\n'}
[7.258102] (diffdrive_arduino) StdoutLine: {'line': b'-- Up-to-date: /home/nathan/ros2_ws/install/diffdrive_arduino/share/diffdrive_arduino/local_setup.bash\n'}
[7.258475] (diffdrive_arduino) StdoutLine: {'line': b'-- Up-to-date: /home/nathan/ros2_ws/install/diffdrive_arduino/share/diffdrive_arduino/local_setup.sh\n'}
[7.258746] (diffdrive_arduino) StdoutLine: {'line': b'-- Up-to-date: /home/nathan/ros2_ws/install/diffdrive_arduino/share/diffdrive_arduino/local_setup.zsh\n'}
[7.258898] (diffdrive_arduino) StdoutLine: {'line': b'-- Up-to-date: /home/nathan/ros2_ws/install/diffdrive_arduino/share/diffdrive_arduino/local_setup.dsv\n'}
[7.259074] (diffdrive_arduino) StdoutLine: {'line': b'-- Installing: /home/nathan/ros2_ws/install/diffdrive_arduino/share/diffdrive_arduino/package.dsv\n'}
[7.267768] (sllidar_ros2) StdoutLine: {'line': b'-- Up-to-date: /home/nathan/ros2_ws/install/sllidar_ros2/lib/sllidar_ros2/sllidar_node\n'}
[7.275705] (diffdrive_arduino) StdoutLine: {'line': b'-- Up-to-date: /home/nathan/ros2_ws/install/diffdrive_arduino/share/ament_index/resource_index/packages/diffdrive_arduino\n'}
[7.276063] (diffdrive_arduino) StdoutLine: {'line': b'-- Up-to-date: /home/nathan/ros2_ws/install/diffdrive_arduino/share/ament_index/resource_index/hardware_interface__pluginlib__plugin/diffdrive_arduino\n'}
[7.326163] (-) TimerEvent: {}
[7.362475] (sllidar_ros2) StdoutLine: {'line': b'-- Up-to-date: /home/nathan/ros2_ws/install/sllidar_ros2/lib/sllidar_ros2/sllidar_client\n'}
[7.363125] (sllidar_ros2) StdoutLine: {'line': b'-- Up-to-date: /home/nathan/ros2_ws/install/sllidar_ros2/share/ament_index/resource_index/package_run_dependencies/sllidar_ros2\n'}
[7.363620] (sllidar_ros2) StdoutLine: {'line': b'-- Up-to-date: /home/nathan/ros2_ws/install/sllidar_ros2/share/ament_index/resource_index/parent_prefix_path/sllidar_ros2\n'}
[7.364334] (sllidar_ros2) StdoutLine: {'line': b'-- Up-to-date: /home/nathan/ros2_ws/install/sllidar_ros2/share/sllidar_ros2/environment/ament_prefix_path.sh\n'}
[7.364793] (sllidar_ros2) StdoutLine: {'line': b'-- Up-to-date: /home/nathan/ros2_ws/install/sllidar_ros2/share/sllidar_ros2/environment/ament_prefix_path.dsv\n'}
[7.365406] (sllidar_ros2) StdoutLine: {'line': b'-- Up-to-date: /home/nathan/ros2_ws/install/sllidar_ros2/share/sllidar_ros2/environment/path.sh\n'}
[7.365739] (sllidar_ros2) StdoutLine: {'line': b'-- Up-to-date: /home/nathan/ros2_ws/install/sllidar_ros2/share/sllidar_ros2/environment/path.dsv\n'}
[7.366007] (sllidar_ros2) StdoutLine: {'line': b'-- Up-to-date: /home/nathan/ros2_ws/install/sllidar_ros2/share/sllidar_ros2/local_setup.bash\n'}
[7.366463] (sllidar_ros2) StdoutLine: {'line': b'-- Up-to-date: /home/nathan/ros2_ws/install/sllidar_ros2/share/sllidar_ros2/local_setup.sh\n'}
[7.366733] (sllidar_ros2) StdoutLine: {'line': b'-- Up-to-date: /home/nathan/ros2_ws/install/sllidar_ros2/share/sllidar_ros2/local_setup.zsh\n'}
[7.366967] (sllidar_ros2) StdoutLine: {'line': b'-- Up-to-date: /home/nathan/ros2_ws/install/sllidar_ros2/share/sllidar_ros2/local_setup.dsv\n'}
[7.367277] (sllidar_ros2) StdoutLine: {'line': b'-- Installing: /home/nathan/ros2_ws/install/sllidar_ros2/share/sllidar_ros2/package.dsv\n'}
[7.426238] (-) TimerEvent: {}
[7.433083] (diffdrive_arduino) StdoutLine: {'line': b'-- Up-to-date: /home/nathan/ros2_ws/install/diffdrive_arduino/share/diffdrive_arduino/cmake/export_diffdrive_arduinoExport.cmake\n'}
[7.434004] (diffdrive_arduino) StdoutLine: {'line': b'-- Up-to-date: /home/nathan/ros2_ws/install/diffdrive_arduino/share/diffdrive_arduino/cmake/export_diffdrive_arduinoExport-noconfig.cmake\n'}
[7.435187] (diffdrive_arduino) StdoutLine: {'line': b'-- Up-to-date: /home/nathan/ros2_ws/install/diffdrive_arduino/share/diffdrive_arduino/cmake/ament_cmake_export_targets-extras.cmake\n'}
[7.436023] (diffdrive_arduino) StdoutLine: {'line': b'-- Up-to-date: /home/nathan/ros2_ws/install/diffdrive_arduino/share/diffdrive_arduino/cmake/ament_cmake_export_dependencies-extras.cmake\n'}
[7.436825] (diffdrive_arduino) StdoutLine: {'line': b'-- Up-to-date: /home/nathan/ros2_ws/install/diffdrive_arduino/share/diffdrive_arduino/cmake/diffdrive_arduinoConfig.cmake\n'}
[7.437363] (diffdrive_arduino) StdoutLine: {'line': b'-- Up-to-date: /home/nathan/ros2_ws/install/diffdrive_arduino/share/diffdrive_arduino/cmake/diffdrive_arduinoConfig-version.cmake\n'}
[7.437822] (diffdrive_arduino) StdoutLine: {'line': b'-- Up-to-date: /home/nathan/ros2_ws/install/diffdrive_arduino/share/diffdrive_arduino/package.xml\n'}
[7.438452] (sllidar_ros2) StdoutLine: {'line': b'-- Up-to-date: /home/nathan/ros2_ws/install/sllidar_ros2/share/ament_index/resource_index/packages/sllidar_ros2\n'}
[7.438923] (sllidar_ros2) StdoutLine: {'line': b'-- Up-to-date: /home/nathan/ros2_ws/install/sllidar_ros2/share/sllidar_ros2/cmake/ament_cmake_export_dependencies-extras.cmake\n'}
[7.439405] (sllidar_ros2) StdoutLine: {'line': b'-- Up-to-date: /home/nathan/ros2_ws/install/sllidar_ros2/share/sllidar_ros2/cmake/ament_cmake_export_include_directories-extras.cmake\n'}
[7.439861] (sllidar_ros2) StdoutLine: {'line': b'-- Up-to-date: /home/nathan/ros2_ws/install/sllidar_ros2/share/sllidar_ros2/cmake/sllidar_ros2Config.cmake\n'}
[7.440311] (sllidar_ros2) StdoutLine: {'line': b'-- Up-to-date: /home/nathan/ros2_ws/install/sllidar_ros2/share/sllidar_ros2/cmake/sllidar_ros2Config-version.cmake\n'}
[7.440470] (sllidar_ros2) StdoutLine: {'line': b'-- Up-to-date: /home/nathan/ros2_ws/install/sllidar_ros2/share/sllidar_ros2/package.xml\n'}
[7.442564] (sllidar_ros2) CommandEnded: {'returncode': 0}
[7.461352] (sllidar_ros2) JobEnded: {'identifier': 'sllidar_ros2', 'rc': 0}
[7.463038] (diffdrive_arduino) CommandEnded: {'returncode': 0}
[7.490827] (diffdrive_arduino) JobEnded: {'identifier': 'diffdrive_arduino', 'rc': 0}
[7.526517] (-) TimerEvent: {}
[7.627150] (-) TimerEvent: {}
[7.727779] (-) TimerEvent: {}
[7.828677] (-) TimerEvent: {}
[7.929336] (-) TimerEvent: {}
[8.029730] (-) TimerEvent: {}
[8.130355] (-) TimerEvent: {}
[8.230791] (-) TimerEvent: {}
[8.327083] (joy_tester) Command: {'cmd': ['/usr/bin/python3', '-W', 'ignore:setup.py install is deprecated', '-W', 'ignore:easy_install command is deprecated', 'setup.py', 'egg_info', '--egg-base', '../../build/joy_tester', 'build', '--build-base', '/home/nathan/ros2_ws/build/joy_tester/build', 'install', '--record', '/home/nathan/ros2_ws/build/joy_tester/install.log', '--single-version-externally-managed', 'install_data'], 'cwd': '/home/nathan/ros2_ws/src/joy_tester', 'env': {'LESSOPEN': '| /usr/bin/lesspipe %s', 'USER': 'nathan', 'LC_TIME': 'sw_KE', 'XDG_SESSION_TYPE': 'wayland', 'SHLVL': '1', 'LD_LIBRARY_PATH': '/home/nathan/ros2_ws/install/diffdrive_arduino/lib:/usr/lib/x86_64-linux-gnu/gazebo-11/plugins:/opt/ros/humble/opt/rviz_ogre_vendor/lib:/opt/ros/humble/lib/x86_64-linux-gnu:/opt/ros/humble/lib', 'HOME': '/home/nathan', 'DESKTOP_SESSION': 'ubuntu', 'ROS_PYTHON_VERSION': '3', 'GNOME_SHELL_SESSION_MODE': 'ubuntu', 'GTK_MODULES': 'gail:atk-bridge', 'LC_MONETARY': 'sw_KE', 'SYSTEMD_EXEC_PID': '2216', 'DBUS_SESSION_BUS_ADDRESS': 'unix:path=/run/user/1000/bus', 'COLORTERM': 'truecolor', 'IM_CONFIG_PHASE': '1', 'WAYLAND_DISPLAY': 'wayland-0', 'COLCON_PREFIX_PATH': '/home/nathan/ros2_ws/install', 'ROS_DISTRO': 'humble', 'LOGNAME': 'nathan', '_': '/usr/bin/colcon', 'ROS_VERSION': '2', 'XDG_SESSION_CLASS': 'user', 'USERNAME': 'nathan', 'TERM': 'xterm-256color', 'GNOME_DESKTOP_SESSION_ID': 'this-is-deprecated', 'ROS_LOCALHOST_ONLY': '0', 'PATH': '/opt/ros/humble/bin:/home/nathan/.local/bin:/usr/local/sbin:/usr/local/bin:/usr/sbin:/usr/bin:/sbin:/bin:/usr/games:/usr/local/games:/snap/bin:/snap/bin', 'SESSION_MANAGER': 'local/nathan:@/tmp/.ICE-unix/1608,unix/nathan:/tmp/.ICE-unix/1608', 'XDG_MENU_PREFIX': 'gnome-', 'LC_ADDRESS': 'sw_KE', 'GNOME_TERMINAL_SCREEN': '/org/gnome/Terminal/screen/f43f43bd_8ad9_43d2_9f03_8bc19e6f4d4f', 'GNOME_SETUP_DISPLAY': ':1', 'XDG_RUNTIME_DIR': '/run/user/1000', 'DISPLAY': ':0', 'LANG': 'en_US.UTF-8', 'XDG_CURRENT_DESKTOP': 'ubuntu:GNOME', 'LC_TELEPHONE': 'sw_KE', 'XMODIFIERS': '@im=ibus', 'XDG_SESSION_DESKTOP': 'ubuntu', 'XAUTHORITY': '/run/user/1000/.mutter-Xwaylandauth.7M6OD3', 'LS_COLORS': 'rs=0:di=01;34:ln=01;36:mh=00:pi=40;33:so=01;35:do=01;35:bd=40;33;01:cd=40;33;01:or=40;31;01:mi=00:su=37;41:sg=30;43:ca=30;41:tw=30;42:ow=34;42:st=37;44:ex=01;32:*.tar=01;31:*.tgz=01;31:*.arc=01;31:*.arj=01;31:*.taz=01;31:*.lha=01;31:*.lz4=01;31:*.lzh=01;31:*.lzma=01;31:*.tlz=01;31:*.txz=01;31:*.tzo=01;31:*.t7z=01;31:*.zip=01;31:*.z=01;31:*.dz=01;31:*.gz=01;31:*.lrz=01;31:*.lz=01;31:*.lzo=01;31:*.xz=01;31:*.zst=01;31:*.tzst=01;31:*.bz2=01;31:*.bz=01;31:*.tbz=01;31:*.tbz2=01;31:*.tz=01;31:*.deb=01;31:*.rpm=01;31:*.jar=01;31:*.war=01;31:*.ear=01;31:*.sar=01;31:*.rar=01;31:*.alz=01;31:*.ace=01;31:*.zoo=01;31:*.cpio=01;31:*.7z=01;31:*.rz=01;31:*.cab=01;31:*.wim=01;31:*.swm=01;31:*.dwm=01;31:*.esd=01;31:*.jpg=01;35:*.jpeg=01;35:*.mjpg=01;35:*.mjpeg=01;35:*.gif=01;35:*.bmp=01;35:*.pbm=01;35:*.pgm=01;35:*.ppm=01;35:*.tga=01;35:*.xbm=01;35:*.xpm=01;35:*.tif=01;35:*.tiff=01;35:*.png=01;35:*.svg=01;35:*.svgz=01;35:*.mng=01;35:*.pcx=01;35:*.mov=01;35:*.mpg=01;35:*.mpeg=01;35:*.m2v=01;35:*.mkv=01;35:*.webm=01;35:*.webp=01;35:*.ogm=01;35:*.mp4=01;35:*.m4v=01;35:*.mp4v=01;35:*.vob=01;35:*.qt=01;35:*.nuv=01;35:*.wmv=01;35:*.asf=01;35:*.rm=01;35:*.rmvb=01;35:*.flc=01;35:*.avi=01;35:*.fli=01;35:*.flv=01;35:*.gl=01;35:*.dl=01;35:*.xcf=01;35:*.xwd=01;35:*.yuv=01;35:*.cgm=01;35:*.emf=01;35:*.ogv=01;35:*.ogx=01;35:*.aac=00;36:*.au=00;36:*.flac=00;36:*.m4a=00;36:*.mid=00;36:*.midi=00;36:*.mka=00;36:*.mp3=00;36:*.mpc=00;36:*.ogg=00;36:*.ra=00;36:*.wav=00;36:*.oga=00;36:*.opus=00;36:*.spx=00;36:*.xspf=00;36:', 'GNOME_TERMINAL_SERVICE': ':1.96', 'SSH_AGENT_LAUNCHER': 'gnome-keyring', 'SSH_AUTH_SOCK': '/run/user/1000/keyring/ssh', 'AMENT_PREFIX_PATH': '/home/nathan/ros2_ws/install/sllidar_ros2:/home/nathan/ros2_ws/install/rdj2025_potato_disease_detection:/home/nathan/ros2_ws/install/ppp_bot:/home/nathan/ros2_ws/install/joy_tester:/home/nathan/ros2_ws/install/dojo:/home/nathan/ros2_ws/install/diffdrive_arduino:/home/nathan/ros2_ws/install/articubot_one:/opt/ros/humble', 'SHELL': '/bin/bash', 'LC_NAME': 'sw_KE', 'QT_ACCESSIBILITY': '1', 'GDMSESSION': 'ubuntu', 'LESSCLOSE': '/usr/bin/lesspipe %s %s', 'LC_MEASUREMENT': 'sw_KE', 'LC_IDENTIFICATION': 'sw_KE', 'QT_IM_MODULE': 'ibus', 'PWD': '/home/nathan/ros2_ws/build/joy_tester', 'XDG_CONFIG_DIRS': '/etc/xdg/xdg-ubuntu:/etc/xdg', 'XDG_DATA_DIRS': '/usr/share/ubuntu:/usr/local/share/:/usr/share/:/var/lib/snapd/desktop', 'PYTHONPATH': '/home/nathan/ros2_ws/build/joy_tester/prefix_override:/usr/lib/python3/dist-packages/colcon_core/task/python/colcon_distutils_commands:/home/nathan/ros2_ws/install/joy_tester/lib/python3.10/site-packages:/home/nathan/ros2_ws/install/rdj2025_potato_disease_detection/lib/python3.10/site-packages:/home/nathan/ros2_ws/install/joy_tester/lib/python3.10/site-packages:/opt/ros/humble/lib/python3.10/site-packages:/opt/ros/humble/local/lib/python3.10/dist-packages', 'LC_NUMERIC': 'sw_KE', 'LC_PAPER': 'sw_KE', 'COLCON': '1', 'VTE_VERSION': '6800', 'CMAKE_PREFIX_PATH': '/home/nathan/ros2_ws/install/sllidar_ros2:/home/nathan/ros2_ws/install/ppp_bot:/home/nathan/ros2_ws/install/dojo:/home/nathan/ros2_ws/install/diffdrive_arduino:/home/nathan/ros2_ws/install/articubot_one'}, 'shell': False}
[8.330311] (rdj2025_potato_disease_detection) Command: {'cmd': ['/usr/bin/python3', '-W', 'ignore:setup.py install is deprecated', '-W', 'ignore:easy_install command is deprecated', 'setup.py', 'egg_info', '--egg-base', '../../build/rdj2025_potato_disease_detection', 'build', '--build-base', '/home/nathan/ros2_ws/build/rdj2025_potato_disease_detection/build', 'install', '--record', '/home/nathan/ros2_ws/build/rdj2025_potato_disease_detection/install.log', '--single-version-externally-managed', 'install_data'], 'cwd': '/home/nathan/ros2_ws/src/rdj2025_potato_disease_detection', 'env': {'LESSOPEN': '| /usr/bin/lesspipe %s', 'USER': 'nathan', 'LC_TIME': 'sw_KE', 'XDG_SESSION_TYPE': 'wayland', 'SHLVL': '1', 'LD_LIBRARY_PATH': '/home/nathan/ros2_ws/install/diffdrive_arduino/lib:/usr/lib/x86_64-linux-gnu/gazebo-11/plugins:/opt/ros/humble/opt/rviz_ogre_vendor/lib:/opt/ros/humble/lib/x86_64-linux-gnu:/opt/ros/humble/lib', 'HOME': '/home/nathan', 'DESKTOP_SESSION': 'ubuntu', 'ROS_PYTHON_VERSION': '3', 'GNOME_SHELL_SESSION_MODE': 'ubuntu', 'GTK_MODULES': 'gail:atk-bridge', 'LC_MONETARY': 'sw_KE', 'SYSTEMD_EXEC_PID': '2216', 'DBUS_SESSION_BUS_ADDRESS': 'unix:path=/run/user/1000/bus', 'COLORTERM': 'truecolor', 'IM_CONFIG_PHASE': '1', 'WAYLAND_DISPLAY': 'wayland-0', 'COLCON_PREFIX_PATH': '/home/nathan/ros2_ws/install', 'ROS_DISTRO': 'humble', 'LOGNAME': 'nathan', '_': '/usr/bin/colcon', 'ROS_VERSION': '2', 'XDG_SESSION_CLASS': 'user', 'USERNAME': 'nathan', 'TERM': 'xterm-256color', 'GNOME_DESKTOP_SESSION_ID': 'this-is-deprecated', 'ROS_LOCALHOST_ONLY': '0', 'PATH': '/opt/ros/humble/bin:/home/nathan/.local/bin:/usr/local/sbin:/usr/local/bin:/usr/sbin:/usr/bin:/sbin:/bin:/usr/games:/usr/local/games:/snap/bin:/snap/bin', 'SESSION_MANAGER': 'local/nathan:@/tmp/.ICE-unix/1608,unix/nathan:/tmp/.ICE-unix/1608', 'XDG_MENU_PREFIX': 'gnome-', 'LC_ADDRESS': 'sw_KE', 'GNOME_TERMINAL_SCREEN': '/org/gnome/Terminal/screen/f43f43bd_8ad9_43d2_9f03_8bc19e6f4d4f', 'GNOME_SETUP_DISPLAY': ':1', 'XDG_RUNTIME_DIR': '/run/user/1000', 'DISPLAY': ':0', 'LANG': 'en_US.UTF-8', 'XDG_CURRENT_DESKTOP': 'ubuntu:GNOME', 'LC_TELEPHONE': 'sw_KE', 'XMODIFIERS': '@im=ibus', 'XDG_SESSION_DESKTOP': 'ubuntu', 'XAUTHORITY': '/run/user/1000/.mutter-Xwaylandauth.7M6OD3', 'LS_COLORS': 'rs=0:di=01;34:ln=01;36:mh=00:pi=40;33:so=01;35:do=01;35:bd=40;33;01:cd=40;33;01:or=40;31;01:mi=00:su=37;41:sg=30;43:ca=30;41:tw=30;42:ow=34;42:st=37;44:ex=01;32:*.tar=01;31:*.tgz=01;31:*.arc=01;31:*.arj=01;31:*.taz=01;31:*.lha=01;31:*.lz4=01;31:*.lzh=01;31:*.lzma=01;31:*.tlz=01;31:*.txz=01;31:*.tzo=01;31:*.t7z=01;31:*.zip=01;31:*.z=01;31:*.dz=01;31:*.gz=01;31:*.lrz=01;31:*.lz=01;31:*.lzo=01;31:*.xz=01;31:*.zst=01;31:*.tzst=01;31:*.bz2=01;31:*.bz=01;31:*.tbz=01;31:*.tbz2=01;31:*.tz=01;31:*.deb=01;31:*.rpm=01;31:*.jar=01;31:*.war=01;31:*.ear=01;31:*.sar=01;31:*.rar=01;31:*.alz=01;31:*.ace=01;31:*.zoo=01;31:*.cpio=01;31:*.7z=01;31:*.rz=01;31:*.cab=01;31:*.wim=01;31:*.swm=01;31:*.dwm=01;31:*.esd=01;31:*.jpg=01;35:*.jpeg=01;35:*.mjpg=01;35:*.mjpeg=01;35:*.gif=01;35:*.bmp=01;35:*.pbm=01;35:*.pgm=01;35:*.ppm=01;35:*.tga=01;35:*.xbm=01;35:*.xpm=01;35:*.tif=01;35:*.tiff=01;35:*.png=01;35:*.svg=01;35:*.svgz=01;35:*.mng=01;35:*.pcx=01;35:*.mov=01;35:*.mpg=01;35:*.mpeg=01;35:*.m2v=01;35:*.mkv=01;35:*.webm=01;35:*.webp=01;35:*.ogm=01;35:*.mp4=01;35:*.m4v=01;35:*.mp4v=01;35:*.vob=01;35:*.qt=01;35:*.nuv=01;35:*.wmv=01;35:*.asf=01;35:*.rm=01;35:*.rmvb=01;35:*.flc=01;35:*.avi=01;35:*.fli=01;35:*.flv=01;35:*.gl=01;35:*.dl=01;35:*.xcf=01;35:*.xwd=01;35:*.yuv=01;35:*.cgm=01;35:*.emf=01;35:*.ogv=01;35:*.ogx=01;35:*.aac=00;36:*.au=00;36:*.flac=00;36:*.m4a=00;36:*.mid=00;36:*.midi=00;36:*.mka=00;36:*.mp3=00;36:*.mpc=00;36:*.ogg=00;36:*.ra=00;36:*.wav=00;36:*.oga=00;36:*.opus=00;36:*.spx=00;36:*.xspf=00;36:', 'GNOME_TERMINAL_SERVICE': ':1.96', 'SSH_AGENT_LAUNCHER': 'gnome-keyring', 'SSH_AUTH_SOCK': '/run/user/1000/keyring/ssh', 'AMENT_PREFIX_PATH': '/home/nathan/ros2_ws/install/sllidar_ros2:/home/nathan/ros2_ws/install/rdj2025_potato_disease_detection:/home/nathan/ros2_ws/install/ppp_bot:/home/nathan/ros2_ws/install/joy_tester:/home/nathan/ros2_ws/install/dojo:/home/nathan/ros2_ws/install/diffdrive_arduino:/home/nathan/ros2_ws/install/articubot_one:/opt/ros/humble', 'SHELL': '/bin/bash', 'LC_NAME': 'sw_KE', 'QT_ACCESSIBILITY': '1', 'GDMSESSION': 'ubuntu', 'LESSCLOSE': '/usr/bin/lesspipe %s %s', 'LC_MEASUREMENT': 'sw_KE', 'LC_IDENTIFICATION': 'sw_KE', 'QT_IM_MODULE': 'ibus', 'PWD': '/home/nathan/ros2_ws/build/rdj2025_potato_disease_detection', 'XDG_CONFIG_DIRS': '/etc/xdg/xdg-ubuntu:/etc/xdg', 'XDG_DATA_DIRS': '/usr/share/ubuntu:/usr/local/share/:/usr/share/:/var/lib/snapd/desktop', 'PYTHONPATH': '/home/nathan/ros2_ws/build/rdj2025_potato_disease_detection/prefix_override:/usr/lib/python3/dist-packages/colcon_core/task/python/colcon_distutils_commands:/home/nathan/ros2_ws/install/rdj2025_potato_disease_detection/lib/python3.10/site-packages:/home/nathan/ros2_ws/install/rdj2025_potato_disease_detection/lib/python3.10/site-packages:/home/nathan/ros2_ws/install/joy_tester/lib/python3.10/site-packages:/opt/ros/humble/lib/python3.10/site-packages:/opt/ros/humble/local/lib/python3.10/dist-packages', 'LC_NUMERIC': 'sw_KE', 'LC_PAPER': 'sw_KE', 'COLCON': '1', 'VTE_VERSION': '6800', 'CMAKE_PREFIX_PATH': '/home/nathan/ros2_ws/install/sllidar_ros2:/home/nathan/ros2_ws/install/ppp_bot:/home/nathan/ros2_ws/install/dojo:/home/nathan/ros2_ws/install/diffdrive_arduino:/home/nathan/ros2_ws/install/articubot_one'}, 'shell': False}
[8.331860] (-) TimerEvent: {}
[8.432101] (-) TimerEvent: {}
[8.532440] (-) TimerEvent: {}
[8.624849] (rdj2025_potato_disease_detection) StdoutLine: {'line': b'running egg_info\n'}
[8.625936] (rdj2025_potato_disease_detection) StdoutLine: {'line': b'writing ../../build/rdj2025_potato_disease_detection/rdj2025_potato_disease_detection.egg-info/PKG-INFO\n'}
[8.627179] (joy_tester) StdoutLine: {'line': b'running egg_info\n'}
[8.627988] (joy_tester) StdoutLine: {'line': b'writing ../../build/joy_tester/joy_tester.egg-info/PKG-INFO\n'}
[8.632543] (-) TimerEvent: {}
[8.635226] (rdj2025_potato_disease_detection) StdoutLine: {'line': b'writing dependency_links to ../../build/rdj2025_potato_disease_detection/rdj2025_potato_disease_detection.egg-info/dependency_links.txt\n'}
[8.635511] (rdj2025_potato_disease_detection) StdoutLine: {'line': b'writing entry points to ../../build/rdj2025_potato_disease_detection/rdj2025_potato_disease_detection.egg-info/entry_points.txt\n'}
[8.635712] (rdj2025_potato_disease_detection) StdoutLine: {'line': b'writing requirements to ../../build/rdj2025_potato_disease_detection/rdj2025_potato_disease_detection.egg-info/requires.txt\n'}
[8.635947] (rdj2025_potato_disease_detection) StdoutLine: {'line': b'writing top-level names to ../../build/rdj2025_potato_disease_detection/rdj2025_potato_disease_detection.egg-info/top_level.txt\n'}
[8.637956] (rdj2025_potato_disease_detection) StdoutLine: {'line': b"reading manifest file '../../build/rdj2025_potato_disease_detection/rdj2025_potato_disease_detection.egg-info/SOURCES.txt'\n"}
[8.647778] (joy_tester) StdoutLine: {'line': b'writing dependency_links to ../../build/joy_tester/joy_tester.egg-info/dependency_links.txt\n'}
[8.648006] (joy_tester) StdoutLine: {'line': b'writing entry points to ../../build/joy_tester/joy_tester.egg-info/entry_points.txt\n'}
[8.648208] (joy_tester) StdoutLine: {'line': b'writing requirements to ../../build/joy_tester/joy_tester.egg-info/requires.txt\n'}
[8.648410] (joy_tester) StdoutLine: {'line': b'writing top-level names to ../../build/joy_tester/joy_tester.egg-info/top_level.txt\n'}
[8.662370] (rdj2025_potato_disease_detection) StdoutLine: {'line': b"writing manifest file '../../build/rdj2025_potato_disease_detection/rdj2025_potato_disease_detection.egg-info/SOURCES.txt'\n"}
[8.662760] (rdj2025_potato_disease_detection) StdoutLine: {'line': b'running build\n'}
[8.662884] (rdj2025_potato_disease_detection) StdoutLine: {'line': b'running build_py\n'}
[8.690768] (rdj2025_potato_disease_detection) StdoutLine: {'line': b'running install\n'}
[8.691257] (rdj2025_potato_disease_detection) StdoutLine: {'line': b'running install_lib\n'}
[8.693260] (rdj2025_potato_disease_detection) StdoutLine: {'line': b'running install_data\n'}
[8.693564] (rdj2025_potato_disease_detection) StdoutLine: {'line': b'running install_egg_info\n'}
[8.696270] (rdj2025_potato_disease_detection) StdoutLine: {'line': b"removing '/home/nathan/ros2_ws/install/rdj2025_potato_disease_detection/lib/python3.10/site-packages/rdj2025_potato_disease_detection-0.0.0-py3.10.egg-info' (and everything under it)\n"}
[8.696750] (rdj2025_potato_disease_detection) StdoutLine: {'line': b'Copying ../../build/rdj2025_potato_disease_detection/rdj2025_potato_disease_detection.egg-info to /home/nathan/ros2_ws/install/rdj2025_potato_disease_detection/lib/python3.10/site-packages/rdj2025_potato_disease_detection-0.0.0-py3.10.egg-info\n'}
[8.700095] (joy_tester) StdoutLine: {'line': b"reading manifest file '../../build/joy_tester/joy_tester.egg-info/SOURCES.txt'\n"}
[8.714505] (rdj2025_potato_disease_detection) StdoutLine: {'line': b'running install_scripts\n'}
[8.732670] (-) TimerEvent: {}
[8.735943] (joy_tester) StdoutLine: {'line': b"adding license file 'LICENSE'\n"}
[8.736806] (joy_tester) StdoutLine: {'line': b"writing manifest file '../../build/joy_tester/joy_tester.egg-info/SOURCES.txt'\n"}
[8.737018] (joy_tester) StdoutLine: {'line': b'running build\n'}
[8.737226] (joy_tester) StdoutLine: {'line': b'running build_py\n'}
[8.744560] (rdj2025_potato_disease_detection) StdoutLine: {'line': b'Installing potato_disease_detection_node script to /home/nathan/ros2_ws/install/rdj2025_potato_disease_detection/lib/rdj2025_potato_disease_detection\n'}
[8.759465] (joy_tester) StdoutLine: {'line': b'running install\n'}
[8.760094] (joy_tester) StdoutLine: {'line': b'running install_lib\n'}
[8.768268] (rdj2025_potato_disease_detection) StdoutLine: {'line': b'Installing publish_test_image script to /home/nathan/ros2_ws/install/rdj2025_potato_disease_detection/lib/rdj2025_potato_disease_detection\n'}
[8.768760] (rdj2025_potato_disease_detection) StdoutLine: {'line': b"writing list of installed files to '/home/nathan/ros2_ws/build/rdj2025_potato_disease_detection/install.log'\n"}
[8.781734] (joy_tester) StdoutLine: {'line': b'running install_data\n'}
[8.782125] (joy_tester) StdoutLine: {'line': b'running install_egg_info\n'}
[8.784967] (joy_tester) StdoutLine: {'line': b"removing '/home/nathan/ros2_ws/install/joy_tester/lib/python3.10/site-packages/joy_tester-0.0.2-py3.10.egg-info' (and everything under it)\n"}
[8.785483] (joy_tester) StdoutLine: {'line': b'Copying ../../build/joy_tester/joy_tester.egg-info to /home/nathan/ros2_ws/install/joy_tester/lib/python3.10/site-packages/joy_tester-0.0.2-py3.10.egg-info\n'}
[8.790792] (joy_tester) StdoutLine: {'line': b'running install_scripts\n'}
[8.807848] (rdj2025_potato_disease_detection) CommandEnded: {'returncode': 0}
[8.814973] (rdj2025_potato_disease_detection) JobEnded: {'identifier': 'rdj2025_potato_disease_detection', 'rc': 0}
[8.818136] (joy_tester) StdoutLine: {'line': b'Installing test_joy script to /home/nathan/ros2_ws/install/joy_tester/lib/joy_tester\n'}
[8.818785] (joy_tester) StdoutLine: {'line': b"writing list of installed files to '/home/nathan/ros2_ws/build/joy_tester/install.log'\n"}
[8.832817] (-) TimerEvent: {}
[8.861502] (joy_tester) CommandEnded: {'returncode': 0}
[8.868859] (joy_tester) JobEnded: {'identifier': 'joy_tester', 'rc': 0}
[8.869931] (-) EventReactorShutdown: {}
